# master lattice 33^3: u=linspace(-2.0,1.0,33)  w=linspace(0.0,0.4,33)  z=linspace(-2.0,-12.0,33)
# y is the degenerate inclination axis, y == 1.0 everywhere (apex_of_uwyz ignores it and sets x = 1)
# sub-grid shape 15 x 9 x 1 x 9 in (u,w,y,z); rows are in ij order over (iu,iw,iz)
# spin p0 e0 inclination pos Edot_tot Ldot_tot Qdot_tot Edot_hor Edot_inf Ldot_hor Ldot_inf Qdot_hor Qdot_inf elapsed  iu iw iz  u w y z
9.8999999999999999e-01 1.4782116751162881e+00 0.0000000000000000e+00 1.0000000000000000e+00 7.5600000000000000e+02 8.9075662572639464e-02 2.4827483183254995e-01 0.0000000000000000e+00 -8.4396520179235695e-03 9.7515314590562951e-02 -2.3523296094109847e-02 2.7179812792666014e-01 0.0000000000000000e+00 0.0000000000000000e+00 0.0000000000000000e+00 4 0 0 -1.6250000000000000e+00 0.0000000000000000e+00 1.0000000000000000e+00 -2.0000000000000000e+00
9.9943765867480960e-01 1.1703051822331749e+00 0.0000000000000000e+00 1.0000000000000000e+00 7.3000000000000000e+02 7.9212676992113179e-02 1.7945484211104720e-01 0.0000000000000000e+00 -1.0658518395734904e-02 8.9871195387848241e-02 -2.4146674604050303e-02 2.0360151671509755e-01 0.0000000000000000e+00 0.0000000000000000e+00 0.0000000000000000e+00 4 0 4 -1.6250000000000000e+00 0.0000000000000000e+00 1.0000000000000000e+00 -3.2500000000000000e+00
9.9996837722339826e-01 1.0761466695695716e+00 0.0000000000000000e+00 1.0000000000000000e+00 7.7600000000000000e+02 4.8721372193454453e-02 1.0311078974795765e-01 0.0000000000000000e+00 -7.2828705526460334e-03 5.6004242746100483e-02 -1.5413000506918451e-02 1.1852379025487597e-01 0.0000000000000000e+00 0.0000000000000000e+00 0.0000000000000000e+00 4 0 8 -1.6250000000000000e+00 0.0000000000000000e+00 1.0000000000000000e+00 -4.5000000000000000e+00
9.9999822172058994e-01 1.0432708450441162e+00 0.0000000000000000e+00 1.0000000000000000e+00 7.3200000000000000e+02 3.1178634637989082e-02 6.4402638944131688e-02 0.0000000000000000e+00 -4.8170117094921599e-03 3.5995646347481203e-02 -9.9500273029302384e-03 7.4352666247061938e-02 0.0000000000000000e+00 0.0000000000000000e+00 0.0000000000000000e+00 4 0 12 -1.6250000000000000e+00 0.0000000000000000e+00 1.0000000000000000e+00 -5.7500000000000000e+00
9.9999990000000005e-01 1.0311293962945765e+00 0.0000000000000000e+00 1.0000000000000000e+00 7.4200000000000000e+02 2.3478429960600993e-02 4.8061649663665502e-02 0.0000000000000000e+00 -3.6635350394256831e-03 2.7141965000026639e-02 -7.4994596270241106e-03 5.5561109290689650e-02 0.0000000000000000e+00 0.0000000000000000e+00 0.0000000000000000e+00 4 0 16 -1.6250000000000000e+00 0.0000000000000000e+00 1.0000000000000000e+00 -7.0000000000000000e+00
9.9999999437658671e-01 1.0265435573430977e+00 0.0000000000000000e+00 1.0000000000000000e+00 7.5200000000000000e+02 2.0375245578570643e-02 4.1567098057051270e-02 0.0000000000000000e+00 -3.1895024470948697e-03 2.3564748025665536e-02 -6.5068349954532376e-03 4.8073933052504507e-02 0.0000000000000000e+00 0.0000000000000000e+00 0.0000000000000000e+00 4 0 20 -1.6250000000000000e+00 0.0000000000000000e+00 1.0000000000000000e+00 -8.2500000000000000e+00
9.9999999968377229e-01 1.0247962444980552e+00 0.0000000000000000e+00 1.0000000000000000e+00 7.6200000000000000e+02 1.9162962181745482e-02 3.9043078915633841e-02 0.0000000000000000e+00 -3.0031852909206667e-03 2.2166147472666153e-02 -6.1187617655156278e-03 4.5161840681149451e-02 0.0000000000000000e+00 0.0000000000000000e+00 0.0000000000000000e+00 4 0 24 -1.6250000000000000e+00 0.0000000000000000e+00 1.0000000000000000e+00 -9.5000000000000000e+00
9.9999999998221722e-01 1.0241282231884490e+00 0.0000000000000000e+00 1.0000000000000000e+00 7.3600000000000000e+02 1.8694999809514740e-02 3.8070680428153099e-02 0.0000000000000000e+00 -2.9311189936465391e-03 2.1626118803161284e-02 -5.9689593817066440e-03 4.4039639809859685e-02 0.0000000000000000e+00 0.0000000000000000e+00 0.0000000000000000e+00 4 0 28 -1.6250000000000000e+00 0.0000000000000000e+00 1.0000000000000000e+00 -1.0750000000000000e+01
9.9999999999900002e-01 1.0238724878578676e+00 0.0000000000000000e+00 1.0000000000000000e+00 7.5500000000000000e+02 1.8515186199960530e-02 3.7697319029016345e-02 0.0000000000000000e+00 -2.9034080016478946e-03 2.1418594201608406e-02 -5.9114014046346801e-03 4.3608720433650973e-02 0.0000000000000000e+00 0.0000000000000000e+00 0.0000000000000000e+00 4 0 32 -1.6250000000000000e+00 0.0000000000000000e+00 1.0000000000000000e+00 -1.2000000000000000e+01
9.8999999999999999e-01 1.5058746787877642e+00 5.0000000000000003e-02 1.0000000000000000e+00 8.3700000000000000e+02 8.7417979203119930e-02 2.4579049890264662e-01 -5.8232071966503522e-17 -8.2176267683293520e-03 9.5635605971449419e-02 -2.3101326255325759e-02 2.6889182515797083e-01 5.4740390675851833e-18 -6.3706111034088303e-17 3.3286922054830939e+02 4 4 0 -1.6250000000000000e+00 5.0000000000000003e-02 1.0000000000000000e+00 -2.0000000000000000e+00
9.9943765867480960e-01 1.1968097589805746e+00 5.0000000000000003e-02 1.0000000000000000e+00 8.1100000000000000e+02 8.0119944396603193e-02 1.8355374665438373e-01 -3.5420058738333838e-16 -1.0645309833355598e-02 9.0765254229957987e-02 -2.4393330108184539e-02 2.0794707676256685e-01 4.7072872618021080e-17 -4.0127346000135593e-16 1.0677012605536729e+03 4 4 4 -1.6250000000000000e+00 5.0000000000000003e-02 1.0000000000000000e+00 -3.2500000000000000e+00
9.9996837722339826e-01 1.1080299249763090e+00 5.0000000000000003e-02 1.0000000000000000e+00 8.2100000000000000e+02 5.2407135820211018e-02 1.1263610693065079e-01 1.5996136462390230e-16 -7.6645962350940788e-03 6.0071732055304576e-02 -1.6478178924970555e-02 1.2911428585562040e-01 -2.3400100375190156e-17 1.8336146499909155e-16 2.7672243328811601e+03 4 4 8 -1.6250000000000000e+00 5.0000000000000003e-02 1.0000000000000000e+00 -4.5000000000000000e+00
9.9999822172058994e-01 1.0825014508785353e+00 5.0000000000000003e-02 1.0000000000000000e+00 8.3100000000000000e+02 3.7842969112223873e-02 7.9770179199329147e-02 5.2230730101655308e-17 -5.6702088591762045e-03 4.3513177971399343e-02 -1.1956342974632829e-02 9.1726522173959379e-02 -7.8277614762572485e-18 6.0058491577912058e-17 4.8905175965484232e+03 4 4 12 -1.6250000000000000e+00 5.0000000000000003e-02 1.0000000000000000e+00 -5.7500000000000000e+00
9.9999990000000005e-01 1.0758481982871733e+00 5.0000000000000003e-02 1.0000000000000000e+00 8.4100000000000000e+02 3.2943594644531116e-02 6.9066755059054963e-02 1.1396024441621247e-16 -4.9607774857948622e-03 3.7904372130324306e-02 -1.0403858790356291e-02 7.9470613849406943e-02 -1.7165265919665376e-17 1.3112551033587757e-16 6.7905354469241574e+03 4 4 16 -1.6250000000000000e+00 5.0000000000000003e-02 1.0000000000000000e+00 -7.0000000000000000e+00
9.9999999437658671e-01 1.0742230257886685e+00 5.0000000000000003e-02 1.0000000000000000e+00 8.1500000000000000e+02 3.1628228569288375e-02 6.6216913663524737e-02 7.0228775171462254e-18 -4.7675642968659036e-03 3.6395792866152854e-02 -9.9847650292248548e-03 7.6201678692746230e-02 -1.0586119307522740e-18 8.0814894478981834e-18 8.1442292469721287e+03 4 4 20 -1.6250000000000000e+00 5.0000000000000003e-02 1.0000000000000000e+00 -8.2500000000000000e+00
9.9999999968377229e-01 1.0738346886048520e+00 5.0000000000000003e-02 1.0000000000000000e+00 8.2500000000000000e+02 3.1305265426823312e-02 6.5518604954469456e-02 9.4239481807898455e-17 -4.7199568881331252e-03 3.6025222314955786e-02 -9.8817222835914792e-03 7.5400327238059173e-02 -1.4213139685122064e-17 1.0845262149301988e-16 9.2798770354203880e+03 4 4 24 -1.6250000000000000e+00 5.0000000000000003e-02 1.0000000000000000e+00 -9.5000000000000000e+00
9.9999999998221722e-01 1.0737424293378135e+00 5.0000000000000003e-02 1.0000000000000000e+00 8.3500000000000000e+02 3.1227993516667413e-02 6.5351610038160660e-02 1.1737369438934284e-16 -4.7085594836612536e-03 3.5936553000327366e-02 -9.8570660588053558e-03 7.5208676096963953e-02 -1.7705042466211988e-17 1.3507873685554837e-16 9.7193990728519857e+03 4 4 28 -1.6250000000000000e+00 5.0000000000000003e-02 1.0000000000000000e+00 -1.0750000000000000e+01
9.9999999999900002e-01 1.0737205407999442e+00 5.0000000000000003e-02 1.0000000000000000e+00 8.4500000000000000e+02 3.1209656946441480e-02 6.5311985696565739e-02 7.1868568136491037e-17 -4.7058504747368316e-03 3.5915507421177641e-02 -9.8512063207205139e-03 7.5163192017284372e-02 -1.0839446281076387e-17 8.2708014417564548e-17 9.8532196785137057e+03 4 4 32 -1.6250000000000000e+00 5.0000000000000003e-02 1.0000000000000000e+00 -1.2000000000000000e+01
9.8999999999999999e-01 1.5393453000363944e+00 1.0000000000000001e-01 1.0000000000000000e+00 8.9100000000000000e+02 8.6640428690352739e-02 2.4405803421543523e-01 3.0239022946668445e-16 -8.0259432429772640e-03 9.4666371933329774e-02 -2.2591648759760132e-02 2.6664968297519276e-01 -2.7986006478111362e-17 3.3037623594479272e-16 4.1482998740859330e+02 4 8 0 -1.6250000000000000e+00 1.0000000000000001e-01 1.0000000000000000e+00 -2.0000000000000000e+00
9.9943765867480960e-01 1.2332564727828095e+00 1.0000000000000001e-01 1.0000000000000000e+00 9.1000000000000000e+02 7.9024381135755453e-02 1.8265871926894478e-01 -2.2580336144837473e-16 -1.0218342106420301e-02 8.9242723242175137e-02 -2.3632703049935505e-02 2.0629142231887898e-01 2.9216157536191544e-17 -2.5501951898456058e-16 1.6250284649487585e+03 4 8 4 -1.6250000000000000e+00 1.0000000000000001e-01 1.0000000000000000e+00 -3.2500000000000000e+00
9.9996837722339826e-01 1.1516880024396423e+00 1.0000000000000001e-01 1.0000000000000000e+00 9.1100000000000000e+02 5.2405956735424308e-02 1.1431110191974565e-01 1.0574714094974824e-16 -7.3797812894324816e-03 5.9785738024855005e-02 -1.6112038743204722e-02 1.3042314066294619e-01 -1.4910985180249641e-17 1.2065812612999356e-16 3.6822754120901227e+03 4 8 8 -1.6250000000000000e+00 1.0000000000000001e-01 1.0000000000000000e+00 -4.5000000000000000e+00
9.9999822172058994e-01 1.1305282382970696e+00 1.0000000000000001e-01 1.0000000000000000e+00 9.2100000000000000e+02 3.9312289472509435e-02 8.4333449879359271e-02 -1.7852879381965243e-16 -5.6411060298519151e-03 4.4953395502359210e-02 -1.2113479861004743e-02 9.6446929740359316e-02 2.5644751340303047e-17 -2.0417354515994589e-16 8.0511987287206575e+03 4 8 12 -1.6250000000000000e+00 1.0000000000000001e-01 1.0000000000000000e+00 -5.7500000000000000e+00
9.9999990000000005e-01 1.1253414882873409e+00 1.0000000000000001e-01 1.0000000000000000e+00 8.9500000000000000e+02 3.5138853691952111e-02 7.5030461992986963e-02 2.3407178656643874e-17 -5.0599107996943593e-03 4.0198764491642745e-02 -1.0815175674759366e-02 8.5845637667738658e-02 -3.3705776834222366e-18 2.6777756340064137e-17 1.0030706953462213e+04 4 8 16 -1.6250000000000000e+00 1.0000000000000001e-01 1.0000000000000000e+00 -7.0000000000000000e+00
9.9999999437658671e-01 1.1241004257802862e+00 1.0000000000000001e-01 1.0000000000000000e+00 9.0500000000000000e+02 3.4045620077733117e-02 7.2608977361883043e-02 5.6930080509730861e-17 -4.9059025480097888e-03 3.8951522625739581e-02 -1.0473469566193310e-02 8.3082446928068501e-02 -8.2129804550053635e-18 6.5143060964731528e-17 1.2349639857884496e+04 4 8 20 -1.6250000000000000e+00 1.0000000000000001e-01 1.0000000000000000e+00 -8.2500000000000000e+00
9.9999999968377229e-01 1.1238054744485346e+00 1.0000000000000001e-01 1.0000000000000000e+00 9.1500000000000000e+02 3.3779242153893323e-02 7.2019843139072809e-02 -6.4957091125434789e-17 -4.8682662420455498e-03 3.8647508395935164e-02 -1.0390097271091612e-02 8.2409940410158089e-02 9.3733807096912256e-18 -7.4330471835118662e-17 1.3391978463131003e+04 4 8 24 -1.6250000000000000e+00 1.0000000000000001e-01 1.0000000000000000e+00 -9.5000000000000000e+00
9.9999999998221722e-01 1.1237354936337107e+00 1.0000000000000001e-01 1.0000000000000000e+00 9.2500000000000000e+02 3.3715655469007025e-02 7.1879261602487893e-02 -8.8276034070559632e-17 -4.8592829246493678e-03 3.8574938393653987e-02 -1.0370204839742716e-02 8.2249466442225722e-02 1.2736910662571744e-17 -1.0101294473312403e-16 1.3773113793911412e+04 4 8 28 -1.6250000000000000e+00 1.0000000000000001e-01 1.0000000000000000e+00 -1.0750000000000000e+01
9.9999999999900002e-01 1.1237188967852061e+00 1.0000000000000001e-01 1.0000000000000000e+00 9.3500000000000000e+02 3.3700554609789289e-02 7.1845878510824343e-02 6.2825021796452736e-17 -4.8571442130611216e-03 3.8557698822846896e-02 -1.0365469378795003e-02 8.2211347889611361e-02 -9.0617949949372247e-18 7.1886816791384320e-17 1.2973625232217833e+04 4 8 32 -1.6250000000000000e+00 1.0000000000000001e-01 1.0000000000000000e+00 -1.2000000000000000e+01
9.8999999999999999e-01 1.5772983821063158e+00 1.5000000000000002e-01 1.0000000000000000e+00 9.9000000000000000e+02 8.6263578742393363e-02 2.4258178565086577e-01 -3.4593733282936875e-16 -7.8354678915279283e-03 9.4099046633921365e-02 -2.1996252506542902e-02 2.6457803815740377e-01 3.1380039477741365e-17 -3.7731737230710997e-16 5.8126617346331477e+02 4 12 0 -1.6250000000000000e+00 1.5000000000000002e-01 1.0000000000000000e+00 -2.0000000000000000e+00
9.9943765867480960e-01 1.2750244526615964e+00 1.5000000000000002e-01 1.0000000000000000e+00 9.9100000000000000e+02 7.7529110466272186e-02 1.8041330505511391e-01 -4.4628777112283021e-16 -9.6817815156666175e-03 8.7210891981937058e-02 -2.2547579027699896e-02 2.0296088408281016e-01 5.5779244623423890e-17 -5.0206701574625486e-16 2.0535782962972298e+03 4 12 4 -1.6250000000000000e+00 1.5000000000000002e-01 1.0000000000000000e+00 -3.2500000000000000e+00
9.9996837722339826e-01 1.1986347510077622e+00 1.5000000000000002e-01 1.0000000000000000e+00 1.0010000000000000e+03 5.1636933709702133e-02 1.1392584331961321e-01 -8.7355559157073294e-17 -6.9620823598739836e-03 5.8599016069574864e-02 -1.5382145549217869e-02 1.2930798886882314e-01 1.1792460121180084e-17 -9.9148019278251750e-17 4.9052609264804050e+03 4 12 8 -1.6250000000000000e+00 1.5000000000000002e-01 1.0000000000000000e+00 -4.5000000000000000e+00
9.9999822172058994e-01 1.1796943978542305e+00 1.5000000000000002e-01 1.0000000000000000e+00 9.7500000000000000e+02 3.9457365079391321e-02 8.5731876587517880e-02 -5.8622612584556363e-17 -5.4044853835251714e-03 4.4861850462913432e-02 -1.1761080503067393e-02 9.7492957090580507e-02 8.0458642515640822e-18 -6.6668476836115059e-17 9.6921608181875199e+03 4 12 12 -1.6250000000000000e+00 1.5000000000000002e-01 1.0000000000000000e+00 -5.7500000000000000e+00
9.9999990000000005e-01 1.1751363599628784e+00 1.5000000000000002e-01 1.0000000000000000e+00 9.8500000000000000e+02 3.5666906123855306e-02 7.7157107094299585e-02 4.4770345210138479e-17 -4.8991380160283062e-03 4.0566044139879166e-02 -1.0615114009501348e-02 8.7772221103789197e-02 -6.1646336901690145e-18 5.0934978900301773e-17 1.3667780880759470e+04 4 12 16 -1.6250000000000000e+00 1.5000000000000002e-01 1.0000000000000000e+00 -7.0000000000000000e+00
9.9999999437658671e-01 1.1740513465154911e+00 1.5000000000000002e-01 1.0000000000000000e+00 9.9500000000000000e+02 3.4683530329418670e-02 7.4944249226826312e-02 -1.2418805426622060e-16 -4.7667971902399641e-03 3.9450327519653737e-02 -1.0316711613218331e-02 8.5260960840033928e-02 1.7093832678842114e-17 -1.4128188694504094e-16 1.5556433204098605e+04 4 12 20 -1.6250000000000000e+00 1.5000000000000002e-01 1.0000000000000000e+00 -8.2500000000000000e+00
9.9999999968377229e-01 1.1737938111466142e+00 1.5000000000000002e-01 1.0000000000000000e+00 1.0050000000000000e+03 3.4444630876212030e-02 7.4407319266424493e-02 -1.3982219493505076e-16 -4.7345632414820564e-03 3.9179194117689671e-02 -1.0244133472925488e-02 8.4651452739337094e-02 1.9248520782808219e-17 -1.5907071571783639e-16 1.5584240597413853e+04 4 12 24 -1.6250000000000000e+00 1.5000000000000002e-01 1.0000000000000000e+00 -9.5000000000000000e+00
9.9999999998221722e-01 1.1737327263415920e+00 1.5000000000000002e-01 1.0000000000000000e+00 9.7900000000000000e+02 3.4387632031781322e-02 7.4279250562241536e-02 5.8337639212076652e-17 -4.7268722285525042e-03 3.9114504260328642e-02 -1.0226822082687421e-02 8.4506072644917024e-02 -8.0336661994351782e-18 6.6371305411501359e-17 1.6492259692328982e+04 4 12 28 -1.6250000000000000e+00 1.5000000000000002e-01 1.0000000000000000e+00 -1.0750000000000000e+01
9.9999999999900002e-01 1.1737182404095907e+00 1.5000000000000002e-01 1.0000000000000000e+00 9.8900000000000000e+02 3.4374102408606347e-02 7.4248855778666759e-02 -4.0605699683990123e-17 -4.7250477046645936e-03 3.9099150113266271e-02 -1.0222713497626681e-02 8.4471569276282521e-02 5.5889681105190349e-18 -4.6194667794503903e-17 1.5915118413741700e+04 4 12 32 -1.6250000000000000e+00 1.5000000000000002e-01 1.0000000000000000e+00 -1.2000000000000000e+01
9.8999999999999999e-01 1.6187039675174233e+00 2.0000000000000001e-01 1.0000000000000000e+00 1.0530000000000000e+03 8.6167050279169807e-02 2.4130256248601731e-01 -4.7840053563567087e-16 -7.6477145401061437e-03 9.3814764819275212e-02 -2.1352015428183543e-02 2.6265457791419733e-01 4.2316597040130570e-17 -5.2071713267579285e-16 5.8864299627579749e+02 4 16 0 -1.6250000000000000e+00 2.0000000000000001e-01 1.0000000000000000e+00 -2.0000000000000000e+00
9.9943765867480960e-01 1.3198099438213424e+00 2.0000000000000001e-01 1.0000000000000000e+00 1.0540000000000000e+03 7.6167854910572735e-02 1.7802508642786918e-01 2.5408972114732552e-16 -9.1517513042242548e-03 8.5319606214796742e-02 -2.1403071538675954e-02 1.9942815796654118e-01 -3.0546716386642774e-17 2.8463643753396611e-16 1.9540482839168981e+03 4 16 4 -1.6250000000000000e+00 2.0000000000000001e-01 1.0000000000000000e+00 -3.2500000000000000e+00
9.9996837722339826e-01 1.2469145587839414e+00 2.0000000000000001e-01 1.0000000000000000e+00 1.0550000000000000e+03 5.0827501227674460e-02 1.1303811048129227e-01 -2.0079602066632466e-16 -6.5483192217368888e-03 5.7375820449411037e-02 -1.4585611448466308e-02 1.2762372192975308e-01 2.5909250653317719e-17 -2.2670527131963261e-16 5.7168551812572405e+03 4 16 8 -1.6250000000000000e+00 2.0000000000000001e-01 1.0000000000000000e+00 -4.5000000000000000e+00
9.9999822172058994e-01 1.2292466153494126e+00 2.0000000000000001e-01 1.0000000000000000e+00 1.0650000000000000e+03 3.9265335608611771e-02 8.6067450814096683e-02 1.1466487867752381e-16 -5.1291092154356075e-03 4.4394444824042784e-02 -1.1262518070593617e-02 9.7329968884681053e-02 -1.5004688252675101e-17 1.2966956693018605e-16 1.2748589868540876e+04 4 16 12 -1.6250000000000000e+00 2.0000000000000001e-01 1.0000000000000000e+00 -5.7500000000000000e+00
9.9999990000000005e-01 1.2250276739431687e+00 2.0000000000000001e-01 1.0000000000000000e+00 1.0750000000000000e+03 3.5714022983861338e-02 7.7951331266384927e-02 6.7786229910743619e-17 -4.6767031726597415e-03 4.0390726156515802e-02 -1.0226270519436401e-02 8.8177601785808482e-02 -8.8889380086840294e-18 7.6675167919416318e-17 1.6820401088572107e+04 4 16 16 -1.6250000000000000e+00 2.0000000000000001e-01 1.0000000000000000e+00 -7.0000000000000000e+00
9.9999999437658671e-01 1.2240254285296919e+00 2.0000000000000001e-01 1.0000000000000000e+00 1.0850000000000000e+03 3.4797563227390423e-02 7.5866564537295789e-02 1.0107456809821457e-16 -4.5588188886289049e-03 3.9356382116013500e-02 -9.9575530624484206e-03 8.5824117599731992e-02 -1.3266125614629329e-17 1.1434069371282939e-16 2.0161507229644805e+04 4 16 20 -1.6250000000000000e+00 2.0000000000000001e-01 1.0000000000000000e+00 -8.2500000000000000e+00
9.9999999968377229e-01 1.2237876568573285e+00 2.0000000000000001e-01 1.0000000000000000e+00 1.0590000000000000e+03 3.4575131070520730e-02 7.5361074717325074e-02 -5.0200560186999248e-17 -4.5302590519936160e-03 3.9105390122508563e-02 -9.8925629545932332e-03 8.5253637671904275e-02 6.5897706988462547e-18 -5.6790330885838149e-17 1.9262613438427448e+04 4 16 24 -1.6250000000000000e+00 2.0000000000000001e-01 1.0000000000000000e+00 -9.5000000000000000e+00
9.9999999998221722e-01 1.2237312666766640e+00 2.0000000000000001e-01 1.0000000000000000e+00 1.0690000000000000e+03 3.4522118615332366e-02 7.5240623887976588e-02 9.8864773405821290e-17 -4.5234261153353659e-03 3.9045544730660783e-02 -9.8770249531444174e-03 8.5117648841107160e-02 -1.2974505247153314e-17 1.1183927865296120e-16 1.9513633042416535e+04 4 16 28 -1.6250000000000000e+00 2.0000000000000001e-01 1.0000000000000000e+00 -1.0750000000000000e+01
9.9999999999900002e-01 1.2237178940800983e+00 2.0000000000000001e-01 1.0000000000000000e+00 1.0790000000000000e+03 3.4509547233397789e-02 7.5212081032673447e-02 -9.8827501655607874e-17 -4.5217768948852986e-03 3.9031324128276541e-02 -9.8732544573082691e-03 8.5085335489968675e-02 1.2969586754855084e-17 -1.1179708841044926e-16 2.2004128177230246e+04 4 16 32 -1.6250000000000000e+00 2.0000000000000001e-01 1.0000000000000000e+00 -1.2000000000000000e+01
9.8999999999999999e-01 1.6627823949698188e+00 2.5000000000000000e-01 1.0000000000000000e+00 1.1340000000000000e+03 8.6287297959061676e-02 2.4020338705574323e-01 4.4584655842894087e-16 -7.4646792250438821e-03 9.3751977184104426e-02 -2.0687270911344913e-02 2.6089065796708405e-01 -3.8405466921309908e-17 4.8425202535024543e-16 6.5982127877976745e+02 4 20 0 -1.6250000000000000e+00 2.5000000000000000e-01 1.0000000000000000e+00 -2.0000000000000000e+00
9.9943765867480960e-01 1.3664337823830426e+00 2.5000000000000000e-01 1.0000000000000000e+00 1.1350000000000000e+03 7.5099561774371076e-02 1.7590615782987951e-01 -2.2293786337379452e-16 -8.6681731283241199e-03 8.3767734902694249e-02 -2.0303747634489066e-02 1.9620990546436448e-01 2.5732234798793562e-17 -2.4867009817258482e-16 2.1824741128915921e+03 4 20 4 -1.6250000000000000e+00 2.5000000000000000e-01 1.0000000000000000e+00 -3.2500000000000000e+00
9.9996837722339826e-01 1.2958691826424928e+00 2.5000000000000000e-01 1.0000000000000000e+00 1.1450000000000000e+03 5.0172438767957184e-02 1.1213985967549975e-01 9.3697708306187032e-17 -6.1748726093281666e-03 5.6347311377283715e-02 -1.3818144493375307e-02 1.2595800416886849e-01 -1.1553980863967937e-17 1.0525168917015282e-16 6.1643124574711546e+03 4 20 8 -1.6250000000000000e+00 2.5000000000000000e-01 1.0000000000000000e+00 -4.5000000000000000e+00
9.9999822172058994e-01 1.2789805809700538e+00 2.5000000000000000e-01 1.0000000000000000e+00 1.1550000000000000e+03 3.9032529786528741e-02 8.6035022349812154e-02 -1.8749675100173833e-16 -4.8643149274711067e-03 4.3896844713995846e-02 -1.0737922553196890e-02 9.6772944902997357e-02 2.3394761713527567e-17 -2.1089151271524443e-16 1.5800178936461918e+04 4 20 12 -1.6250000000000000e+00 2.5000000000000000e-01 1.0000000000000000e+00 -5.7500000000000000e+00
9.9999990000000005e-01 1.2749634881792580e+00 2.5000000000000000e-01 1.0000000000000000e+00 1.1650000000000000e+03 3.5637076100203842e-02 7.8225415699011910e-02 -7.2565107210486502e-17 -4.4510016101752224e-03 4.0088077710372434e-02 -9.7857545305136545e-03 8.8011170229511757e-02 9.0839604155196011e-18 -8.1649067625995003e-17 2.1532894978888333e+04 4 20 16 -1.6250000000000000e+00 2.5000000000000000e-01 1.0000000000000000e+00 -7.0000000000000000e+00
9.9999999437658671e-01 1.2740101447288064e+00 2.5000000000000000e-01 1.0000000000000000e+00 1.1390000000000000e+03 3.4763279271097826e-02 7.6223934108449687e-02 -1.1075679473294027e-16 -4.3438466868605200e-03 3.9107125957951641e-02 -9.5401050373428616e-03 8.5764039145776585e-02 1.3863774256282819e-17 -1.2462056898920335e-16 2.4784865633443929e+04 4 20 20 -1.6250000000000000e+00 2.5000000000000000e-01 1.0000000000000000e+00 -8.2500000000000000e+00
9.9999999968377229e-01 1.2737840289273601e+00 2.5000000000000000e-01 1.0000000000000000e+00 1.1490000000000000e+03 3.4551543226444451e-02 7.5739437677777230e-02 -6.1071716286231517e-17 -4.3177549532474576e-03 3.8869298179685548e-02 -9.4803094673305919e-03 8.5219747145091548e-02 7.6490552729315389e-18 -6.8720771559151477e-17 2.6733812052260153e+04 4 20 24 -1.6250000000000000e+00 2.5000000000000000e-01 1.0000000000000000e+00 -9.5000000000000000e+00
9.9999999998221722e-01 1.2737304060249957e+00 2.5000000000000000e-01 1.0000000000000000e+00 1.1590000000000000e+03 3.4501057762706525e-02 7.5623897807159043e-02 -1.3286469706120507e-16 -4.3115288194194110e-03 3.8812586582118981e-02 -9.4660828061890918e-03 8.5089980613332200e-02 1.6627951744876796e-17 -1.4949264880605451e-16 2.5285345950254239e+04 4 20 28 -1.6250000000000000e+00 2.5000000000000000e-01 1.0000000000000000e+00 -1.0750000000000000e+01
9.9999999999900002e-01 1.2737176896829616e+00 2.5000000000000000e-01 1.0000000000000000e+00 1.1420000000000000e+03 3.4489113103033008e-02 7.5596585439388547e-02 -1.6020001798252266e-16 -4.3100101803754017e-03 3.8799123283400579e-02 -9.4625908403016112e-03 8.5059176279673368e-02 2.0054157939295940e-17 -1.8025417592179147e-16 2.7365999825326726e+04 4 20 32 -1.6250000000000000e+00 2.5000000000000000e-01 1.0000000000000000e+00 -1.2000000000000000e+01
9.8999999999999999e-01 1.7089489724385734e+00 3.0000000000000004e-01 1.0000000000000000e+00 1.2150000000000000e+03 8.6567844015861845e-02 2.3924722464474851e-01 1.5937066642695877e-16 -7.2849176738185297e-03 9.3852761689680334e-02 -2.0016691353730263e-02 2.5926391599847415e-01 -1.3333794970636076e-17 1.7270446139759576e-16 7.6490842161700130e+02 4 24 0 -1.6250000000000000e+00 3.0000000000000004e-01 1.0000000000000000e+00 -2.0000000000000000e+00
9.9943765867480960e-01 1.4142505979278854e+00 3.0000000000000004e-01 1.0000000000000000e+00 1.2700000000000000e+03 7.4344735739285545e-02 1.7417320470413516e-01 3.7542515331839349e-16 -8.2377131028749575e-03 8.2582448842159747e-02 -1.9282799023318292e-02 1.9345600372745045e-01 -4.1569690933506296e-17 4.1699484425189679e-16 2.7160046766605228e+03 4 24 4 -1.6250000000000000e+00 3.0000000000000004e-01 1.0000000000000000e+00 -3.2500000000000000e+00
9.9996837722339826e-01 1.3452150624285313e+00 3.0000000000000004e-01 1.0000000000000000e+00 1.2260000000000000e+03 4.9713163134009954e-02 1.1139571298993167e-01 1.2101634766009682e-16 -5.8474416872160333e-03 5.5560604821224949e-02 -1.3109680465155881e-02 1.2450539345508234e-01 -1.4240521036835282e-17 1.3525686869692440e-16 7.8293355526756495e+03 4 24 8 -1.6250000000000000e+00 3.0000000000000004e-01 1.0000000000000000e+00 -4.5000000000000000e+00
9.9999822172058994e-01 1.3288160065281953e+00 3.0000000000000004e-01 1.0000000000000000e+00 1.2360000000000000e+03 3.8857610655461498e-02 8.5907705801741008e-02 -1.9075342594763402e-17 -4.6250705858936671e-03 4.3482681241349644e-02 -1.0233926385346382e-02 9.6141632187074458e-02 2.2723881410660912e-18 -2.1347730735826622e-17 1.9457692460150458e+04 4 24 12 -1.6250000000000000e+00 3.0000000000000004e-01 1.0000000000000000e+00 -5.7500000000000000e+00
9.9999990000000005e-01 1.3249238994910766e+00 3.0000000000000004e-01 1.0000000000000000e+00 1.2460000000000000e+03 3.5563120476320709e-02 7.8305478747083226e-02 -1.0272974353143457e-16 -4.2413980622681528e-03 3.9804518538580712e-02 -9.3481686366393979e-03 8.7653647383706540e-02 1.2262111172608915e-17 -1.1499185470402524e-16 2.4905579663974233e+04 4 24 16 -1.6250000000000000e+00 3.0000000000000004e-01 1.0000000000000000e+00 -7.0000000000000000e+00
9.9999999437658671e-01 1.3240007247397294e+00 3.0000000000000004e-01 1.0000000000000000e+00 1.2200000000000000e+03 3.4716762626919848e-02 7.6359938616337303e-02 -9.2485231852587780e-17 -4.1420279135379011e-03 3.8858790540449308e-02 -9.1197418402084278e-03 8.5479680456527943e-02 1.1044662321287345e-17 -1.0352989417385754e-16 2.9320625927076675e+04 4 24 20 -1.6250000000000000e+00 3.0000000000000004e-01 1.0000000000000000e+00 -8.2500000000000000e+00
9.9999999968377229e-01 1.3237817932763043e+00 3.0000000000000004e-01 1.0000000000000000e+00 1.2300000000000000e+03 3.4511571534749909e-02 7.5888525253282282e-02 -1.3328067979100631e-16 -4.1180049776276574e-03 3.8629576512369493e-02 -9.0646816868331405e-03 8.4953206940097656e-02 1.5918107224141526e-17 -1.4919878701512012e-16 2.9881411114582792e+04 4 24 24 -1.6250000000000000e+00 3.0000000000000004e-01 1.0000000000000000e+00 -9.5000000000000000e+00
9.9999999998221722e-01 1.3237298757080189e+00 3.0000000000000004e-01 1.0000000000000000e+00 1.2400000000000000e+03 3.4462713779737641e-02 7.5776307171898594e-02 6.1310588089364956e-18 -4.1122267440629632e-03 3.8574940523792303e-02 -9.0514361946288629e-03 8.4827743366508779e-02 -7.2947071440238749e-19 6.8605295233383221e-18 3.2587898740145378e+04 4 24 28 -1.6250000000000000e+00 3.0000000000000004e-01 1.0000000000000000e+00 -1.0750000000000000e+01
9.9999999999900002e-01 1.3237175637359755e+00 3.0000000000000004e-01 1.0000000000000000e+00 1.2500000000000000e+03 3.4451112475025608e-02 7.5749624361991563e-02 -6.5758753561523304e-17 -4.1108489811799830e-03 3.8561961456197238e-02 -9.0483033610087079e-03 8.4797927722981517e-02 7.8529645109761961e-18 -7.3611718072483435e-17 3.4473938034743071e+04 4 24 32 -1.6250000000000000e+00 3.0000000000000004e-01 1.0000000000000000e+00 -1.2000000000000000e+01
9.8999999999999999e-01 1.7567649394562446e+00 3.5000000000000003e-01 1.0000000000000000e+00 1.3320000000000000e+03 8.6945706478894200e-02 2.3836079905829158e-01 -5.4358237393157686e-16 -7.1041106422518163e-03 9.4049817121145129e-02 -1.9343685108356996e-02 2.5770448416664532e-01 4.4091911212668452e-17 -5.8767428514424397e-16 7.4352800972759724e+02 4 28 0 -1.6250000000000000e+00 3.5000000000000003e-01 1.0000000000000000e+00 -2.0000000000000000e+00
9.9943765867480960e-01 1.4628826994767730e+00 3.5000000000000003e-01 1.0000000000000000e+00 1.3330000000000000e+03 7.3875249781047134e-02 1.7283249782219853e-01 2.7946994413692641e-16 -7.8574221729089191e-03 8.1732671953954991e-02 -1.8349996370091173e-02 1.9118249419228500e-01 -2.9681200772573937e-17 3.0915114490949872e-16 2.8870093570416793e+03 4 28 4 -1.6250000000000000e+00 3.5000000000000003e-01 1.0000000000000000e+00 -3.2500000000000000e+00
9.9996837722339826e-01 1.3948092711987428e+00 3.5000000000000003e-01 1.0000000000000000e+00 1.3250000000000000e+03 4.9443524286604666e-02 1.1085663074431597e-01 1.5300626295025306e-16 -5.5653420609016995e-03 5.5008866347503745e-02 -1.2473124866648429e-02 1.2332975561095981e-01 -1.7213703948821546e-17 1.7021996689906545e-16 8.1234168334743008e+03 4 28 8 -1.6250000000000000e+00 3.5000000000000003e-01 1.0000000000000000e+00 -4.5000000000000000e+00
9.9999822172058994e-01 1.3787143803844761e+00 3.5000000000000003e-01 1.0000000000000000e+00 1.2990000000000000e+03 3.8769142461798932e-02 8.5799649115487708e-02 -3.9937089729236839e-17 -4.4136856823259818e-03 4.3182828144117821e-02 -9.7673581358044253e-03 9.5567007251273997e-02 4.5462973480875170e-18 -4.4483387077317201e-17 2.0885577874514274e+04 4 28 12 -1.6250000000000000e+00 3.5000000000000003e-01 1.0000000000000000e+00 -5.7500000000000000e+00
9.9999990000000005e-01 1.3748994834580226e+00 3.5000000000000003e-01 1.0000000000000000e+00 1.3090000000000000e+03 3.5536841647680811e-02 7.8334549110113061e-02 1.5493164000096432e-16 -4.0526670114241180e-03 3.9589508659095919e-02 -8.9348582710240560e-03 8.7269407381116201e-02 -1.7671242289695029e-17 1.7260288229062400e-16 2.9212996800306253e+04 4 28 16 -1.6250000000000000e+00 3.5000000000000003e-01 1.0000000000000000e+00 -7.0000000000000000e+00
9.9999999437658671e-01 1.3739949167944756e+00 3.5000000000000003e-01 1.0000000000000000e+00 1.3190000000000000e+03 3.4707417853119399e-02 7.6425749369576482e-02 -9.4112957064031213e-17 -3.9611513364124747e-03 3.8668569189523397e-02 -8.7242637077652643e-03 8.5150013077318981e-02 1.0743501845973545e-17 -1.0485645890998467e-16 3.4552747830227949e+04 4 28 20 -1.6250000000000000e+00 3.5000000000000003e-01 1.0000000000000000e+00 -8.2500000000000000e+00
9.9999999968377229e-01 1.3737804149885997e+00 3.5000000000000003e-01 1.0000000000000000e+00 1.3290000000000000e+03 3.4508570493238244e-02 7.5968176447307120e-02 1.5335835345777226e-16 -3.9383061851457277e-03 3.8446876678374368e-02 -8.6717097981974123e-03 8.4639886245482604e-02 -1.7506104479743600e-17 1.7086445793748137e-16 3.6476279785742052e+04 4 28 24 -1.6250000000000000e+00 3.5000000000000003e-01 1.0000000000000000e+00 -9.5000000000000000e+00
9.9999999998221722e-01 1.3737295489410677e+00 3.5000000000000003e-01 1.0000000000000000e+00 1.3030000000000000e+03 3.4460755877762900e-02 7.5858200739809006e-02 5.8183537565080255e-17 -3.9329589764176415e-03 3.8393714854170549e-02 -8.6594627404010145e-03 8.4517663480188895e-02 -6.6416532712717483e-18 6.4825190836332855e-17 3.4310115619159304e+04 4 28 28 -1.6250000000000000e+00 3.5000000000000003e-01 1.0000000000000000e+00 -1.0750000000000000e+01
9.9999999999900002e-01 1.3737174864253645e+00 3.5000000000000003e-01 1.0000000000000000e+00 1.3040000000000000e+03 3.4449444491499802e-02 7.5832199256402860e-02 -1.2397672422291424e-16 -3.9316865690309710e-03 3.8381131060521774e-02 -8.6565319831111744e-03 8.4488731239492298e-02 1.4151846717992915e-17 -1.3812857094087058e-16 3.4575047975450754e+04 4 28 32 -1.6250000000000000e+00 3.5000000000000003e-01 1.0000000000000000e+00 -1.2000000000000000e+01
9.8999999999999999e-01 1.8058989726605508e+00 4.0000000000000002e-01 1.0000000000000000e+00 1.3860000000000000e+03 8.7344064849011499e-02 2.3742207202306564e-01 -1.2483085873763238e-16 -6.9130252565453524e-03 9.4257090105556496e-02 -1.8656196434519934e-02 2.5607826845758408e-01 9.8200154953398453e-18 -1.3465087423297007e-16 9.8280046592559665e+02 4 32 0 -1.6250000000000000e+00 4.0000000000000002e-01 1.0000000000000000e+00 -2.0000000000000000e+00
9.9943765867480960e-01 1.5120958289819957e+00 4.0000000000000002e-01 1.0000000000000000e+00 1.3780000000000000e+03 7.3634449180497732e-02 1.7182212908829647e-01 0.0000000000000000e+00 -7.5271922623808751e-03 8.1161641442876520e-02 -1.7516861288482812e-02 1.8933899037677776e-01 0.0000000000000000e+00 0.0000000000000000e+00 3.0012879269784316e+03 4 32 4 -1.6250000000000000e+00 4.0000000000000002e-01 1.0000000000000000e+00 -3.2500000000000000e+00
9.9996837722339826e-01 1.4445715881567758e+00 4.0000000000000002e-01 1.0000000000000000e+00 1.3880000000000000e+03 4.9335571410771210e-02 1.1051655281304303e-01 9.8158417228193984e-17 -5.3282332373113346e-03 5.4663804648079690e-02 -1.1918127388358037e-02 1.2243468020139443e-01 -1.0585423549576622e-17 1.0874384077776472e-16 9.4932294220048934e+03 4 32 8 -1.6250000000000000e+00 4.0000000000000002e-01 1.0000000000000000e+00 -4.5000000000000000e+00
9.9999822172058994e-01 1.4286547359931348e+00 4.0000000000000002e-01 1.0000000000000000e+00 1.3980000000000000e+03 3.8765748524596216e-02 8.5751271419737818e-02 -2.1440409123675877e-16 -4.2250729726559981e-03 4.2990821497244376e-02 -9.3374177349190724e-03 9.5088689154636724e-02 2.3350682382696316e-17 -2.3775477361941068e-16 2.2849704612022266e+04 4 32 12 -1.6250000000000000e+00 4.0000000000000002e-01 1.0000000000000000e+00 -5.7500000000000000e+00
9.9999990000000005e-01 1.4248851487335124e+00 4.0000000000000002e-01 1.0000000000000000e+00 1.4080000000000000e+03 3.5572785105384738e-02 7.8383529590526843e-02 1.0282068933239819e-16 -3.8866335219702210e-03 3.9459418627345595e-02 -8.5576807197304643e-03 8.6941210310235842e-02 -1.1226946182184539e-17 1.1404763551455899e-16 3.6337729909331538e+04 4 32 16 -1.6250000000000000e+00 4.0000000000000002e-01 1.0000000000000000e+00 -7.0000000000000000e+00
9.9999999437658671e-01 1.4239915066808428e+00 4.0000000000000002e-01 1.0000000000000000e+00 1.3820000000000000e+03 3.4754570438320087e-02 7.6501729157901932e-02 -1.8069036013641879e-16 -3.7978887700988468e-03 3.8552459208408087e-02 -8.3545346488336295e-03 8.4856263806715210e-02 1.9731050010677261e-17 -2.0042141014705758e-16 3.7900961318468675e+04 4 32 20 -1.6250000000000000e+00 4.0000000000000002e-01 1.0000000000000000e+00 -8.2500000000000000e+00
9.9999999968377229e-01 1.4237796056895153e+00 4.0000000000000002e-01 1.0000000000000000e+00 1.3920000000000000e+03 3.4556442263648263e-02 7.6046429542163382e-02 -5.3736210738055998e-17 -3.7761675832855999e-03 3.8332609846922869e-02 -8.3047953208241071e-03 8.4351224862966159e-02 5.8662644233333809e-18 -5.9602475161379391e-17 4.0780262653339654e+04 4 32 24 -1.6250000000000000e+00 4.0000000000000002e-01 1.0000000000000000e+00 -9.5000000000000000e+00
9.9999999998221722e-01 1.4237293568372837e+00 4.0000000000000002e-01 1.0000000000000000e+00 1.4020000000000000e+03 3.4508966969647302e-02 7.5936995742880445e-02 -6.7445600875686691e-17 -3.7711860979215868e-03 3.8280153067557686e-02 -8.2936948805303959e-03 8.4230690623388713e-02 7.3662808124645060e-18 -7.4811881688131543e-17 4.1262086948754266e+04 4 32 28 -1.6250000000000000e+00 4.0000000000000002e-01 1.0000000000000000e+00 -1.0750000000000000e+01
9.9999999999900002e-01 1.4237174411345936e+00 4.0000000000000002e-01 1.0000000000000000e+00 1.3850000000000000e+03 3.4497691454976033e-02 7.5911202269845976e-02 -7.3547097562008953e-17 -3.7699737990825196e-03 3.8267665254046290e-02 -8.2908655105251600e-03 8.4202067780348069e-02 8.0341328986982130e-18 -8.1581230460689862e-17 4.2264407249434851e+04 4 32 32 -1.6250000000000000e+00 4.0000000000000002e-01 1.0000000000000000e+00 -1.2000000000000000e+01
9.8999999999999999e-01 1.4910153507851553e+00 0.0000000000000000e+00 1.0000000000000000e+00 8.1000000000000000e+01 8.7653852311427333e-02 2.4636308983239999e-01 0.0000000000000000e+00 -8.2846775251034649e-03 9.5938529836530756e-02 -2.3285214506007967e-02 2.6964830433840742e-01 0.0000000000000000e+00 0.0000000000000000e+00 0.0000000000000000e+00 6 0 0 -1.4375000000000000e+00 0.0000000000000000e+00 1.0000000000000000e+00 -2.0000000000000000e+00
9.9943765867480960e-01 1.1831088579020421e+00 0.0000000000000000e+00 1.0000000000000000e+00 8.2000000000000000e+01 8.1158223131474846e-02 1.8555324001799919e-01 0.0000000000000000e+00 -1.0897864977765822e-02 9.2056088109240666e-02 -2.4915949091533364e-02 2.1046918910953274e-01 0.0000000000000000e+00 0.0000000000000000e+00 0.0000000000000000e+00 6 0 4 -1.4375000000000000e+00 0.0000000000000000e+00 1.0000000000000000e+00 -3.2500000000000000e+00
9.9996837722339826e-01 1.0889503452384388e+00 0.0000000000000000e+00 1.0000000000000000e+00 8.3000000000000000e+01 5.4180699608960270e-02 1.1574722413865121e-01 0.0000000000000000e+00 -8.0581035013598534e-03 6.2238803110320123e-02 -1.7214674576666068e-02 1.3296189871531702e-01 0.0000000000000000e+00 0.0000000000000000e+00 0.0000000000000000e+00 6 0 8 -1.4375000000000000e+00 0.0000000000000000e+00 1.0000000000000000e+00 -4.5000000000000000e+00
9.9999822172058994e-01 1.0560745207129834e+00 0.0000000000000000e+00 1.0000000000000000e+00 8.4000000000000000e+01 3.8468062855259472e-02 8.0216618265354395e-02 0.0000000000000000e+00 -5.8987352781893938e-03 4.4366798133448862e-02 -1.2300504910769207e-02 9.2517123176123719e-02 0.0000000000000000e+00 0.0000000000000000e+00 0.0000000000000000e+00 6 0 12 -1.4375000000000000e+00 0.0000000000000000e+00 1.0000000000000000e+00 -5.7500000000000000e+00
9.9999990000000005e-01 1.0439330719634436e+00 0.0000000000000000e+00 1.0000000000000000e+00 8.5000000000000000e+01 3.1545098917065910e-02 6.5191671968756360e-02 0.0000000000000000e+00 -4.8819342305170968e-03 3.6427033147582923e-02 -1.0089093578867661e-02 7.5280765547624015e-02 0.0000000000000000e+00 0.0000000000000000e+00 0.0000000000000000e+00 6 0 16 -1.4375000000000000e+00 0.0000000000000000e+00 1.0000000000000000e+00 -7.0000000000000000e+00
9.9999999437658671e-01 1.0393472330119649e+00 0.0000000000000000e+00 1.0000000000000000e+00 8.6000000000000000e+01 2.8750888774617442e-02 5.9215263485308790e-02 0.0000000000000000e+00 -4.4633584764725799e-03 3.3214247251090012e-02 -9.1927227114817021e-03 6.8407986196790491e-02 0.0000000000000000e+00 0.0000000000000000e+00 0.0000000000000000e+00 6 0 20 -1.4375000000000000e+00 0.0000000000000000e+00 1.0000000000000000e+00 -8.2500000000000000e+00
9.9999999968377229e-01 1.0375999201669224e+00 0.0000000000000000e+00 1.0000000000000000e+00 8.7000000000000000e+01 2.7658719847346906e-02 5.6891961038711109e-02 0.0000000000000000e+00 -4.2987350946898425e-03 3.1957454942036702e-02 -8.8421832562252042e-03 6.5734144294936209e-02 0.0000000000000000e+00 0.0000000000000000e+00 0.0000000000000000e+00 6 0 24 -1.4375000000000000e+00 0.0000000000000000e+00 1.0000000000000000e+00 -9.5000000000000000e+00
9.9999999998221722e-01 1.0369318988573162e+00 0.0000000000000000e+00 1.0000000000000000e+00 8.8000000000000000e+01 2.7237048411511370e-02 5.5996817506549029e-02 0.0000000000000000e+00 -4.2350430144188801e-03 3.1472091425930222e-02 -8.7068513161863599e-03 6.4703668822735372e-02 0.0000000000000000e+00 0.0000000000000000e+00 0.0000000000000000e+00 6 0 28 -1.4375000000000000e+00 0.0000000000000000e+00 1.0000000000000000e+00 -1.0750000000000000e+01
9.9999999999900002e-01 1.0366761635267348e+00 0.0000000000000000e+00 1.0000000000000000e+00 8.9000000000000000e+01 2.7075011968092661e-02 5.5653110320393516e-02 0.0000000000000000e+00 -4.2105494452377200e-03 3.1285561413330325e-02 -8.6548502014122709e-03 6.4307960521805665e-02 0.0000000000000000e+00 0.0000000000000000e+00 0.0000000000000000e+00 6 0 32 -1.4375000000000000e+00 0.0000000000000000e+00 1.0000000000000000e+00 -1.2000000000000000e+01
9.8999999999999999e-01 1.5186783544566314e+00 5.0000000000000003e-02 1.0000000000000000e+00 9.0000000000000000e+01 8.5763626563791551e-02 2.4350798196705278e-01 -1.9723518403056835e-16 -8.0341131161742255e-03 9.3797739679965741e-02 -2.2806879253584197e-02 2.6631486122063547e-01 1.8472646500936129e-17 -2.1570783053150340e-16 2.8331024724524468e+02 6 4 0 -1.4375000000000000e+00 5.0000000000000003e-02 1.0000000000000000e+00 -2.0000000000000000e+00
9.9943765867480960e-01 1.2096134346494418e+00 5.0000000000000003e-02 1.0000000000000000e+00 9.1000000000000000e+01 8.2111777309559944e-02 1.9005356732379780e-01 -3.1363506204943224e-16 -1.0873936549512254e-02 9.2985713859071312e-02 -2.5173260861560055e-02 2.1522682818535838e-01 4.1541606283875333e-17 -3.5517666833330680e-16 9.6973104868829250e+02 6 4 4 -1.4375000000000000e+00 5.0000000000000003e-02 1.0000000000000000e+00 -3.2500000000000000e+00
9.9996837722339826e-01 1.1208336006451762e+00 5.0000000000000003e-02 1.0000000000000000e+00 9.2000000000000000e+01 5.8342795883485524e-02 1.2670034649657400e-01 9.7354088207259085e-17 -8.4821041771819886e-03 6.6824900060666187e-02 -1.8425547175791489e-02 1.4512589367236264e-01 -1.4157285500483779e-17 1.1151137370774024e-16 1.9492550906855613e+03 6 4 8 -1.4375000000000000e+00 5.0000000000000003e-02 1.0000000000000000e+00 -4.5000000000000000e+00
9.9999822172058994e-01 1.0953051265474025e+00 5.0000000000000003e-02 1.0000000000000000e+00 9.3000000000000000e+01 4.6050180070510149e-02 9.8097179383006813e-02 8.8936326810889855e-18 -6.8487419616370939e-03 5.2898922032146183e-02 -1.4593994845216072e-02 1.1269117422822311e-01 -1.3216607896316015e-18 1.0215293470720328e-17 3.1079970762860030e+03 6 4 12 -1.4375000000000000e+00 5.0000000000000003e-02 1.0000000000000000e+00 -5.7500000000000000e+00
9.9999990000000005e-01 1.0886518739560405e+00 5.0000000000000003e-02 1.0000000000000000e+00 9.4000000000000000e+01 4.2068917916207413e-02 8.9146328085600246e-02 1.7815015080255816e-16 -6.2867344908644927e-03 4.8355652407070016e-02 -1.3326266676868046e-02 1.0247259476246619e-01 -2.6631230574517282e-17 2.0478138137707217e-16 3.9384261925369501e+03 6 4 16 -1.4375000000000000e+00 5.0000000000000003e-02 1.0000000000000000e+00 -7.0000000000000000e+00
9.9999999437658671e-01 1.0870267014575357e+00 5.0000000000000003e-02 1.0000000000000000e+00 9.5000000000000000e+01 4.1025319027450685e-02 8.6820553652049381e-02 -7.9230410188755748e-17 -6.1371738262500294e-03 4.7162492853699924e-02 -1.2992149497309426e-02 9.9812703149357807e-02 1.1858114863118534e-17 -9.1088525051872645e-17 4.6396720453659073e+03 6 4 20 -1.4375000000000000e+00 5.0000000000000003e-02 1.0000000000000000e+00 -8.2500000000000000e+00
9.9999999968377229e-01 1.0866383642737192e+00 5.0000000000000003e-02 1.0000000000000000e+00 9.6000000000000000e+01 4.0771188040670758e-02 8.6255404470147470e-02 -1.1386878072274513e-16 -6.1006193020068716e-03 4.6871807342675660e-02 -1.2910677937659275e-02 9.9166082407805736e-02 1.7042951115333028e-17 -1.3091173183807520e-16 4.8960361679140478e+03 6 4 24 -1.4375000000000000e+00 5.0000000000000003e-02 1.0000000000000000e+00 -9.5000000000000000e+00
9.9999999998221722e-01 1.0865461050066807e+00 5.0000000000000003e-02 1.0000000000000000e+00 9.7000000000000000e+01 4.0710531872594366e-02 8.6120583418734686e-02 6.7450889718565408e-17 -6.0918867559366773e-03 4.6802418628530525e-02 -1.2891225977859456e-02 9.9011809396592793e-02 -1.0097038129042278e-17 7.7547927847607073e-17 4.6286789393518120e+03 6 4 28 -1.4375000000000000e+00 5.0000000000000003e-02 1.0000000000000000e+00 -1.0750000000000000e+01
9.9999999999900002e-01 1.0865242164688114e+00 5.0000000000000003e-02 1.0000000000000000e+00 9.8000000000000000e+01 4.0696121924538815e-02 8.6088558301414084e-02 2.0855825743448139e-18 -6.0898122207193135e-03 4.6785934145257689e-02 -1.2886605512534699e-02 9.8975163813948205e-02 -3.1396266524197875e-19 2.3995452395867580e-18 4.7665825942531228e+03 6 4 32 -1.4375000000000000e+00 5.0000000000000003e-02 1.0000000000000000e+00 -1.2000000000000000e+01
9.8999999999999999e-01 1.5521489757052616e+00 1.0000000000000001e-01 1.0000000000000000e+00 9.9000000000000000e+01 8.4685209522251712e-02 2.4130431743039113e-01 1.0432928381752136e-16 -7.8121927712792028e-03 9.2497402293531095e-02 -2.2241966852926974e-02 2.6354628428331561e-01 -9.6121604553508121e-18 1.1394144427287083e-16 3.5787392604444176e+02 6 8 0 -1.4375000000000000e+00 1.0000000000000001e-01 1.0000000000000000e+00 -2.0000000000000000e+00
9.9943765867480960e-01 1.2460601484516767e+00 1.0000000000000001e-01 1.0000000000000000e+00 1.0000000000000000e+02 8.1261458292988739e-02 1.9001734388147937e-01 -1.9291796185303435e-16 -1.0469163383094931e-02 9.1730621676083535e-02 -2.4493200932041513e-02 2.1451054481351720e-01 2.4868294374227828e-17 -2.1778625622725999e-16 1.4072122633326799e+03 6 8 4 -1.4375000000000000e+00 1.0000000000000001e-01 1.0000000000000000e+00 -3.2500000000000000e+00
9.9996837722339826e-01 1.1644916781085095e+00 1.0000000000000001e-01 1.0000000000000000e+00 1.0100000000000000e+02 5.9005658773564867e-02 1.3019306263712532e-01 -1.1833955940476912e-16 -8.2604846372402226e-03 6.7266143410802823e-02 -1.8242163650493741e-02 1.4843522628761943e-01 1.6584478008227747e-17 -1.3492403741299477e-16 2.8129754608916119e+03 6 8 8 -1.4375000000000000e+00 1.0000000000000001e-01 1.0000000000000000e+00 -4.5000000000000000e+00
9.9999822172058994e-01 1.1433319139659368e+00 1.0000000000000001e-01 1.0000000000000000e+00 1.0200000000000000e+02 4.8272142083266370e-02 1.0476849496756580e-01 -8.9400833018382509e-17 -6.8791781028032777e-03 5.5151320186069427e-02 -1.4944602168072252e-02 1.1971309713563659e-01 1.2746674104526133e-17 -1.0214750712290789e-16 4.5419692039042711e+03 6 8 12 -1.4375000000000000e+00 1.0000000000000001e-01 1.0000000000000000e+00 -5.7500000000000000e+00
9.9999990000000005e-01 1.1381451639562081e+00 1.0000000000000001e-01 1.0000000000000000e+00 1.0300000000000000e+02 4.4980469397254148e-02 9.7195341606750280e-02 7.4732774239528635e-17 -6.4322761463480923e-03 5.1412745543600515e-02 -1.3912601685458235e-02 1.1110794329220509e-01 -1.0695906649865204e-17 8.5428680889392248e-17 5.3696346121728420e+03 6 8 16 -1.4375000000000000e+00 1.0000000000000001e-01 1.0000000000000000e+00 -7.0000000000000000e+00
9.9999999437658671e-01 1.1369041014491534e+00 1.0000000000000001e-01 1.0000000000000000e+00 1.0400000000000000e+02 4.4136650903323880e-02 9.5267461991361810e-02 2.0173595438828071e-16 -6.3162337707651497e-03 5.0452884674087248e-02 -1.3646697936913255e-02 1.0891415992827136e-01 -2.8899270887085632e-17 2.3063522527535980e-16 5.3530940005062148e+03 6 8 20 -1.4375000000000000e+00 1.0000000000000001e-01 1.0000000000000000e+00 -8.2500000000000000e+00
9.9999999968377229e-01 1.1366091501174018e+00 1.0000000000000001e-01 1.0000000000000000e+00 1.0500000000000000e+02 4.3932482822892742e-02 9.4801769933410301e-02 -9.3955856996015006e-17 -6.2880695334686480e-03 5.0220552356359235e-02 -1.3582279342436613e-02 1.0838404927584254e-01 1.3459719317591278e-17 -1.0741557631360439e-16 5.9412249129088596e+03 6 8 24 -1.4375000000000000e+00 1.0000000000000001e-01 1.0000000000000000e+00 -9.5000000000000000e+00
9.9999999998221722e-01 1.1365391693025779e+00 1.0000000000000001e-01 1.0000000000000000e+00 1.0600000000000000e+02 4.3883835703350110e-02 9.4690853361565089e-02 7.4358203537385819e-17 -6.2813531070679022e-03 5.0165188810417205e-02 -1.3566923870964812e-02 1.0825777723252741e-01 -1.0655108434851734e-17 8.5013311972235299e-17 6.1965011522546411e+03 6 8 28 -1.4375000000000000e+00 1.0000000000000001e-01 1.0000000000000000e+00 -1.0750000000000000e+01
9.9999999999900002e-01 1.1365225724540733e+00 1.0000000000000001e-01 1.0000000000000000e+00 1.0700000000000000e+02 4.3872265938215499e-02 9.4664478288059822e-02 1.3893309358300141e-16 -6.2797582842922459e-03 5.0152024222506246e-02 -1.3563278072673851e-02 1.0822775636073147e-01 -1.9910062427299886e-17 1.5884315601029592e-16 6.3647381084766239e+03 6 8 32 -1.4375000000000000e+00 1.0000000000000001e-01 1.0000000000000000e+00 -1.2000000000000000e+01
9.8999999999999999e-01 1.5901020577751830e+00 1.5000000000000002e-01 1.0000000000000000e+00 1.0800000000000000e+02 8.4040260461378219e-02 2.3937605957603428e-01 -5.1286093933876293e-16 -7.5989612893220945e-03 9.1639221750699190e-02 -2.1603019290641897e-02 2.6097907886667066e-01 4.6281030478455426e-17 -5.5914196981722092e-16 4.9152145218476653e+02 6 12 0 -1.4375000000000000e+00 1.5000000000000002e-01 1.0000000000000000e+00 -2.0000000000000000e+00
9.9943765867480960e-01 1.2878281283304636e+00 1.5000000000000002e-01 1.0000000000000000e+00 1.0900000000000000e+02 7.9954958524142167e-02 1.8842006374761447e-01 2.0918829307394139e-16 -9.9475980477476914e-03 8.9902556571888656e-02 -2.3457433399951252e-02 2.1187749714756099e-01 -2.6042982659237157e-17 2.3523127573317146e-16 1.5663064539637417e+03 6 12 4 -1.4375000000000000e+00 1.5000000000000002e-01 1.0000000000000000e+00 -3.2500000000000000e+00
9.9996837722339826e-01 1.2114384266766294e+00 1.5000000000000002e-01 1.0000000000000000e+00 1.1000000000000000e+02 5.8597395972094693e-02 1.3088412584632039e-01 -1.0323722041975896e-16 -7.8561572659186837e-03 6.6453553238011914e-02 -1.7570635570116351e-02 1.4845476141643382e-01 1.3861441997453074e-17 -1.1709866241720514e-16 3.1208550275536254e+03 6 12 8 -1.4375000000000000e+00 1.5000000000000002e-01 1.0000000000000000e+00 -4.5000000000000000e+00
9.9999822172058994e-01 1.1924980735230977e+00 1.5000000000000002e-01 1.0000000000000000e+00 1.1100000000000000e+02 4.8730292653559923e-02 1.0721270818554771e-01 2.1654062717209330e-18 -6.6319076912887132e-03 5.5362200344846318e-02 -1.4612455219029610e-02 1.2182516340457293e-01 -2.9945819967121210e-19 2.4648644713921309e-18 5.3801319574825466e+03 6 12 12 -1.4375000000000000e+00 1.5000000000000002e-01 1.0000000000000000e+00 -5.7500000000000000e+00
9.9999990000000005e-01 1.1879400356317456e+00 1.5000000000000002e-01 1.0000000000000000e+00 1.1200000000000000e+02 4.5770568540831440e-02 1.0029123424487325e-01 1.2345165710324035e-16 -6.2467285767153014e-03 5.2017297117544908e-02 -1.3708260452196395e-02 1.1399949469706748e-01 -1.6876019279012845e-17 1.4032767638224723e-16 6.1811661354657263e+03 6 12 16 -1.4375000000000000e+00 1.5000000000000002e-01 1.0000000000000000e+00 -7.0000000000000000e+00
9.9999999437658671e-01 1.1868550221843583e+00 1.5000000000000002e-01 1.0000000000000000e+00 1.1300000000000000e+02 4.5017860727005171e-02 9.8541467280620076e-02 -7.7526431584533626e-17 -6.1476589055622461e-03 5.1165519632565888e-02 -1.3477226493010599e-02 1.1201869377362489e-01 1.0605127235603356e-17 -8.8131558820133733e-17 7.0627068046629429e+03 6 12 20 -1.4375000000000000e+00 1.5000000000000002e-01 1.0000000000000000e+00 -8.2500000000000000e+00
9.9999999968377229e-01 1.1865974868154814e+00 1.5000000000000002e-01 1.0000000000000000e+00 1.1400000000000000e+02 4.4836166707519963e-02 9.8119685176470697e-02 -2.0603814949632006e-16 -6.1236771484689890e-03 5.0959843855987931e-02 -1.3421386745313683e-02 1.1154107192177778e-01 2.8181048129801653e-17 -2.3421919762611089e-16 7.6630897218789905e+03 6 12 24 -1.4375000000000000e+00 1.5000000000000002e-01 1.0000000000000000e+00 -9.5000000000000000e+00
9.9999999998221722e-01 1.1865364020104592e+00 1.5000000000000002e-01 1.0000000000000000e+00 1.1500000000000000e+02 4.4792893537139465e-02 9.8019264246671386e-02 6.7166554520971112e-17 -6.1179602569736355e-03 5.0910853794110734e-02 -1.3408080269471533e-02 1.1142734451613806e-01 -9.1918474085379858e-18 7.6358401929504398e-17 7.4505258462950587e+03 6 12 28 -1.4375000000000000e+00 1.5000000000000002e-01 1.0000000000000000e+00 -1.0750000000000000e+01
9.9999999999900002e-01 1.1865219160784579e+00 1.5000000000000002e-01 1.0000000000000000e+00 1.1600000000000000e+02 4.4782621801790608e-02 9.7995429337339970e-02 -1.1874052152382729e-16 -6.1166032849958299e-03 5.0899225086784530e-02 -1.3404922076562988e-02 1.1140035141389808e-01 1.6240611892605573e-17 -1.3498113341642676e-16 7.5215095303319395e+03 6 12 32 -1.4375000000000000e+00 1.5000000000000002e-01 1.0000000000000000e+00 -1.2000000000000000e+01
9.8999999999999999e-01 1.6315076431862905e+00 2.0000000000000001e-01 1.0000000000000000e+00 1.1700000000000000e+02 8.3708907052647136e-02 2.3766047069723897e-01 -3.0103034900175171e-16 -7.3951660885585371e-03 9.1104073141204903e-02 -2.0925057508118124e-02 2.5858552820535691e-01 2.6515594102096539e-17 -3.2754594310384350e-16 5.5703532540332526e+02 6 16 0 -1.4375000000000000e+00 2.0000000000000001e-01 1.0000000000000000e+00 -2.0000000000000000e+00
9.9943765867480960e-01 1.3326136194902096e+00 2.0000000000000001e-01 1.0000000000000000e+00 1.1800000000000000e+02 7.8716185748398559e-02 1.8644850741056301e-01 3.2660632983985124e-16 -9.4235985997811571e-03 8.8139784348178873e-02 -2.2329082498512461e-02 2.0877758990907277e-01 -3.9118226876903965e-17 3.6572455671675112e-16 1.7642445748886093e+03 6 16 4 -1.4375000000000000e+00 2.0000000000000001e-01 1.0000000000000000e+00 -3.2500000000000000e+00
9.9996837722339826e-01 1.2597182344528086e+00 2.0000000000000001e-01 1.0000000000000000e+00 1.1900000000000000e+02 5.7972799886649190e-02 1.3059821935064975e-01 2.2237002783496266e-16 -7.4291125055433779e-03 6.5401912392188927e-02 -1.6758619454834856e-02 1.4735683880548150e-01 -2.8541666269728973e-17 2.5091169410468124e-16 3.8062631872380152e+03 6 16 8 -1.4375000000000000e+00 2.0000000000000001e-01 1.0000000000000000e+00 -4.5000000000000000e+00
9.9999822172058994e-01 1.2420502910182798e+00 2.0000000000000001e-01 1.0000000000000000e+00 1.2000000000000000e+02 4.8661334726430194e-02 1.0806795326390989e-01 -2.1119128929061128e-16 -6.3182557753040849e-03 5.4979590501732831e-02 -1.4054052674148717e-02 1.2212200593805599e-01 2.7456124445159818e-17 -2.3864741373575368e-16 6.1669588418835774e+03 6 16 12 -1.4375000000000000e+00 2.0000000000000001e-01 1.0000000000000000e+00 -5.7500000000000000e+00
9.9999990000000005e-01 1.2378313496120359e+00 2.0000000000000001e-01 1.0000000000000000e+00 1.2100000000000000e+02 4.5901518509595479e-02 1.0154213403243402e-01 1.2292659971530476e-16 -5.9745111962114005e-03 5.1876029705805661e-02 -1.3238432945522580e-02 1.1478056697795151e-01 -1.6024221044257068e-17 1.3895082075955425e-16 7.0887825240213424e+03 6 16 16 -1.4375000000000000e+00 2.0000000000000001e-01 1.0000000000000000e+00 -7.0000000000000000e+00
9.9999999437658671e-01 1.2368291041985591e+00 2.0000000000000001e-01 1.0000000000000000e+00 1.2200000000000000e+02 4.5202549318688605e-02 9.9898137648633353e-02 1.2094619473976082e-16 -5.8865830854907646e-03 5.1089132404176923e-02 -1.3031009852468344e-02 1.1292914750109630e-01 -1.5774411187903075e-17 1.3672060592765370e-16 7.9564746472891420e+03 6 16 20 -1.4375000000000000e+00 2.0000000000000001e-01 1.0000000000000000e+00 -8.2500000000000000e+00
9.9999999968377229e-01 1.2365913325261957e+00 2.0000000000000001e-01 1.0000000000000000e+00 1.2300000000000000e+02 4.5033983229727202e-02 9.9502153262793561e-02 -5.8377006198371737e-17 -5.8653397012948787e-03 5.0899322931019897e-02 -1.2980977968361947e-02 1.1248313123115017e-01 7.6223233879260150e-18 -6.5999329586294419e-17 9.0163572790762410e+03 6 16 24 -1.4375000000000000e+00 2.0000000000000001e-01 1.0000000000000000e+00 -9.5000000000000000e+00
9.9999999998221722e-01 1.2365349423455312e+00 2.0000000000000001e-01 1.0000000000000000e+00 1.2400000000000000e+02 4.4993850563665776e-02 9.9407907257655137e-02 -1.1245665341577097e-16 -5.8602730461113648e-03 5.0854123609774420e-02 -1.2969045670477341e-02 1.1237695292812599e-01 1.4675755706380708e-17 -1.2713240912214537e-16 9.1736641277922317e+03 6 16 28 -1.4375000000000000e+00 2.0000000000000001e-01 1.0000000000000000e+00 -1.0750000000000000e+01
9.9999999999900002e-01 1.2365215697489655e+00 2.0000000000000001e-01 1.0000000000000000e+00 1.2500000000000000e+02 4.4984324651385806e-02 9.9385538670930015e-02 -6.6204068008344596e-17 -5.8590760024803861e-03 5.0843400653863995e-02 -1.2966227115825044e-02 1.1235176578674880e-01 8.6372423319044576e-18 -7.4841310340243977e-17 9.3157087364392355e+03 6 16 32 -1.4375000000000000e+00 2.0000000000000001e-01 1.0000000000000000e+00 -1.2000000000000000e+01
9.8999999999999999e-01 1.6755860706386860e+00 2.5000000000000000e-01 1.0000000000000000e+00 1.2600000000000000e+02 8.3619796597589294e-02 2.3612980259899671e-01 -3.0256201841359235e-16 -7.2014009776664020e-03 9.0821197575255558e-02 -2.0234358903238003e-02 2.5636416150222957e-01 2.5966882089286488e-17 -3.2852890050287929e-16 6.0587004394736141e+02 6 20 0 -1.4375000000000000e+00 2.5000000000000000e-01 1.0000000000000000e+00 -2.0000000000000000e+00
9.9943765867480960e-01 1.3792374580519098e+00 2.5000000000000000e-01 1.0000000000000000e+00 1.2700000000000000e+02 7.7721769142026678e-02 1.8456656907012570e-01 -1.9844344269261160e-16 -8.9401228152271028e-03 8.6661891957252171e-02 -2.1222828516984864e-02 2.0578939758711157e-01 2.2819870370759198e-17 -2.2126331306336831e-16 1.9300803211694583e+03 6 20 4 -1.4375000000000000e+00 2.5000000000000000e-01 1.0000000000000000e+00 -3.2500000000000000e+00
9.9996837722339826e-01 1.3086728583113600e+00 2.5000000000000000e-01 1.0000000000000000e+00 1.2800000000000000e+02 5.7414816168385500e-02 1.3002863547100404e-01 2.8872156992100005e-17 -7.0309141193636597e-03 6.4445730287746750e-02 -1.5937943744422676e-02 1.4596657921542366e-01 -3.5389344220477072e-18 3.2411091414147034e-17 4.0722518660156056e+03 6 20 8 -1.4375000000000000e+00 2.5000000000000000e-01 1.0000000000000000e+00 -4.5000000000000000e+00
9.9999822172058994e-01 1.2917842566389210e+00 2.5000000000000000e-01 1.0000000000000000e+00 1.2900000000000000e+02 4.8474738995563371e-02 1.0829015412491509e-01 5.8854043248987003e-17 -6.0068233411874495e-03 5.4481562336748453e-02 -1.3435723036919169e-02 1.2172587716182909e-01 -7.3004423428777773e-18 6.6154485591861537e-17 7.1270010508550331e+03 6 20 12 -1.4375000000000000e+00 2.5000000000000000e-01 1.0000000000000000e+00 -5.7500000000000000e+00
9.9999990000000005e-01 1.2877671638481252e+00 2.5000000000000000e-01 1.0000000000000000e+00 1.3000000000000000e+02 4.5843378315412679e-02 1.0202594083768918e-01 1.0179274826474556e-17 -5.6931448540295561e-03 5.1536523169439546e-02 -1.2687031178728709e-02 1.1471297201640943e-01 -1.2641320998939678e-18 1.1443406926367926e-17 8.7304674157658592e+03 6 20 16 -1.4375000000000000e+00 2.5000000000000000e-01 1.0000000000000000e+00 -7.0000000000000000e+00
9.9999999437658671e-01 1.2868138203976736e+00 2.5000000000000000e-01 1.0000000000000000e+00 1.3100000000000000e+02 4.5178378477220976e-02 1.0045053146984081e-01 -1.2155410807378214e-16 -5.6132599699530586e-03 5.0791638447171224e-02 -1.2497403852501282e-02 1.1294793532233577e-01 1.5121299597454717e-17 -1.3667540767122709e-16 9.8106719927741215e+03 6 20 20 -1.4375000000000000e+00 2.5000000000000000e-01 1.0000000000000000e+00 -8.2500000000000000e+00
9.9999999968377229e-01 1.2865877045962273e+00 2.5000000000000000e-01 1.0000000000000000e+00 1.3200000000000000e+02 4.5018088409410129e-02 1.0007122516466624e-01 -1.1110137828025877e-16 -5.5939724136620569e-03 5.0612060823069460e-02 -1.2451675080523578e-02 1.1252290024518191e-01 1.3824136369548884e-17 -1.2492551464979458e-16 1.0732279048293829e+04 6 20 24 -1.4375000000000000e+00 2.5000000000000000e-01 1.0000000000000000e+00 -9.5000000000000000e+00
9.9999999998221722e-01 1.2865340816938629e+00 2.5000000000000000e-01 1.0000000000000000e+00 1.3300000000000000e+02 4.4979969578094199e-02 9.9981058103464818e-02 5.6613204065204991e-17 -5.5893680524296751e-03 5.0569337630520579e-02 -1.2440758249621920e-02 1.1242181635308109e-01 -7.0461207305324213e-18 6.3659324795731032e-17 1.1129389327735640e+04 6 20 28 -1.4375000000000000e+00 2.5000000000000000e-01 1.0000000000000000e+00 -1.0750000000000000e+01
9.9999999999900002e-01 1.2865213653518288e+00 2.5000000000000000e-01 1.0000000000000000e+00 1.3400000000000000e+02 4.4970915401551868e-02 9.9959638855940572e-02 8.6557593841559114e-17 -5.5882753716565660e-03 5.0559190773205767e-02 -1.2438168206861300e-02 1.1239780706279380e-01 -1.0767177230674298e-17 9.7324771072226633e-17 1.1317190559202805e+04 6 20 32 -1.4375000000000000e+00 2.5000000000000000e-01 1.0000000000000000e+00 -1.2000000000000000e+01
9.8999999999999999e-01 1.7217526481074406e+00 3.0000000000000004e-01 1.0000000000000000e+00 1.3500000000000000e+02 8.3708297625911005e-02 2.3473738502486036e-01 2.4202387371960551e-16 -7.0150588718966888e-03 9.0723356497806551e-02 -1.9544232931897221e-02 2.5428161795675586e-01 -2.0140801423893182e-17 2.6216467514349912e-16 6.8872238793782890e+02 6 24 0 -1.4375000000000000e+00 3.0000000000000004e-01 1.0000000000000000e+00 -2.0000000000000000e+00
9.9943765867480960e-01 1.4270542735967526e+00 3.0000000000000004e-01 1.0000000000000000e+00 1.3600000000000000e+02 7.7006953016644661e-02 1.8293751315970749e-01 1.7098978459061312e-17 -8.5061290256553488e-03 8.5513082042299321e-02 -2.0180258968404349e-02 2.0311777212810891e-01 -1.8887400589429834e-18 1.8987718518004142e-17 2.2423824068959802e+03 6 24 4 -1.4375000000000000e+00 3.0000000000000004e-01 1.0000000000000000e+00 -3.2500000000000000e+00
9.9996837722339826e-01 1.3580187380973985e+00 3.0000000000000004e-01 1.0000000000000000e+00 1.3700000000000000e+02 5.7010120190866188e-02 1.2945306118566299e-01 -2.2652805602016499e-16 -6.6751054036424846e-03 6.3685225594505318e-02 -1.5159272447380268e-02 1.4461233363303982e-01 2.6526584915075433e-17 -2.5305464093523478e-16 4.8143818626459688e+03 6 24 8 -1.4375000000000000e+00 3.0000000000000004e-01 1.0000000000000000e+00 -4.5000000000000000e+00
9.9999822172058994e-01 1.3416196821970625e+00 3.0000000000000004e-01 1.0000000000000000e+00 1.3800000000000000e+02 4.8318860124309290e-02 1.0827963058716449e-01 -1.3352850456420020e-16 -5.7203532283426253e-03 5.4039213352649169e-02 -1.2825359697508863e-02 1.2110499028466679e-01 1.5816637989708767e-17 -1.4934514255390068e-16 7.7737296320069581e+03 6 24 12 -1.4375000000000000e+00 3.0000000000000004e-01 1.0000000000000000e+00 -5.7500000000000000e+00
9.9999990000000005e-01 1.3377275751599438e+00 3.0000000000000004e-01 1.0000000000000000e+00 1.3900000000000000e+02 4.5770266186214506e-02 1.0219280843197907e-01 1.0329376819965787e-16 -5.4296614389396855e-03 5.1199927625152158e-02 -1.2130194380384526e-02 1.1432300281235730e-01 -1.2261594065195326e-17 1.1555536226484556e-16 9.8253153553055599e+03 6 24 16 -1.4375000000000000e+00 3.0000000000000004e-01 1.0000000000000000e+00 -7.0000000000000000e+00
9.9999999437658671e-01 1.3368044004085966e+00 3.0000000000000004e-01 1.0000000000000000e+00 1.4000000000000000e+02 4.5127149896523479e-02 1.0066385342356661e-01 -7.7088549468321165e-18 -5.3556189424954232e-03 5.0482768839016624e-02 -1.1953990157356749e-02 1.1261784358091588e-01 9.1323985487835316e-19 -8.6220948017106324e-18 1.1372602764551528e+04 6 24 20 -1.4375000000000000e+00 3.0000000000000004e-01 1.0000000000000000e+00 -8.2500000000000000e+00
9.9999999968377229e-01 1.3365854689451715e+00 3.0000000000000004e-01 1.0000000000000000e+00 1.4100000000000000e+02 4.4972151580221824e-02 1.0029573293269088e-01 -6.4511900049931114e-17 -5.3377954445454250e-03 5.0309947024764011e-02 -1.1911641608990872e-02 1.1220737454167477e-01 7.6602888714629455e-18 -7.2172188921386648e-17 1.2075719094922766e+04 6 24 24 -1.4375000000000000e+00 3.0000000000000004e-01 1.0000000000000000e+00 -9.5000000000000000e+00
9.9999999998221722e-01 1.3365335513768861e+00 3.0000000000000004e-01 1.0000000000000000e+00 1.4200000000000000e+02 4.4935284241503816e-02 1.0020820357037226e-01 2.5703065422777103e-16 -5.3335236226794156e-03 5.0268807864180184e-02 -1.1901485597049920e-02 1.1210968916741434e-01 -3.0527647863356758e-17 2.8755830209110435e-16 1.2443581811458804e+04 6 24 28 -1.4375000000000000e+00 3.0000000000000004e-01 1.0000000000000000e+00 -1.0750000000000000e+01
9.9999999999900002e-01 1.3365212394048427e+00 3.0000000000000004e-01 1.0000000000000000e+00 1.4300000000000000e+02 4.4926534909019392e-02 1.0018743121833172e-01 -1.2579546599972562e-16 -5.3325141939573285e-03 5.0259049102973137e-02 -1.1899088202025973e-02 1.1208651942034947e-01 1.4942730349144491e-17 -1.4073819634885566e-16 1.2739741378295235e+04 6 24 32 -1.4375000000000000e+00 3.0000000000000004e-01 1.0000000000000000e+00 -1.2000000000000000e+01
9.8999999999999999e-01 1.7695686151251118e+00 3.5000000000000003e-01 1.0000000000000000e+00 1.4400000000000000e+02 8.3903749414724296e-02 2.3340078578030926e-01 0.0000000000000000e+00 -6.8309963713765178e-03 9.0734745786100954e-02 -1.8857332994504452e-02 2.5225811877481319e-01 0.0000000000000000e+00 0.0000000000000000e+00 7.6255892654694617e+02 6 28 0 -1.4375000000000000e+00 3.5000000000000003e-01 1.0000000000000000e+00 -2.0000000000000000e+00
9.9943765867480960e-01 1.4756863751456402e+00 3.5000000000000003e-01 1.0000000000000000e+00 1.4500000000000000e+02 7.6552645735767949e-02 1.8160034962459487e-01 3.4591229900140634e-16 -8.1205743318235046e-03 8.4673220067589455e-02 -1.9218032189541996e-02 2.0081838181413442e-01 -3.6602213565396196e-17 3.8251451256679769e-16 2.4448704955447465e+03 6 28 4 -1.4375000000000000e+00 3.5000000000000003e-01 1.0000000000000000e+00 -3.2500000000000000e+00
9.9996837722339826e-01 1.4076129468676100e+00 3.5000000000000003e-01 1.0000000000000000e+00 1.4600000000000000e+02 5.6768160333310592e-02 1.2897194119607736e-01 -2.2567279357214077e-16 -6.3613290436854769e-03 6.3129489376995446e-02 -1.4440078292714948e-02 1.4341201948878987e-01 2.5269387945753005e-17 -2.5094218151789085e-16 5.3107095455769449e+03 6 28 8 -1.4375000000000000e+00 3.5000000000000003e-01 1.0000000000000000e+00 -4.5000000000000000e+00
9.9999822172058994e-01 1.3915180560533433e+00 3.5000000000000003e-01 1.0000000000000000e+00 1.4700000000000000e+02 4.8242536150444465e-02 1.0821228123815463e-01 1.1753580270246421e-16 -5.4656332078753056e-03 5.3708169358317244e-02 -1.2253647057670691e-02 1.2046592829581583e-01 -1.3310653611860902e-17 1.3084645631430988e-16 9.2239469415144995e+03 6 28 12 -1.4375000000000000e+00 3.5000000000000003e-01 1.0000000000000000e+00 -5.7500000000000000e+00
9.9999990000000005e-01 1.3877031591268898e+00 3.5000000000000003e-01 1.0000000000000000e+00 1.4800000000000000e+02 4.5745854712740251e-02 1.0224669867290472e-01 -2.0194186296700991e-16 -5.1924042991433475e-03 5.0938259011881232e-02 -1.1600969689013862e-02 1.1384766836191064e-01 2.2913352573183054e-17 -2.2485521554016683e-16 1.1919020247302018e+04 6 28 16 -1.4375000000000000e+00 3.5000000000000003e-01 1.0000000000000000e+00 -7.0000000000000000e+00
9.9999999437658671e-01 1.3867985924633428e+00 3.5000000000000003e-01 1.0000000000000000e+00 1.4900000000000000e+02 4.5116175205154756e-02 1.0074863836833718e-01 -1.0183565471700352e-16 -5.1229466760123951e-03 5.0239121881163348e-02 -1.1435828584248669e-02 1.1218446695257539e-01 1.1558797529172153e-17 -1.1339445224616149e-16 1.3502854623875581e+04 6 28 20 -1.4375000000000000e+00 3.5000000000000003e-01 1.0000000000000000e+00 -8.2500000000000000e+00
9.9999999968377229e-01 1.3865840906574669e+00 3.5000000000000003e-01 1.0000000000000000e+00 1.5000000000000000e+02 4.4964503165787144e-02 1.0038815631089289e-01 -1.9063171122374446e-16 -5.1061587231959905e-03 5.0070661888979573e-02 -1.1395969288533763e-02 1.1178412559941921e-01 2.1639926489316258e-17 -2.1227163771304234e-16 1.4580679186641239e+04 6 28 24 -1.4375000000000000e+00 3.5000000000000003e-01 1.0000000000000000e+00 -9.5000000000000000e+00
9.9999999998221722e-01 1.3865332246099349e+00 3.5000000000000003e-01 1.0000000000000000e+00 1.5100000000000000e+02 4.4928396384523540e-02 1.0030235852953533e-01 -1.1901471436631006e-16 -5.1021784085711489e-03 5.0030574793089790e-02 -1.1386523127235116e-02 1.1168888165676039e-01 1.3511997683991524e-17 -1.3252671205028769e-16 1.5313419076634571e+04 6 28 28 -1.4375000000000000e+00 3.5000000000000003e-01 1.0000000000000000e+00 -1.0750000000000000e+01
9.9999999999900002e-01 1.3865211620942317e+00 3.5000000000000003e-01 1.0000000000000000e+00 1.5200000000000000e+02 4.4919822057514852e-02 1.0028198846467222e-01 -1.8811080021994257e-16 -5.1012251831462282e-03 5.0021047240656730e-02 -1.1384257820444129e-02 1.1166624628510685e-01 2.1355203771266557e-17 -2.0946600399119132e-16 1.5682311014473438e+04 6 28 32 -1.4375000000000000e+00 3.5000000000000003e-01 1.0000000000000000e+00 -1.2000000000000000e+01
9.8999999999999999e-01 1.8187026483294180e+00 4.0000000000000002e-01 1.0000000000000000e+00 1.5300000000000000e+02 8.4122574562194921e-02 2.3198944265891833e-01 -4.9644107758582761e-16 -6.6390117954160015e-03 9.0761586357610918e-02 -1.8160192938751454e-02 2.5014963559766762e-01 3.8849571913268101e-17 -5.3529064949908777e-16 8.6937841352727264e+02 6 32 0 -1.4375000000000000e+00 4.0000000000000002e-01 1.0000000000000000e+00 -2.0000000000000000e+00
9.9943765867480960e-01 1.5248995046508629e+00 4.0000000000000002e-01 1.0000000000000000e+00 1.5400000000000000e+02 7.6303385025070877e-02 1.8050740784630276e-01 4.4088765667401178e-16 -7.7845688736390703e-03 8.4087953898707213e-02 -1.8352322372516282e-02 1.9885973021881617e-01 -4.4825375877283918e-17 4.8571303255128484e-16 2.6509611017312855e+03 6 32 4 -1.4375000000000000e+00 4.0000000000000002e-01 1.0000000000000000e+00 -3.2500000000000000e+00
9.9996837722339826e-01 1.4573752638256430e+00 4.0000000000000002e-01 1.0000000000000000e+00 1.5500000000000000e+02 5.6683696132292391e-02 1.2863944661050297e-01 2.8563695100404229e-16 -6.0985301890716720e-03 6.2782226321362322e-02 -1.3811623261337653e-02 1.4245106987183595e-01 -3.0667964304370070e-17 3.1630491530841004e-16 5.9437268069703132e+03 6 32 8 -1.4375000000000000e+00 4.0000000000000002e-01 1.0000000000000000e+00 -4.5000000000000000e+00
9.9999822172058994e-01 1.4414584116620019e+00 4.0000000000000002e-01 1.0000000000000000e+00 1.5600000000000000e+02 4.8251994340999367e-02 1.0816094427669547e-01 2.7489619056290677e-16 -5.2406457376413043e-03 5.3492640078637715e-02 -1.1728805194358122e-02 1.1988974947104548e-01 -2.9811154184227684e-17 3.0470734474710895e-16 1.0520428634232841e+04 6 32 12 -1.4375000000000000e+00 4.0000000000000002e-01 1.0000000000000000e+00 -5.7500000000000000e+00
9.9999990000000005e-01 1.4376888244023796e+00 4.0000000000000002e-01 1.0000000000000000e+00 1.5700000000000000e+02 4.5786092594421929e-02 1.0227835965437561e-01 -2.5219118585965131e-16 -4.9801923063343776e-03 5.0766284900752655e-02 -1.1109109777019226e-02 1.1338746943138282e-01 2.7388965031863378e-17 -2.7958015089148271e-16 1.3295946103540249e+04 6 32 16 -1.4375000000000000e+00 4.0000000000000002e-01 1.0000000000000000e+00 -7.0000000000000000e+00
9.9999999437658671e-01 1.4367951823497100e+00 4.0000000000000002e-01 1.0000000000000000e+00 1.5800000000000000e+02 4.5164311565446029e-02 1.0080118912948485e-01 1.5435114473390132e-16 -4.9139442972178041e-03 5.0078255862659869e-02 -1.0952186415794861e-02 1.1175337554526961e-01 -1.6773473074761143e-17 1.7112461780864709e-16 1.4427534983123653e+04 6 32 20 -1.4375000000000000e+00 4.0000000000000002e-01 1.0000000000000000e+00 -8.2500000000000000e+00
9.9999999968377229e-01 1.4365832813583825e+00 4.0000000000000002e-01 1.0000000000000000e+00 1.5900000000000000e+02 4.5014432289709153e-02 1.0044545597546346e-01 -1.6843176087499543e-16 -4.8980174551381053e-03 4.9912449744843608e-02 -1.0914510500074411e-02 1.1135996647552653e-01 1.8300487024770606e-17 -1.8673224789974909e-16 1.5505286277899519e+04 6 32 24 -1.4375000000000000e+00 4.0000000000000002e-01 1.0000000000000000e+00 -9.5000000000000000e+00
9.9999999998221722e-01 1.4365330325061509e+00 4.0000000000000002e-01 1.0000000000000000e+00 1.6000000000000000e+02 4.4978803379222630e-02 1.0036092875076437e-01 1.9057412434301327e-16 -4.8942026180781402e-03 4.9873005997296584e-02 -1.0905476485552817e-02 1.1126640523630531e-01 -2.0706788673029668e-17 2.1128091301602137e-16 1.5492505955074914e+04 6 32 28 -1.4375000000000000e+00 4.0000000000000002e-01 1.0000000000000000e+00 -1.0750000000000000e+01
9.9999999999900002e-01 1.4365211168034608e+00 4.0000000000000002e-01 1.0000000000000000e+00 1.6100000000000000e+02 4.4970348159462478e-02 1.0034085433562512e-01 -2.4277229996875739e-16 -4.8933023400779341e-03 4.9863650499535679e-02 -1.0903360725249832e-02 1.1124421506086281e-01 2.6383387015695457e-17 -2.6915568698441950e-16 1.7075136389850639e+04 6 32 32 -1.4375000000000000e+00 4.0000000000000002e-01 1.0000000000000000e+00 -1.2000000000000000e+01
9.8999999999999999e-01 1.5107320705787066e+00 0.0000000000000000e+00 1.0000000000000000e+00 1.4670000000000000e+03 8.5489859587257189e-02 2.4337839717333223e-01 0.0000000000000000e+00 -8.0411552169644598e-03 9.3531014804221768e-02 -2.2892112322740278e-02 2.6627050949607256e-01 0.0000000000000000e+00 0.0000000000000000e+00 0.0000000000000000e+00 8 0 0 -1.2500000000000000e+00 0.0000000000000000e+00 1.0000000000000000e+00 -2.0000000000000000e+00
9.9943765867480960e-01 1.2028255776955934e+00 0.0000000000000000e+00 1.0000000000000000e+00 1.4590000000000000e+03 8.3618797370799247e-02 1.9388000077851558e-01 0.0000000000000000e+00 -1.1164756953510191e-02 9.4783554324309433e-02 -2.5886800036595735e-02 2.1976680081511124e-01 0.0000000000000000e+00 0.0000000000000000e+00 0.0000000000000000e+00 8 0 4 -1.2500000000000000e+00 0.0000000000000000e+00 1.0000000000000000e+00 -3.2500000000000000e+00
9.9996837722339826e-01 1.1086670650319901e+00 0.0000000000000000e+00 1.0000000000000000e+00 1.4600000000000000e+03 6.1470352936026755e-02 1.3322592994271115e-01 0.0000000000000000e+00 -9.0507387624735435e-03 7.0521091698500279e-02 -1.9615847814538658e-02 1.5284177775724986e-01 0.0000000000000000e+00 0.0000000000000000e+00 0.0000000000000000e+00 8 0 8 -1.2500000000000000e+00 0.0000000000000000e+00 1.0000000000000000e+00 -4.5000000000000000e+00
9.9999822172058994e-01 1.0757912405065346e+00 0.0000000000000000e+00 1.0000000000000000e+00 1.4700000000000000e+03 4.8264660657651171e-02 1.0211898363595547e-01 0.0000000000000000e+00 -7.3093364667547629e-03 5.5573997124405874e-02 -1.5465187175617208e-02 1.1758417081157269e-01 0.0000000000000000e+00 0.0000000000000000e+00 0.0000000000000000e+00 8 0 12 -1.2500000000000000e+00 0.0000000000000000e+00 1.0000000000000000e+00 -5.7500000000000000e+00
9.9999990000000005e-01 1.0636497917569949e+00 0.0000000000000000e+00 1.0000000000000000e+00 1.4800000000000000e+03 4.2407582085730471e-02 8.8927770059445257e-02 0.0000000000000000e+00 -6.4788356977011768e-03 4.8886417783431640e-02 -1.3585976441980657e-02 1.0251374650142581e-01 0.0000000000000000e+00 0.0000000000000000e+00 0.0000000000000000e+00 8 0 16 -1.2500000000000000e+00 0.0000000000000000e+00 1.0000000000000000e+00 -7.0000000000000000e+00
9.9999999437658671e-01 1.0590639528055161e+00 0.0000000000000000e+00 1.0000000000000000e+00 1.4900000000000000e+03 4.0038006207913160e-02 8.3675090017829176e-02 0.0000000000000000e+00 -6.1357312254335435e-03 4.6173737433346608e-02 -1.2823012713152686e-02 9.6498102730981833e-02 0.0000000000000000e+00 0.0000000000000000e+00 0.0000000000000000e+00 8 0 20 -1.2500000000000000e+00 0.0000000000000000e+00 1.0000000000000000e+00 -8.2500000000000000e+00
9.9999999968377229e-01 1.0573166399604736e+00 0.0000000000000000e+00 1.0000000000000000e+00 1.4640000000000000e+03 3.9111058439568663e-02 8.1632420716091170e-02 0.0000000000000000e+00 -6.0006132934552611e-03 4.5111671733023953e-02 -1.2524452379185222e-02 9.4156873095276344e-02 0.0000000000000000e+00 0.0000000000000000e+00 0.0000000000000000e+00 8 0 24 -1.2500000000000000e+00 0.0000000000000000e+00 1.0000000000000000e+00 -9.5000000000000000e+00
9.9999999998221722e-01 1.0566486186508675e+00 0.0000000000000000e+00 1.0000000000000000e+00 1.4740000000000000e+03 3.8753074605847551e-02 8.0845315660053374e-02 0.0000000000000000e+00 -5.9483098365096807e-03 4.4701384442357217e-02 -1.2409156983478740e-02 9.3254472643532163e-02 0.0000000000000000e+00 0.0000000000000000e+00 0.0000000000000000e+00 8 0 28 -1.2500000000000000e+00 0.0000000000000000e+00 1.0000000000000000e+00 -1.0750000000000000e+01
9.9999999999900002e-01 1.0563928833202860e+00 0.0000000000000000e+00 1.0000000000000000e+00 1.4930000000000000e+03 3.8615497012599018e-02 8.0543080185147373e-02 0.0000000000000000e+00 -5.9281918627747876e-03 4.4543688875373813e-02 -1.2364850111876659e-02 9.2907930297024002e-02 0.0000000000000000e+00 0.0000000000000000e+00 0.0000000000000000e+00 8 0 32 -1.2500000000000000e+00 0.0000000000000000e+00 1.0000000000000000e+00 -1.2000000000000000e+01
9.8999999999999999e-01 1.5383950742501826e+00 5.0000000000000003e-02 1.0000000000000000e+00 1.5570000000000000e+03 8.3421078097733040e-02 2.4018349551383891e-01 1.9480259715490127e-16 -7.7667380606176381e-03 9.1187816158350671e-02 -2.2356908337685263e-02 2.6254040385152239e-01 -1.8132361232519919e-17 2.1293495838742041e-16 2.6625799368787557e+02 8 4 0 -1.2500000000000000e+00 5.0000000000000003e-02 1.0000000000000000e+00 -2.0000000000000000e+00
9.9943765867480960e-01 1.2293301544429931e+00 5.0000000000000003e-02 1.0000000000000000e+00 1.5490000000000000e+03 8.4413623534011759e-02 1.9830916474574153e-01 3.5226784111184901e-16 -1.1098338129314154e-02 9.5511961663325484e-02 -2.6076991932239411e-02 2.2438615667798034e-01 -4.6322042969818631e-17 3.9858988408166656e-16 7.3798491255845875e+02 8 4 4 -1.2500000000000000e+00 5.0000000000000003e-02 1.0000000000000000e+00 -3.2500000000000000e+00
9.9996837722339826e-01 1.1405503204387275e+00 5.0000000000000003e-02 1.0000000000000000e+00 1.5770000000000000e+03 6.5641296236072524e-02 1.4473310457449115e-01 -2.6868632224223058e-16 -9.4400828219041201e-03 7.5081379057975781e-02 -2.0820059138840444e-02 1.6555316371332970e-01 3.8649231023945110e-17 -3.0733555326617247e-16 1.5643493763403967e+03 8 4 8 -1.2500000000000000e+00 5.0000000000000003e-02 1.0000000000000000e+00 -4.5000000000000000e+00
9.9999822172058994e-01 1.1150218463409538e+00 5.0000000000000003e-02 1.0000000000000000e+00 1.5420000000000000e+03 5.5974925146341767e-02 1.2109541936648627e-01 -1.0552361393404253e-16 -8.2233412182776602e-03 6.4198266364618756e-02 -1.7795525582214058e-02 1.3889094494869691e-01 1.5506098445960313e-17 -1.2102971238000178e-16 2.1180549695296213e+03 8 4 12 -1.2500000000000000e+00 5.0000000000000003e-02 1.0000000000000000e+00 -5.7500000000000000e+00
9.9999990000000005e-01 1.1083685937495917e+00 5.0000000000000003e-02 1.0000000000000000e+00 1.5520000000000000e+03 5.2931655970140323e-02 1.1392976199316210e-01 -2.0417102364293357e-16 -7.8128559285724763e-03 6.0744511898711835e-02 -1.6821441184613404e-02 1.3075120317777203e-01 3.0146387342972082e-17 -2.3431741098590342e-16 2.2910530497319996e+03 8 4 16 -1.2500000000000000e+00 5.0000000000000003e-02 1.0000000000000000e+00 -7.0000000000000000e+00
9.9999999437658671e-01 1.1067434212510869e+00 5.0000000000000003e-02 1.0000000000000000e+00 1.5620000000000000e+03 5.2146278534898949e-02 1.1209808852415559e-01 -4.8048375410381777e-17 -7.7051412977216568e-03 5.9851419832619941e-02 -1.6568683027031871e-02 1.2866677155118597e-01 7.1007567875534853e-18 -5.5149132197934925e-17 2.4561973187793046e+03 8 4 20 -1.2500000000000000e+00 5.0000000000000003e-02 1.0000000000000000e+00 -8.2500000000000000e+00
9.9999999968377229e-01 1.1063550840672705e+00 5.0000000000000003e-02 1.0000000000000000e+00 1.5720000000000000e+03 5.1955953002109055e-02 1.1165523610089524e-01 -1.4875465672700666e-16 -7.6789345701577970e-03 5.9634887572265795e-02 -1.6507352961298617e-02 1.2816258906219163e-01 2.1992211999897913e-17 -1.7074686872690305e-16 2.8288754864949733e+03 8 4 24 -1.2500000000000000e+00 5.0000000000000003e-02 1.0000000000000000e+00 -9.5000000000000000e+00
9.9999999998221722e-01 1.1062628248002320e+00 5.0000000000000003e-02 1.0000000000000000e+00 1.5460000000000000e+03 5.1910585927656808e-02 1.1154973308047542e-01 1.6014056401181551e-16 -7.6726813956058248e-03 5.9583267323262128e-02 -1.6492728405225598e-02 1.2804246148569748e-01 -2.3676405686448465e-17 1.8381696969826122e-16 2.8445187042355537e+03 8 4 28 -1.2500000000000000e+00 5.0000000000000003e-02 1.0000000000000000e+00 -1.0750000000000000e+01
9.9999999999900002e-01 1.1062409362623626e+00 5.0000000000000003e-02 1.0000000000000000e+00 1.5560000000000000e+03 5.1899812611358523e-02 1.1152468279568542e-01 -1.1400850462362803e-16 -7.6711962976696302e-03 5.9571008909027799e-02 -1.6489255673351969e-02 1.2801393846903389e-01 1.6858058315328683e-17 -1.3086656293895383e-16 3.1357229035925120e+03 8 4 32 -1.2500000000000000e+00 5.0000000000000003e-02 1.0000000000000000e+00 -1.2000000000000000e+01
9.8999999999999999e-01 1.5718656954988128e+00 1.0000000000000001e-01 1.0000000000000000e+00 1.6470000000000000e+03 8.2065410147707005e-02 2.3750314258495997e-01 0.0000000000000000e+00 -7.5177188794049677e-03 8.9583129027111741e-02 -2.1736372861999833e-02 2.5923951544695933e-01 0.0000000000000000e+00 0.0000000000000000e+00 3.1877506241947412e+02 8 8 0 -1.2500000000000000e+00 1.0000000000000001e-01 1.0000000000000000e+00 -2.0000000000000000e+00
9.9943765867480960e-01 1.2657768682452279e+00 1.0000000000000001e-01 1.0000000000000000e+00 1.6570000000000000e+03 8.3695889753271038e-02 1.9888102965364041e-01 -1.8363385673440000e-16 -1.0699760624386608e-02 9.4395650377656570e-02 -2.5435571828037479e-02 2.2431660148167587e-01 2.3487509246725666e-17 -2.0712136598112771e-16 1.1963861065795645e+03 8 8 4 -1.2500000000000000e+00 1.0000000000000001e-01 1.0000000000000000e+00 -3.2500000000000000e+00
9.9996837722339826e-01 1.1842083979020608e+00 1.0000000000000001e-01 1.0000000000000000e+00 1.6220000000000000e+03 6.6746392557765821e-02 1.4968360282542906e-01 1.9941861871877045e-16 -9.2443640350664529e-03 7.5990756592832026e-02 -2.0747256297995433e-02 1.7043085912342429e-01 -2.7640897967801024e-17 2.2705951668656797e-16 2.1605259712012485e+03 8 8 8 -1.2500000000000000e+00 1.0000000000000001e-01 1.0000000000000000e+00 -4.5000000000000000e+00
9.9999822172058994e-01 1.1630486337594881e+00 1.0000000000000001e-01 1.0000000000000000e+00 1.6320000000000000e+03 5.8664622725500506e-02 1.2945122485236113e-01 2.4297773161138691e-16 -8.2636307873355484e-03 6.6928253512834282e-02 -1.8250658776835960e-02 1.4770188362919268e-01 -3.4254577175213168e-17 2.7723230878659259e-16 2.9510598250916228e+03 8 8 12 -1.2500000000000000e+00 1.0000000000000001e-01 1.0000000000000000e+00 -5.7500000000000000e+00
9.9999990000000005e-01 1.1578618837497594e+00 1.0000000000000001e-01 1.0000000000000000e+00 1.6420000000000000e+03 5.6263287964655566e-02 1.2363562945629469e-01 -1.3726312248640060e-16 -7.9529291812930527e-03 6.4216217145947538e-02 -1.7491748045353885e-02 1.4112737750164686e-01 1.9419741420894094e-17 -1.5668286390729494e-16 3.4911671095993370e+03 8 8 16 -1.2500000000000000e+00 1.0000000000000001e-01 1.0000000000000000e+00 -7.0000000000000000e+00
9.9999999437658671e-01 1.1566208212427047e+00 1.0000000000000001e-01 1.0000000000000000e+00 1.6520000000000000e+03 5.5656928180106070e-02 1.2217871397475945e-01 -8.1387372824320792e-17 -7.8732920890016780e-03 6.3530220269105500e-02 -1.7299062379175868e-02 1.3947777635392905e-01 1.1523490414673049e-17 -9.2910863238991912e-17 3.3272696763072163e+03 8 8 20 -1.2500000000000000e+00 1.0000000000000001e-01 1.0000000000000000e+00 -8.2500000000000000e+00
9.9999999968377229e-01 1.1563258699109531e+00 1.0000000000000001e-01 1.0000000000000000e+00 1.6260000000000000e+03 5.5510848738061891e-02 1.2182838684565908e-01 1.6230801615478679e-16 -7.8540404635893506e-03 6.3364889201649871e-02 -1.7252586097086870e-02 1.3908097294274227e-01 -2.2985061983177590e-17 1.8529307813795981e-16 3.8792157880561426e+03 8 8 24 -1.2500000000000000e+00 1.0000000000000001e-01 1.0000000000000000e+00 -9.5000000000000000e+00
9.9999999998221722e-01 1.1562558890961292e+00 1.0000000000000001e-01 1.0000000000000000e+00 1.6360000000000000e+03 5.5476089730224713e-02 1.2174506419597587e-01 1.3276767157773671e-16 -7.8494540860827872e-03 6.3325543816306284e-02 -1.7241519757246380e-02 1.3898658395321711e-01 -1.8799403634062642e-17 1.5156707521179912e-16 3.5883473305171356e+03 8 8 28 -1.2500000000000000e+00 1.0000000000000001e-01 1.0000000000000000e+00 -1.0750000000000000e+01
9.9999999999900002e-01 1.1562392922476246e+00 1.0000000000000001e-01 1.0000000000000000e+00 1.6460000000000000e+03 5.5467839350689385e-02 1.2172528871012062e-01 1.3993376758849671e-16 -7.8483653144962931e-03 6.3316204665183215e-02 -1.7238893020831217e-02 1.3896418173094821e-01 -1.9823873628829295e-17 1.5975764121732049e-16 3.7858357055000961e+03 8 8 32 -1.2500000000000000e+00 1.0000000000000001e-01 1.0000000000000000e+00 -1.2000000000000000e+01
9.8999999999999999e-01 1.6098187775687343e+00 1.5000000000000002e-01 1.0000000000000000e+00 1.7100000000000000e+03 8.1156837418696726e-02 2.3509446961341293e-01 -7.0221896526969953e-17 -7.2839651579112898e-03 8.8440802576607205e-02 -2.1054061799084943e-02 2.5614853141249533e-01 6.2923060000211823e-18 -7.6514202526990659e-17 4.1956546852272004e+02 8 12 0 -1.2500000000000000e+00 1.5000000000000002e-01 1.0000000000000000e+00 -2.0000000000000000e+00
9.9943765867480960e-01 1.3075448481240148e+00 1.5000000000000002e-01 1.0000000000000000e+00 1.7020000000000000e+03 8.2521634085420417e-02 1.9780928474939760e-01 -2.1961242241341605e-16 -1.0187225961873044e-02 9.2708860047292688e-02 -2.4429705402591963e-02 2.2223899015198753e-01 2.7122421422767434e-17 -2.4673484383617840e-16 1.2103841192768887e+03 8 12 4 -1.2500000000000000e+00 1.5000000000000002e-01 1.0000000000000000e+00 -3.2500000000000000e+00
9.9996837722339826e-01 1.2311551464701807e+00 1.5000000000000002e-01 1.0000000000000000e+00 1.7570000000000000e+03 6.6600968005618641e-02 1.5131741319187494e-01 9.0031704036570728e-17 -8.8372250352293721e-03 7.5438193040846965e-02 -2.0100683852188734e-02 1.7141809704406152e-01 -1.1966219193985575e-17 1.0199792323055454e-16 2.4375503746531904e+03 8 12 8 -1.2500000000000000e+00 1.5000000000000002e-01 1.0000000000000000e+00 -4.5000000000000000e+00
9.9999822172058994e-01 1.2122147933166489e+00 1.5000000000000002e-01 1.0000000000000000e+00 1.7040000000000000e+03 5.9322499371568242e-02 1.3281101330803916e-01 -1.0164214787515536e-16 -7.9853480643984429e-03 6.7307847435965601e-02 -1.7900733481389316e-02 1.5071174678942589e-01 1.3697387337378862e-17 -1.1533953521252904e-16 2.9593637533280998e+03 8 12 12 -1.2500000000000000e+00 1.5000000000000002e-01 1.0000000000000000e+00 -5.7500000000000000e+00
9.9999990000000005e-01 1.2076567554252968e+00 1.5000000000000002e-01 1.0000000000000000e+00 1.7140000000000000e+03 5.7204318430377432e-02 1.2758312891992024e-01 7.2285526082490888e-17 -7.7224540556797457e-03 6.4926772486054121e-02 -1.7246467196701528e-02 1.4482959611662222e-01 -9.7737257252874268e-18 8.2059251807780135e-17 3.3758852145345882e+03 8 12 16 -1.2500000000000000e+00 1.5000000000000002e-01 1.0000000000000000e+00 -7.0000000000000000e+00
9.9999999437658671e-01 1.2065717419779096e+00 1.5000000000000002e-01 1.0000000000000000e+00 1.7240000000000000e+03 5.6673065520917894e-02 1.2628103285812017e-01 -1.2761616180904681e-16 -7.6556209403885267e-03 6.4328686461304505e-02 -1.7081519153843913e-02 1.4336255201196044e-01 1.7264406533009348e-17 -1.4488056834205480e-16 3.9751575151579455e+03 8 12 20 -1.2500000000000000e+00 1.5000000000000002e-01 1.0000000000000000e+00 -8.2500000000000000e+00
9.9999999968377229e-01 1.2063142066090327e+00 1.5000000000000002e-01 1.0000000000000000e+00 1.7340000000000000e+03 5.6545079202935361e-02 1.2596790385052178e-01 9.6467010103244514e-17 -7.6394989785888512e-03 6.4184578181522789e-02 -1.7041806876564241e-02 1.4300971072708379e-01 -1.3048433357872435e-17 1.0951544346111372e-16 3.8634536731075495e+03 8 12 24 -1.2500000000000000e+00 1.5000000000000002e-01 1.0000000000000000e+00 -9.5000000000000000e+00
9.9999999998221722e-01 1.2062531218040105e+00 1.5000000000000002e-01 1.0000000000000000e+00 1.7080000000000000e+03 5.6514917802471837e-02 1.2589408157661644e-01 1.1467284283875615e-16 -7.6356601774465764e-03 6.4150577979916079e-02 -1.7032355352961274e-02 1.4292643692957324e-01 -1.5518798781569759e-17 1.3019164162032383e-16 4.3892383957682177e+03 8 12 28 -1.2500000000000000e+00 1.5000000000000002e-01 1.0000000000000000e+00 -1.0750000000000000e+01
9.9999999999900002e-01 1.2062386358720092e+00 1.5000000000000002e-01 1.0000000000000000e+00 1.7180000000000000e+03 5.6507704025165133e-02 1.2587643832902762e-01 -1.7055682649599965e-16 -7.6347489865947618e-03 6.4142453011757597e-02 -1.7030112151076676e-02 1.4290655048010514e-01 2.3079602026044330e-17 -1.9363642852204136e-16 4.4431678897654638e+03 8 12 32 -1.2500000000000000e+00 1.5000000000000002e-01 1.0000000000000000e+00 -1.2000000000000000e+01
9.8999999999999999e-01 1.6512243629798418e+00 2.0000000000000001e-01 1.0000000000000000e+00 1.7820000000000000e+03 8.0586820757079319e-02 2.3290406266428387e-01 4.8136316824291500e-16 -7.0661734386425860e-03 8.7652994195720535e-02 -2.0343648268740987e-02 2.5324771093302290e-01 -4.2033962046633531e-17 5.2339713028954578e-16 5.0233931060601026e+02 8 16 0 -1.2500000000000000e+00 2.0000000000000001e-01 1.0000000000000000e+00 -2.0000000000000000e+00
9.9943765867480960e-01 1.3523303392837609e+00 2.0000000000000001e-01 1.0000000000000000e+00 1.8190000000000000e+03 8.1371229289518510e-02 1.9617467565004645e-01 -8.7119056702021449e-17 -9.6675841610972379e-03 9.1038813450614167e-02 -2.3307115108230941e-02 2.1948179075827701e-01 1.0350438332298735e-17 -9.7469495034320011e-17 1.4078192118210718e+03 8 16 4 -1.2500000000000000e+00 2.0000000000000001e-01 1.0000000000000000e+00 -3.2500000000000000e+00
9.9996837722339826e-01 1.2794349542463599e+00 2.0000000000000001e-01 1.0000000000000000e+00 1.7840000000000000e+03 6.6105077772309645e-02 1.5155589930426036e-01 2.1229567655783574e-16 -8.3881304182976003e-03 7.4493208190607188e-02 -1.9251090320080638e-02 1.7080698962434063e-01 -2.6960621036864063e-17 2.3925629759469136e-16 2.5827274950351566e+03 8 16 8 -1.2500000000000000e+00 2.0000000000000001e-01 1.0000000000000000e+00 -4.5000000000000000e+00
9.9999822172058994e-01 1.2617670108118311e+00 2.0000000000000001e-01 1.0000000000000000e+00 1.7940000000000000e+03 5.9313218267727112e-02 1.3411409229624649e-01 7.6167751799310767e-17 -7.6221008898964011e-03 6.6935319157620798e-02 -1.7256984023347997e-02 1.5137107631959390e-01 -9.8030142181901305e-18 8.5970766017499277e-17 3.6560025152396411e+03 8 16 12 -1.2500000000000000e+00 2.0000000000000001e-01 1.0000000000000000e+00 -5.7500000000000000e+00
9.9999990000000005e-01 1.2575480694055872e+00 2.0000000000000001e-01 1.0000000000000000e+00 1.8040000000000000e+03 5.7357664100116661e-02 1.2922700417140975e-01 -3.0612202944903540e-16 -7.3893603486272618e-03 6.4747024448741947e-02 -1.6671074771197527e-02 1.4589807894260409e-01 3.9498363737176209e-17 -3.4562039318620517e-16 3.6407000241819769e+03 8 16 16 -1.2500000000000000e+00 2.0000000000000001e-01 1.0000000000000000e+00 -7.0000000000000000e+00
9.9999999437658671e-01 1.2565458239921103e+00 2.0000000000000001e-01 1.0000000000000000e+00 1.8140000000000000e+03 5.6868829082188217e-02 1.2801305548315720e-01 -1.4212304165002062e-16 -7.3304983286716441e-03 6.4199327410857931e-02 -1.6523980823067302e-02 1.4453703630622122e-01 1.8345303968234403e-17 -1.6046834561825253e-16 4.1063562753126025e+03 8 16 20 -1.2500000000000000e+00 2.0000000000000001e-01 1.0000000000000000e+00 -8.2500000000000000e+00
9.9999999968377229e-01 1.2563080523197470e+00 2.0000000000000001e-01 1.0000000000000000e+00 1.7880000000000000e+03 5.6751333902598559e-02 1.2772170527480747e-01 -1.2288372931040253e-16 -7.3163067279981790e-03 6.4067640630594780e-02 -1.6488583105021021e-02 1.4421028837982694e-01 1.5857242074769818e-17 -1.3874097138516901e-16 4.4005845581786707e+03 8 16 24 -1.2500000000000000e+00 2.0000000000000001e-01 1.0000000000000000e+00 -9.5000000000000000e+00
9.9999999998221722e-01 1.2562516621390825e+00 2.0000000000000001e-01 1.0000000000000000e+00 1.7980000000000000e+03 5.6723453390569847e-02 1.2765258759609627e-01 -3.5588425214754336e-16 -7.3129285123409880e-03 6.4036381902908251e-02 -1.6480160403318688e-02 1.4413274799941250e-01 4.5947502853762854e-17 -4.0183175500130349e-16 4.5606151312962174e+03 8 16 28 -1.2500000000000000e+00 2.0000000000000001e-01 1.0000000000000000e+00 -1.0750000000000000e+01
9.9999999999900002e-01 1.2562382895425168e+00 2.0000000000000001e-01 1.0000000000000000e+00 1.8080000000000000e+03 5.6716833232529178e-02 1.2763617696541096e-01 -1.3855103160913681e-16 -7.3121266925915045e-03 6.4028959925119505e-02 -1.6478161485561374e-02 1.4411433845097235e-01 1.7882783993046043e-17 -1.5643381560218221e-16 4.6551005885470659e+03 8 16 32 -1.2500000000000000e+00 2.0000000000000001e-01 1.0000000000000000e+00 -1.2000000000000000e+01
9.8999999999999999e-01 1.6953027904322373e+00 2.5000000000000000e-01 1.0000000000000000e+00 1.9170000000000000e+03 8.0280480358308481e-02 2.3089817128451934e-01 -7.6683754889947682e-16 -6.8637177796500148e-03 8.7144198137958845e-02 -1.9629214327498881e-02 2.5052738561201732e-01 6.5164823737314022e-17 -8.3200237263678935e-16 5.3216840451769531e+02 8 20 0 -1.2500000000000000e+00 2.5000000000000000e-01 1.0000000000000000e+00 -2.0000000000000000e+00
9.9943765867480960e-01 1.3989541778454611e+00 2.5000000000000000e-01 1.0000000000000000e+00 1.8730000000000000e+03 8.0425278356716756e-02 1.9446010761241150e-01 2.2335690829345573e-16 -9.1842586447768264e-03 8.9609537001492587e-02 -2.2186977083947502e-02 2.1664708469635902e-01 -2.5480361201897542e-17 2.4883726949534997e-16 1.5406236430751160e+03 8 20 4 -1.2500000000000000e+00 2.5000000000000000e-01 1.0000000000000000e+00 -3.2500000000000000e+00
9.9996837722339826e-01 1.3283895781049113e+00 2.5000000000000000e-01 1.0000000000000000e+00 1.8920000000000000e+03 6.5604573547537071e-02 1.5124624883109417e-01 2.5410016693011061e-16 -7.9594823021234620e-03 7.3564055849660276e-02 -1.8358763583496605e-02 1.6960501241459025e-01 -3.0844355151294059e-17 2.8494452208139947e-16 2.7636502859508619e+03 8 20 8 -1.2500000000000000e+00 2.5000000000000000e-01 1.0000000000000000e+00 -4.5000000000000000e+00
9.9999822172058994e-01 1.3115009764324723e+00 2.5000000000000000e-01 1.0000000000000000e+00 1.8660000000000000e+03 5.9129327482811501e-02 1.3452679957901009e-01 9.6837357680134693e-17 -7.2558514056393873e-03 6.6385178888446139e-02 -1.6521792255613735e-02 1.5104859183461780e-01 -1.1898383535217091e-17 1.0873574121535165e-16 3.6965452151400968e+03 8 20 12 -1.2500000000000000e+00 2.5000000000000000e-01 1.0000000000000000e+00 -5.7500000000000000e+00
9.9999990000000005e-01 1.3074838836416764e+00 2.5000000000000000e-01 1.0000000000000000e+00 1.8760000000000000e+03 5.7276243255208088e-02 1.2986167971666535e-01 -5.7670170735175817e-17 -7.0444724033253301e-03 6.4320715658531882e-02 -1.5986526708917786e-02 1.4584820642558100e-01 7.0994440144102218e-18 -6.4769614749585089e-17 4.0474407760994509e+03 8 20 16 -1.2500000000000000e+00 2.5000000000000000e-01 1.0000000000000000e+00 -7.0000000000000000e+00
9.9999999437658671e-01 1.3065305401912248e+00 2.5000000000000000e-01 1.0000000000000000e+00 1.8860000000000000e+03 5.6814255590641599e-02 1.2870519979032177e-01 -3.1436124763164517e-16 -6.9911511131209260e-03 6.3805406703760753e-02 -1.5852415396709053e-02 1.4455761518702656e-01 3.8719376452568756e-17 -3.5308062408420373e-16 4.5728433685656637e+03 8 20 20 -1.2500000000000000e+00 2.5000000000000000e-01 1.0000000000000000e+00 -8.2500000000000000e+00
9.9999999968377229e-01 1.3063044243897786e+00 2.5000000000000000e-01 1.0000000000000000e+00 1.8960000000000000e+03 5.6703199959963584e-02 1.2842763790709325e-01 3.2627394495898382e-16 -6.9782983094255424e-03 6.3681498269386766e-02 -1.5820148315980574e-02 1.4424778622306955e-01 -4.0190057900616664e-17 3.6646400285959392e-16 4.6314579927446321e+03 8 20 24 -1.2500000000000000e+00 2.5000000000000000e-01 1.0000000000000000e+00 -9.5000000000000000e+00
9.9999999998221722e-01 1.3062508014874141e+00 2.5000000000000000e-01 1.0000000000000000e+00 1.8700000000000000e+03 5.6676765188290443e-02 1.2836159771628958e-01 -2.1876369246814913e-16 -6.9752380872763120e-03 6.3652003275563807e-02 -1.5812468080213641e-02 1.4417406579649997e-01 2.6953217093806022e-17 -2.4571690956194469e-16 4.7089340530568734e+03 8 20 28 -1.2500000000000000e+00 2.5000000000000000e-01 1.0000000000000000e+00 -1.0750000000000000e+01
9.9999999999900002e-01 1.3062380851453801e+00 2.5000000000000000e-01 1.0000000000000000e+00 1.8800000000000000e+03 5.6670483164366049e-02 1.2834590763994974e-01 1.5840772308880416e-16 -6.9745119952614150e-03 6.3644995159625475e-02 -1.5810646086840040e-02 1.4415655372678612e-01 -1.9515359223239665e-17 1.7792308231204006e-16 5.1966693225735798e+03 8 20 32 -1.2500000000000000e+00 2.5000000000000000e-01 1.0000000000000000e+00 -1.2000000000000000e+01
9.8999999999999999e-01 1.7414693679009918e+00 3.0000000000000004e-01 1.0000000000000000e+00 1.9800000000000000e+03 8.0166868442877862e-02 2.2902233796260935e-01 1.7036014428721942e-16 -6.6729101653997275e-03 8.6839778608277601e-02 -1.8922558653911417e-02 2.4794489661651947e-01 -1.4086639882811624e-17 1.8444678417003250e-16 5.9138127162028104e+02 8 24 0 -1.2500000000000000e+00 3.0000000000000004e-01 1.0000000000000000e+00 -2.0000000000000000e+00
9.9943765867480960e-01 1.4467709933903039e+00 3.0000000000000004e-01 1.0000000000000000e+00 1.9810000000000000e+03 7.9727090253575550e-02 1.9286098813871838e-01 4.4594038942430295e-16 -8.7476552749124522e-03 8.8474745528485957e-02 -2.1117617748851198e-02 2.1397860588756931e-01 -4.8832900559554446e-17 4.9477328998385128e-16 1.7336788155613467e+03 8 24 4 -1.2500000000000000e+00 3.0000000000000004e-01 1.0000000000000000e+00 -3.2500000000000000e+00
9.9996837722339826e-01 1.3777354578909498e+00 3.0000000000000004e-01 1.0000000000000000e+00 1.9550000000000000e+03 6.5222232000980401e-02 1.5076518563234242e-01 2.9677725811543606e-16 -7.5707090668030615e-03 7.2792941067783709e-02 -1.7492225914563838e-02 1.6825741154690343e-01 -3.4434505347150834e-17 3.3121176346258034e-16 2.9757931738011539e+03 8 24 8 -1.2500000000000000e+00 3.0000000000000004e-01 1.0000000000000000e+00 -4.5000000000000000e+00
9.9999822172058994e-01 1.3613364019906138e+00 3.0000000000000004e-01 1.0000000000000000e+00 1.9650000000000000e+03 5.8957494757554178e-02 1.3456111046470373e-01 -2.4272473024105318e-16 -6.9151014326810159e-03 6.5872596190232210e-02 -1.5782196911992803e-02 1.5034330737669208e-01 2.8468243172280045e-17 -2.7119297341332933e-16 3.9751121971393004e+03 8 24 12 -1.2500000000000000e+00 3.0000000000000004e-01 1.0000000000000000e+00 -5.7500000000000000e+00
9.9999990000000005e-01 1.3574442949534951e+00 3.0000000000000004e-01 1.0000000000000000e+00 1.9750000000000000e+03 5.7169669492549119e-02 1.3004643640116570e-01 -3.2684374595455475e-16 -6.7202485156194133e-03 6.3889918008166374e-02 -1.5287759409180668e-02 1.4533419581034349e-01 3.8422229761950544e-17 -3.6526597571649835e-16 4.7030157889900729e+03 8 24 16 -1.2500000000000000e+00 3.0000000000000004e-01 1.0000000000000000e+00 -7.0000000000000000e+00
9.9999999437658671e-01 1.3565211202021479e+00 3.0000000000000004e-01 1.0000000000000000e+00 1.9490000000000000e+03 5.6724632909220772e-02 1.2892846891677387e-01 1.3398102955374851e-16 -6.6709365059806720e-03 6.3395569415198888e-02 -1.5163531817398990e-02 1.4409200073416945e-01 -1.5758146207123044e-17 1.4973917576086800e-16 5.1714821036094800e+03 8 24 20 -1.2500000000000000e+00 3.0000000000000004e-01 1.0000000000000000e+00 -8.2500000000000000e+00
9.9999999968377229e-01 1.3563021887387228e+00 3.0000000000000004e-01 1.0000000000000000e+00 1.9590000000000000e+03 5.6617778112389675e-02 1.2866036862544594e-01 -2.0340338142218124e-16 -6.6590908875680359e-03 6.3276868999955674e-02 -1.5133757917705088e-02 1.4379412654314733e-01 2.3925723972362979e-17 -2.2732910539452931e-16 5.7989763480424881e+03 8 24 24 -1.2500000000000000e+00 3.0000000000000004e-01 1.0000000000000000e+00 -9.5000000000000000e+00
9.9999999998221722e-01 1.3562502711704374e+00 3.0000000000000004e-01 1.0000000000000000e+00 1.9690000000000000e+03 5.6592366822200597e-02 1.2859663343005226e-01 -2.4442166824917813e-16 -6.6562669245993304e-03 6.3248633746797123e-02 -1.5126657301310426e-02 1.4372329073135981e-01 2.8751145639202833e-17 -2.7317281388837473e-16 6.0599963538125157e+03 8 24 28 -1.2500000000000000e+00 3.0000000000000004e-01 1.0000000000000000e+00 -1.0750000000000000e+01
9.9999999999900002e-01 1.3562379591983940e+00 3.0000000000000004e-01 1.0000000000000000e+00 1.9790000000000000e+03 5.6586338695795227e-02 1.2858151628105358e-01 2.7294362861302396e-16 -6.6555942802478708e-03 6.3241932976040013e-02 -1.5124965261007267e-02 1.4370648154205884e-01 -3.2106330556351673e-17 3.0504995916936773e-16 5.7771275887284428e+03 8 24 32 -1.2500000000000000e+00 3.0000000000000004e-01 1.0000000000000000e+00 -1.2000000000000000e+01
9.8999999999999999e-01 1.7892853349186630e+00 3.5000000000000003e-01 1.0000000000000000e+00 2.0340000000000000e+03 8.0168489995926018e-02 2.2718571934534360e-01 3.0267217977987955e-16 -6.4877700393368293e-03 8.6656260035262681e-02 -1.8225311158725124e-02 2.4541103050406907e-01 -2.4280992095249315e-17 3.2695317187512502e-16 6.3696005565114319e+02 8 28 0 -1.2500000000000000e+00 3.5000000000000003e-01 1.0000000000000000e+00 -2.0000000000000000e+00
9.9943765867480960e-01 1.4954030949391914e+00 3.5000000000000003e-01 1.0000000000000000e+00 2.0350000000000000e+03 7.9263328130598165e-02 1.9144326812613099e-01 -3.1516260823616884e-16 -8.3575509196209714e-03 8.7620879050217565e-02 -2.0120473847843268e-02 2.1156374197397082e-01 3.3129247757229596e-17 -3.4829185599339355e-16 1.8538102797586471e+03 8 28 4 -1.2500000000000000e+00 3.5000000000000003e-01 1.0000000000000000e+00 -3.2500000000000000e+00
9.9996837722339826e-01 1.4273296666611612e+00 3.5000000000000003e-01 1.0000000000000000e+00 2.0270000000000000e+03 6.4984159926008506e-02 1.5026929254275795e-01 3.7874207155728516e-17 -7.2247148200668713e-03 7.2208874746074597e-02 -1.6680158719387307e-02 1.6694945126214233e-01 -4.1990606100309865e-18 4.2073267765758927e-17 3.4001463325470686e+03 8 28 8 -1.2500000000000000e+00 3.5000000000000003e-01 1.0000000000000000e+00 -4.5000000000000000e+00
9.9999822172058994e-01 1.4112347758468946e+00 3.5000000000000003e-01 1.0000000000000000e+00 2.0370000000000000e+03 5.8862962811345641e-02 1.3445319540803258e-01 -1.5298723328738911e-16 -6.6115013352341812e-03 6.5474464146576927e-02 -1.5084144171113279e-02 1.4953733957914117e-01 1.7160020594755120e-17 -1.7014725388213651e-16 4.7693021368561313e+03 8 28 12 -1.2500000000000000e+00 3.5000000000000003e-01 1.0000000000000000e+00 -5.7500000000000000e+00
9.9999990000000005e-01 1.4074198789204411e+00 3.5000000000000003e-01 1.0000000000000000e+00 2.0470000000000000e+03 5.7120943127430213e-02 1.3005287529347659e-01 1.6194142064228725e-17 -6.4280709339548893e-03 6.3549014061381290e-02 -1.4620017325583826e-02 1.4467289261905508e-01 -1.8189775000962248e-18 1.8013119564324640e-17 5.0365193128380924e+03 8 28 16 -1.2500000000000000e+00 3.5000000000000003e-01 1.0000000000000000e+00 -7.0000000000000000e+00
9.9999999437658671e-01 1.4065153122568941e+00 3.5000000000000003e-01 1.0000000000000000e+00 2.0570000000000000e+03 5.6686760327243249e-02 1.2896185176830482e-01 -1.7181170055776222e-16 -6.3819665410319859e-03 6.3068726868272793e-02 -1.4504124562559685e-02 1.4346597633086008e-01 1.9323375649662027e-17 -1.9113507620741831e-16 5.7912794283535331e+03 8 28 20 -1.2500000000000000e+00 3.5000000000000003e-01 1.0000000000000000e+00 -8.2500000000000000e+00
9.9999999968377229e-01 1.4063008104510182e+00 3.5000000000000003e-01 1.0000000000000000e+00 2.0310000000000000e+03 5.6582559396021526e-02 1.2870037999375236e-01 3.4495209359405284e-18 -6.3708283982847561e-03 6.2953387794302790e-02 -1.4476119865977886e-02 1.4317649985972533e-01 -3.8512816700386289e-19 3.8346491029442253e-18 6.2970746609680355e+03 8 28 24 -1.2500000000000000e+00 3.5000000000000003e-01 1.0000000000000000e+00 -9.5000000000000000e+00
9.9999999998221722e-01 1.4062499444034862e+00 3.5000000000000003e-01 1.0000000000000000e+00 2.0410000000000000e+03 5.6557779269542474e-02 1.2863820599382358e-01 2.5116699506685369e-17 -6.3681860283249878e-03 6.2925965297864137e-02 -1.4469488231815450e-02 1.4310769422563230e-01 -2.8280427014970519e-18 2.7944742208180944e-17 7.2394315404882655e+03 8 28 28 -1.2500000000000000e+00 3.5000000000000003e-01 1.0000000000000000e+00 -1.0750000000000000e+01
9.9999999999900002e-01 1.4062378818877830e+00 3.5000000000000003e-01 1.0000000000000000e+00 2.0510000000000000e+03 5.6551873122383974e-02 1.2862335814493447e-01 -1.5191160594938332e-16 -6.3675882031876910e-03 6.2919461325568748e-02 -1.4468024817002562e-02 1.4309138296193441e-01 1.7091853238853472e-17 -1.6900345918823218e-16 7.2083650430943817e+03 8 28 32 -1.2500000000000000e+00 3.5000000000000003e-01 1.0000000000000000e+00 -1.2000000000000000e+01
9.8999999999999999e-01 1.8384193681229692e+00 4.0000000000000002e-01 1.0000000000000000e+00 2.1240000000000000e+03 8.0195965677177433e-02 2.2525057549782407e-01 -4.6454258742475931e-16 -6.2971562305600814e-03 8.6493121907737669e-02 -1.7522456012715223e-02 2.4277303151053833e-01 3.6111169091863457e-17 -5.0065375651662402e-16 7.0984435786772519e+02 8 32 0 -1.2500000000000000e+00 4.0000000000000002e-01 1.0000000000000000e+00 -2.0000000000000000e+00
9.9943765867480960e-01 1.5446162244444142e+00 4.0000000000000002e-01 1.0000000000000000e+00 2.1430000000000000e+03 7.8977895750982699e-02 1.9017094216875069e-01 -3.3781145377664979e-16 -8.0154620363001357e-03 8.6993357787282927e-02 -1.9214767343906515e-02 2.0938570951265545e-01 3.4132283388832923e-17 -3.7194373716547959e-16 2.0165580889685079e+03 8 32 4 -1.2500000000000000e+00 4.0000000000000002e-01 1.0000000000000000e+00 -3.2500000000000000e+00
9.9996837722339826e-01 1.4770919836191942e+00 4.0000000000000002e-01 1.0000000000000000e+00 2.1080000000000000e+03 6.4880481976017382e-02 1.4982165821655102e-01 1.5192909355182643e-16 -6.9288570790855672e-03 7.1809339055100285e-02 -1.5953880614500558e-02 1.6577553883104806e-01 -1.6173850257632225e-17 1.6810294380945427e-16 3.6963210466802120e+03 8 32 8 -1.2500000000000000e+00 4.0000000000000002e-01 1.0000000000000000e+00 -4.5000000000000000e+00
9.9999822172058994e-01 1.4611751314555532e+00 4.0000000000000002e-01 1.0000000000000000e+00 2.1180000000000000e+03 5.8857846100651000e-02 1.3430928406127574e-01 1.8832046113822079e-16 -6.3441532296378529e-03 6.5201999330286128e-02 -1.4442160507772838e-02 1.4875144456904291e-01 -2.0260074113437430e-17 2.0858053525165223e-16 5.2610161557439715e+03 8 32 12 -1.2500000000000000e+00 4.0000000000000002e-01 1.0000000000000000e+00 -5.7500000000000000e+00
9.9999990000000005e-01 1.4574055441959308e+00 4.0000000000000002e-01 1.0000000000000000e+00 2.1280000000000000e+03 5.7142386344579452e-02 1.2998689004260203e-01 1.0276339197941979e-16 -6.1699860969132020e-03 6.3312372441490378e-02 -1.4003732783469808e-02 1.4399062282606581e-01 -1.1067801128242754e-17 1.1383119310765532e-16 5.6025046334555373e+03 8 32 16 -1.2500000000000000e+00 4.0000000000000002e-01 1.0000000000000000e+00 -7.0000000000000000e+00
9.9999999437658671e-01 1.4565119021432613e+00 4.0000000000000002e-01 1.0000000000000000e+00 2.1380000000000000e+03 5.6714998051550725e-02 1.2891547612067683e-01 -1.1106147656317616e-16 -6.1261155968083039e-03 6.2841113648354513e-02 -1.3893916655878675e-02 1.4280939277654833e-01 1.1975749538984483e-17 -1.2303722610215401e-16 6.1859765664665028e+03 8 32 20 -1.2500000000000000e+00 4.0000000000000002e-01 1.0000000000000000e+00 -8.2500000000000000e+00
9.9999999968377229e-01 1.4563000011519338e+00 4.0000000000000002e-01 1.0000000000000000e+00 2.1120000000000000e+03 5.6612398395217894e-02 1.2865856133364759e-01 -1.6798065237881891e-16 -6.1155662431547336e-03 6.2727964638370326e-02 -1.3867555000556614e-02 1.4252611633420167e-01 1.8111935837581854e-17 -1.8609258821639356e-16 7.4548576472913846e+03 8 32 24 -1.2500000000000000e+00 4.0000000000000002e-01 1.0000000000000000e+00 -9.5000000000000000e+00
9.9999999998221722e-01 1.4562497522997022e+00 4.0000000000000002e-01 1.0000000000000000e+00 2.1220000000000000e+03 5.6587992851922744e-02 1.2859742961478632e-01 7.3098037843266416e-17 -6.1130793934383188e-03 6.2701072245359632e-02 -1.3861368313166606e-02 1.4245879792794963e-01 -7.8761498536608828e-18 8.0974187696924258e-17 7.6790721435854211e+03 8 32 28 -1.2500000000000000e+00 4.0000000000000002e-01 1.0000000000000000e+00 -1.0750000000000000e+01
9.9999999999900002e-01 1.4562378365970121e+00 4.0000000000000002e-01 1.0000000000000000e+00 2.1320000000000000e+03 5.6582206105604049e-02 1.2858295131136616e-01 -1.5874313014365524e-16 -6.1124834618021418e-03 6.2694689567404399e-02 -1.3859879490676338e-02 1.4244283080203651e-01 1.7107824819507561e-17 -1.7585095496316021e-16 7.7662755121672526e+03 8 32 32 -1.2500000000000000e+00 4.0000000000000002e-01 1.0000000000000000e+00 -1.2000000000000000e+01
9.8999999999999999e-01 1.5410943703956781e+00 0.0000000000000000e+00 1.0000000000000000e+00 1.6200000000000000e+02 8.2215720170158435e-02 2.3868269515989343e-01 0.0000000000000000e+00 -7.6593409577379191e-03 8.9875061127896338e-02 -2.2236041223719707e-02 2.6091873638361346e-01 0.0000000000000000e+00 0.0000000000000000e+00 0.0000000000000000e+00 10 0 0 -1.0625000000000000e+00 0.0000000000000000e+00 1.0000000000000000e+00 -2.0000000000000000e+00
9.9943765867480960e-01 1.2331878775125649e+00 0.0000000000000000e+00 1.0000000000000000e+00 1.6300000000000000e+02 8.6285831805026789e-02 2.0440081356015410e-01 0.0000000000000000e+00 -1.1375346696979743e-02 9.7661178502006590e-02 -2.6946835543584693e-02 2.3134764910373867e-01 0.0000000000000000e+00 0.0000000000000000e+00 0.0000000000000000e+00 10 0 4 -1.0625000000000000e+00 0.0000000000000000e+00 1.0000000000000000e+00 -3.2500000000000000e+00
9.9996837722339826e-01 1.1390293648489616e+00 0.0000000000000000e+00 1.0000000000000000e+00 1.6400000000000000e+02 7.0380480472833906e-02 1.5593506972738599e-01 0.0000000000000000e+00 -1.0177246162928475e-02 8.0557726635762467e-02 -2.2548717760765825e-02 1.7848378748815172e-01 0.0000000000000000e+00 0.0000000000000000e+00 0.0000000000000000e+00 10 0 8 -1.0625000000000000e+00 0.0000000000000000e+00 1.0000000000000000e+00 -4.5000000000000000e+00
9.9999822172058994e-01 1.1061535403235061e+00 0.0000000000000000e+00 1.0000000000000000e+00 1.6500000000000000e+02 6.0411526984266814e-02 1.3069322894106664e-01 0.0000000000000000e+00 -8.9680776638449474e-03 6.9379604648111631e-02 -1.9401380593928746e-02 1.5009460953499543e-01 0.0000000000000000e+00 0.0000000000000000e+00 0.0000000000000000e+00 10 0 12 -1.0625000000000000e+00 0.0000000000000000e+00 1.0000000000000000e+00 -5.7500000000000000e+00
9.9999990000000005e-01 1.0940120915739664e+00 0.0000000000000000e+00 1.0000000000000000e+00 1.6600000000000000e+02 5.5932741380798477e-02 1.1993558216236505e-01 0.0000000000000000e+00 -8.3743480351500307e-03 6.4307089415948426e-02 -1.7956965491607066e-02 1.3789254765397208e-01 0.0000000000000000e+00 0.0000000000000000e+00 0.0000000000000000e+00 10 0 16 -1.0625000000000000e+00 0.0000000000000000e+00 1.0000000000000000e+00 -7.0000000000000000e+00
9.9999999437658671e-01 1.0894262526224876e+00 0.0000000000000000e+00 1.0000000000000000e+00 1.6700000000000000e+02 5.4112965171291244e-02 1.1564454769911119e-01 0.0000000000000000e+00 -8.1270202051276167e-03 6.2239985376418845e-02 -1.7368214304806569e-02 1.3301276200391771e-01 0.0000000000000000e+00 0.0000000000000000e+00 0.0000000000000000e+00 10 0 20 -1.0625000000000000e+00 0.0000000000000000e+00 1.0000000000000000e+00 -8.2500000000000000e+00
9.9999999968377229e-01 1.0876789397774451e+00 0.0000000000000000e+00 1.0000000000000000e+00 1.6800000000000000e+02 5.3400016081822543e-02 1.1397488277433949e-01 0.0000000000000000e+00 -8.0293348045643292e-03 6.1429350886386902e-02 -1.7137494709812632e-02 1.3111237748415200e-01 0.0000000000000000e+00 0.0000000000000000e+00 0.0000000000000000e+00 10 0 24 -1.0625000000000000e+00 0.0000000000000000e+00 1.0000000000000000e+00 -9.5000000000000000e+00
9.9999999998221722e-01 1.0870109184678389e+00 0.0000000000000000e+00 1.0000000000000000e+00 1.6900000000000000e+02 5.3124525782519971e-02 1.1333137858462800e-01 0.0000000000000000e+00 -7.9914797046064783e-03 6.1116005487126569e-02 -1.7048348169013391e-02 1.3037972675364112e-01 0.0000000000000000e+00 0.0000000000000000e+00 0.0000000000000000e+00 10 0 28 -1.0625000000000000e+00 0.0000000000000000e+00 1.0000000000000000e+00 -1.0750000000000000e+01
9.9999999999900002e-01 1.0867551831372575e+00 0.0000000000000000e+00 1.0000000000000000e+00 1.7000000000000000e+02 5.3018629730829422e-02 1.1308426566468116e-01 0.0000000000000000e+00 -7.9769130362852946e-03 6.0995542767114670e-02 -1.7014082739577292e-02 1.3009834840425819e-01 0.0000000000000000e+00 0.0000000000000000e+00 0.0000000000000000e+00 10 0 32 -1.0625000000000000e+00 0.0000000000000000e+00 1.0000000000000000e+00 -1.2000000000000000e+01
9.8999999999999999e-01 1.5687573740671541e+00 5.0000000000000003e-02 1.0000000000000000e+00 1.7100000000000000e+02 8.0033304710273395e-02 2.3517528175190988e-01 -7.2997814729532523e-16 -7.3684328597589605e-03 8.7401737570031821e-02 -2.1646302010541966e-02 2.5682158376245234e-01 6.7188306380495008e-17 -7.9716645367582069e-16 1.9195759800169617e+02 10 4 0 -1.0625000000000000e+00 5.0000000000000003e-02 1.0000000000000000e+00 -2.0000000000000000e+00
9.9943765867480960e-01 1.2596924542599646e+00 5.0000000000000003e-02 1.0000000000000000e+00 1.7200000000000000e+02 8.6672057067968433e-02 2.0814896926454718e-01 -2.9655519654509108e-16 -1.1232913599409687e-02 9.7904970667378452e-02 -2.6979700112578196e-02 2.3512866937712423e-01 3.8438388977297361e-17 -3.3499358552238891e-16 6.4861671335529536e+02 10 4 4 -1.0625000000000000e+00 5.0000000000000003e-02 1.0000000000000000e+00 -3.2500000000000000e+00
9.9996837722339826e-01 1.1709126202556990e+00 5.0000000000000003e-02 1.0000000000000000e+00 1.7300000000000000e+02 7.3904648050117649e-02 1.6668002184024727e-01 1.4804159839365318e-16 -1.0432079795521796e-02 8.4336727845638726e-02 -2.3533177888110299e-02 1.9021319972835643e-01 -2.0901660747183736e-17 1.6894325914083590e-16 9.9796410057693720e+02 10 4 8 -1.0625000000000000e+00 5.0000000000000003e-02 1.0000000000000000e+00 -4.5000000000000000e+00
9.9999822172058994e-01 1.1453841461579253e+00 5.0000000000000003e-02 1.0000000000000000e+00 1.7400000000000000e+02 6.7121880875826725e-02 1.4858004583073775e-01 -1.2878229577048432e-16 -9.6681691148841481e-03 7.6790049990709902e-02 -2.1406835512580515e-02 1.6998688134331547e-01 1.8553346585183796e-17 -1.4733564235566618e-16 1.2750944453962147e+03 10 4 12 -1.0625000000000000e+00 5.0000000000000003e-02 1.0000000000000000e+00 -5.7500000000000000e+00
9.9999990000000005e-01 1.1387308935665632e+00 5.0000000000000003e-02 1.0000000000000000e+00 1.7500000000000000e+02 6.5012984096022047e-02 1.4320127991309073e-01 -1.7634664736976871e-16 -9.4081544116631048e-03 7.4421138507684767e-02 -2.0728446503621958e-02 1.6392972641671200e-01 2.5526808358226955e-17 -2.0187345572799317e-16 1.5643565650386736e+03 10 4 16 -1.0625000000000000e+00 5.0000000000000003e-02 1.0000000000000000e+00 -7.0000000000000000e+00
9.9999999437658671e-01 1.1371057210680584e+00 5.0000000000000003e-02 1.0000000000000000e+00 1.7600000000000000e+02 6.4472788781283860e-02 1.4183886797767270e-01 1.5174700586276960e-16 -9.3401571580692035e-03 7.3812945939352767e-02 -2.0553670783256647e-02 1.6239253876092832e-01 -2.1987221150886849e-17 1.7373422701365539e-16 1.4857170032290742e+03 10 4 20 -1.0625000000000000e+00 5.0000000000000003e-02 1.0000000000000000e+00 -8.2500000000000000e+00
9.9999999968377229e-01 1.1367173838842419e+00 5.0000000000000003e-02 1.0000000000000000e+00 1.7700000000000000e+02 6.4342172698474032e-02 1.4151033763312892e-01 -9.7112763416521412e-17 -9.3236361993235053e-03 7.3665808897798377e-02 -2.0511356880313473e-02 1.6202169451344123e-01 1.4077218307174959e-17 -1.1118998172369484e-16 1.6374896122384816e+03 10 4 24 -1.0625000000000000e+00 5.0000000000000003e-02 1.0000000000000000e+00 -9.5000000000000000e+00
9.9999999998221722e-01 1.1366251246172034e+00 5.0000000000000003e-02 1.0000000000000000e+00 1.7800000000000000e+02 6.4311054410566421e-02 1.4143211812621728e-01 2.3410959422022766e-16 -9.3196955721489977e-03 7.3630749982714516e-02 -2.0501272547211749e-02 1.6193339067342694e-01 -3.3934766863781272e-17 2.6804436108400869e-16 1.6369144832529128e+03 10 4 28 -1.0625000000000000e+00 5.0000000000000003e-02 1.0000000000000000e+00 -1.0750000000000000e+01
9.9999999999900002e-01 1.1366032360793341e+00 5.0000000000000003e-02 1.0000000000000000e+00 1.7900000000000000e+02 6.4303667036224227e-02 1.4141355180448503e-01 -2.4551382681798978e-16 -9.3187597542045558e-03 7.3622426790427103e-02 -2.0498878209685292e-02 1.6191243001416777e-01 3.5586713192909716e-17 -2.8110054001089755e-16 1.6461600752621889e+03 10 4 32 -1.0625000000000000e+00 5.0000000000000003e-02 1.0000000000000000e+00 -1.2000000000000000e+01
9.8999999999999999e-01 1.6022279953157843e+00 1.0000000000000001e-01 1.0000000000000000e+00 1.8000000000000000e+02 7.8449037284528150e-02 2.3202861686076079e-01 -2.9170502988230453e-16 -7.0995822581048328e-03 8.5548619542633000e-02 -2.0975171619853183e-02 2.5300378848061411e-01 2.6368118235756549e-17 -3.1807314811806047e-16 2.7866293755918741e+02 10 8 0 -1.0625000000000000e+00 1.0000000000000001e-01 1.0000000000000000e+00 -2.0000000000000000e+00
9.9943765867480960e-01 1.2961391680621994e+00 1.0000000000000001e-01 1.0000000000000000e+00 1.8100000000000000e+02 8.5897978896966792e-02 2.0886007984601979e-01 -1.4997205619214669e-16 -1.0818824909009312e-02 9.6716803805976748e-02 -2.6312226095695682e-02 2.3517230594171493e-01 1.8891760804255761e-17 -1.6886381699640098e-16 8.0571444154344499e+02 10 8 4 -1.0625000000000000e+00 1.0000000000000001e-01 1.0000000000000000e+00 -3.2500000000000000e+00
9.9996837722339826e-01 1.2145706977190323e+00 1.0000000000000001e-01 1.0000000000000000e+00 1.8200000000000000e+02 7.4995084612734006e-02 1.7218231556179397e-01 -1.1962410906767393e-16 -1.0197406551507710e-02 8.5192491164240991e-02 -2.3427024266830042e-02 1.9560933982862450e-01 1.6278819173610710e-17 -1.3590292824128445e-16 1.5421169298803434e+03 10 8 8 -1.0625000000000000e+00 1.0000000000000001e-01 1.0000000000000000e+00 -4.5000000000000000e+00
9.9999822172058994e-01 1.1934109335764596e+00 1.0000000000000001e-01 1.0000000000000000e+00 1.8300000000000000e+02 6.9665491268155841e-02 1.5745052881693966e-01 -1.5933635584642727e-16 -9.6281422245360522e-03 7.9293633492691099e-02 -2.1776327002020191e-02 1.7922685581895909e-01 2.2038702593000367e-17 -1.8137505843942630e-16 1.7048684805054218e+03 10 8 12 -1.0625000000000000e+00 1.0000000000000001e-01 1.0000000000000000e+00 -5.7500000000000000e+00
9.9999990000000005e-01 1.1882241835667309e+00 1.0000000000000001e-01 1.0000000000000000e+00 1.8400000000000000e+02 6.8110058310542634e-02 1.5332541363298594e-01 1.3618032358041348e-16 -9.4463435467366554e-03 7.7556401857277538e-02 -2.1281057591771017e-02 1.7460647122475437e-01 -1.8901376101406534e-17 1.5508169968181772e-16 1.8124532609768212e+03 10 8 16 -1.0625000000000000e+00 1.0000000000000001e-01 1.0000000000000000e+00 -7.0000000000000000e+00
9.9999999437658671e-01 1.1869831210596762e+00 1.0000000000000001e-01 1.0000000000000000e+00 1.8500000000000000e+02 6.7720645473335825e-02 1.5230268467113048e-01 2.1794494065033547e-16 -9.3999062175956789e-03 7.7120551690931655e-02 -2.1156273321052538e-02 1.7345895799218244e-01 -3.0273016569972777e-17 2.4821795722030388e-16 2.0838815369373187e+03 10 8 20 -1.0625000000000000e+00 1.0000000000000001e-01 1.0000000000000000e+00 -8.2500000000000000e+00
9.9999999968377229e-01 1.1866881697279246e+00 1.0000000000000001e-01 1.0000000000000000e+00 1.8600000000000000e+02 6.7627063261740894e-02 1.5205747570467726e-01 2.2132857028700648e-16 -9.3886947296391438e-03 7.7015757991379274e-02 -2.1126242738315974e-02 1.7318371844299082e-01 -3.0752068544652897e-17 2.5208063883165280e-16 2.2570748084001243e+03 10 8 24 -1.0625000000000000e+00 1.0000000000000001e-01 1.0000000000000000e+00 -9.5000000000000000e+00
9.9999999998221722e-01 1.1866181889131007e+00 1.0000000000000001e-01 1.0000000000000000e+00 1.8700000000000000e+02 6.7604801951657051e-02 1.5199917726676795e-01 -1.7620905469434604e-16 -9.3860246705244031e-03 7.6990826622181041e-02 -2.1119096255801328e-02 1.7311827352256751e-01 2.4489205132319035e-17 -2.0069825982666214e-16 2.3139924896871671e+03 10 8 28 -1.0625000000000000e+00 1.0000000000000001e-01 1.0000000000000000e+00 -1.0750000000000000e+01
9.9999999999900002e-01 1.1866015920645960e+00 1.0000000000000001e-01 1.0000000000000000e+00 1.8800000000000000e+02 6.7599520317381631e-02 1.5198534706951178e-01 1.3871741415822959e-16 -9.3853908519801483e-03 7.6984911169360210e-02 -2.1117400133969913e-02 1.7310274720348051e-01 -1.9277073041365832e-17 1.5799448719959280e-16 2.1979869958702475e+03 10 8 32 -1.0625000000000000e+00 1.0000000000000001e-01 1.0000000000000000e+00 -1.2000000000000000e+01
9.8999999999999999e-01 1.6401810773857057e+00 1.5000000000000002e-01 1.0000000000000000e+00 1.8900000000000000e+02 7.7302870237834317e-02 2.2912513832312206e-01 1.8633931798787084e-16 -6.8512842027844334e-03 8.4154154440618800e-02 -2.0255278673563533e-02 2.4938041699668545e-01 -1.6469010708834817e-17 2.0280832869670608e-16 3.5044227502588183e+02 10 12 0 -1.0625000000000000e+00 1.5000000000000002e-01 1.0000000000000000e+00 -2.0000000000000000e+00
9.9943765867480960e-01 1.3379071479409863e+00 1.5000000000000002e-01 1.0000000000000000e+00 1.9000000000000000e+02 8.4737445217101789e-02 2.0800843882030157e-01 1.1118979578344091e-16 -1.0306393354777591e-02 9.5043838571878189e-02 -2.5301377801883816e-02 2.3330981662218539e-01 -1.3524547916819991e-17 1.2471434370026162e-16 9.8268955554068089e+02 10 12 4 -1.0625000000000000e+00 1.5000000000000002e-01 1.0000000000000000e+00 -3.2500000000000000e+00
9.9996837722339826e-01 1.2615174462871521e+00 1.5000000000000002e-01 1.0000000000000000e+00 1.9100000000000000e+02 7.4865790167159177e-02 1.7426299187508482e-01 7.7388314367914298e-17 -9.7586455596136955e-03 8.4624435726772418e-02 -2.2733256561235135e-02 1.9699624843631863e-01 -1.0095593943597663e-17 8.7483908311511375e-17 1.7599646640634164e+03 10 12 8 -1.0625000000000000e+00 1.5000000000000002e-01 1.0000000000000000e+00 -4.5000000000000000e+00
9.9999822172058994e-01 1.2425770931336204e+00 1.5000000000000002e-01 1.0000000000000000e+00 1.9200000000000000e+02 7.0231963869295616e-02 1.6116905251842370e-01 8.0768359688511323e-17 -9.2833524199762863e-03 7.9515316289271873e-02 -2.1324756694579991e-02 1.8249380921300190e-01 -1.0694915419587734e-17 9.1463275108098449e-17 2.2246182861812413e+03 10 12 12 -1.0625000000000000e+00 1.5000000000000002e-01 1.0000000000000000e+00 -5.7500000000000000e+00
9.9999990000000005e-01 1.2380190552422683e+00 1.5000000000000002e-01 1.0000000000000000e+00 1.9300000000000000e+02 6.8906880708125354e-02 1.5756615605859725e-01 1.7054766169325410e-16 -9.1352050770669817e-03 7.8042085785193491e-02 -2.0910818137675820e-02 1.7847697419627090e-01 -2.2629383412650854e-17 1.9317704510590461e-16 2.4158888531578705e+03 10 12 16 -1.0625000000000000e+00 1.5000000000000002e-01 1.0000000000000000e+00 -7.0000000000000000e+00
9.9999999437658671e-01 1.2369340417948811e+00 1.5000000000000002e-01 1.0000000000000000e+00 1.9400000000000000e+02 6.8577185242761921e-02 1.5667767068901436e-01 -1.2826557543128132e-16 -9.0976388090469335e-03 7.7674824051808505e-02 -2.0807182840552826e-02 1.7748485352956381e-01 1.7040368621850470e-17 -1.4530594405312977e-16 2.2542562156170607e+03 10 12 20 -1.0625000000000000e+00 1.5000000000000002e-01 1.0000000000000000e+00 -8.2500000000000000e+00
9.9999999968377229e-01 1.2366765064260041e+00 1.5000000000000002e-01 1.0000000000000000e+00 1.9500000000000000e+02 6.8498086651426787e-02 1.5646495957629866e-01 1.6938806171219625e-16 -9.0885858759292733e-03 7.7586672527356140e-02 -2.0782282104891889e-02 1.7724724168119016e-01 -2.2494517397981084e-17 1.9188257911017427e-16 2.8211789007913321e+03 10 12 24 -1.0625000000000000e+00 1.5000000000000002e-01 1.0000000000000000e+00 -9.5000000000000000e+00
9.9999999998221722e-01 1.2366154216209819e+00 1.5000000000000002e-01 1.0000000000000000e+00 1.9600000000000000e+02 6.8479278590816539e-02 1.5641440520973485e-01 2.3879675757677160e-16 -9.0864308454449601e-03 7.7565709436260788e-02 -2.0776358685150775e-02 1.7719076389488453e-01 -3.1714856030661086e-17 2.7051161360743083e-16 2.6494698271919042e+03 10 12 28 -1.0625000000000000e+00 1.5000000000000002e-01 1.0000000000000000e+00 -1.0750000000000000e+01
9.9999999999900002e-01 1.2366009356889807e+00 1.5000000000000002e-01 1.0000000000000000e+00 1.9700000000000000e+02 6.8474814382663562e-02 1.5640240770464339e-01 2.9735033434600249e-16 -9.0859193302856977e-03 7.7560733712949081e-02 -2.0774952946137858e-02 1.7717736065077955e-01 -3.9499216605277345e-17 3.3684955095127363e-16 3.0306756519470364e+03 10 12 32 -1.0625000000000000e+00 1.5000000000000002e-01 1.0000000000000000e+00 -1.2000000000000000e+01
9.8999999999999999e-01 1.6815866627968132e+00 2.0000000000000001e-01 1.0000000000000000e+00 1.9800000000000000e+02 7.6506993571310231e-02 2.2643208150526609e-01 -4.6880429047879909e-16 -6.6246972719499709e-03 8.3131690843259609e-02 -1.9519092949969719e-02 2.4595117445523423e-01 4.0399136248713345e-17 -5.0920342672750899e-16 4.9210643862280995e+02 10 16 0 -1.0625000000000000e+00 2.0000000000000001e-01 1.0000000000000000e+00 -2.0000000000000000e+00
9.9943765867480960e-01 1.3826926391007324e+00 2.0000000000000001e-01 1.0000000000000000e+00 1.9900000000000000e+02 8.3596473961000672e-02 2.0649202300332520e-01 -1.7467561107142273e-16 -9.7892522277630949e-03 9.3385726188762924e-02 -2.4166669334420320e-02 2.3065869233774439e-01 2.0445536920995771e-17 -1.9512114799241819e-16 1.0490721469707787e+03 10 16 4 -1.0625000000000000e+00 2.0000000000000001e-01 1.0000000000000000e+00 -3.2500000000000000e+00
9.9996837722339826e-01 1.3097972540633314e+00 2.0000000000000001e-01 1.0000000000000000e+00 2.0000000000000000e+02 7.4351720508263941e-02 1.7471270725490498e-01 1.7168545463694616e-16 -9.2754965852573420e-03 8.3627217093522152e-02 -2.1807227167186659e-02 1.9651993442209190e-01 -2.1428282538150520e-17 1.9311373717509352e-16 1.9101397698055953e+03 10 16 8 -1.0625000000000000e+00 2.0000000000000001e-01 1.0000000000000000e+00 -4.5000000000000000e+00
9.9999822172058994e-01 1.2921293106288025e+00 2.0000000000000001e-01 1.0000000000000000e+00 2.0100000000000000e+02 7.0119138659479996e-02 1.6259060440122708e-01 -2.5767977926768166e-16 -8.8564599876377031e-03 7.8975598647117215e-02 -2.0552878186831137e-02 1.8314348258805735e-01 3.2576187418559085e-17 -2.9025596668624003e-16 2.2613039531251416e+03 10 16 12 -1.0625000000000000e+00 2.0000000000000001e-01 1.0000000000000000e+00 -5.7500000000000000e+00
9.9999990000000005e-01 1.2879103692225586e+00 2.0000000000000001e-01 1.0000000000000000e+00 2.0200000000000000e+02 6.8920535112343848e-02 1.5927970898695973e-01 -1.2616536722808984e-16 -8.7277663096201399e-03 7.7648301421964425e-02 -2.0188251621666948e-02 1.7946796060862488e-01 1.5992815999742984e-17 -1.4215818322783150e-16 2.2430314071374014e+03 10 16 16 -1.0625000000000000e+00 2.0000000000000001e-01 1.0000000000000000e+00 -7.0000000000000000e+00
9.9999999437658671e-01 1.2869081238090818e+00 2.0000000000000001e-01 1.0000000000000000e+00 2.0300000000000000e+02 6.8623149027449704e-02 1.5846503180023669e-01 -3.0143934841013475e-16 -8.6952633117602096e-03 7.7318412339210454e-02 -2.0097245294484804e-02 1.7856227709471986e-01 3.8231627716679140e-17 -3.3967097612680968e-16 2.5845222102655098e+03 10 16 20 -1.0625000000000000e+00 2.0000000000000001e-01 1.0000000000000000e+00 -8.2500000000000000e+00
9.9999999968377229e-01 1.2866703521367184e+00 2.0000000000000001e-01 1.0000000000000000e+00 2.0400000000000000e+02 6.8551849950308899e-02 1.5827009595571778e-01 -2.6122271493463211e-16 -8.6874383041627597e-03 7.7239288254471836e-02 -2.0075395939267042e-02 1.7834549189498466e-01 3.3132432326394907e-17 -2.9435514726102765e-16 2.4869302611593157e+03 10 16 24 -1.0625000000000000e+00 2.0000000000000001e-01 1.0000000000000000e+00 -9.5000000000000000e+00
9.9999999998221722e-01 1.2866139619560539e+00 2.0000000000000001e-01 1.0000000000000000e+00 2.0500000000000000e+02 6.8534899369223051e-02 1.5822377182087036e-01 -8.5483274461443415e-17 -8.6855760274728005e-03 7.7220475396694771e-02 -2.0070199375743100e-02 1.7829397119661253e-01 1.0841544279873681e-17 -9.6324818741316146e-17 2.5165304858358577e+03 10 16 28 -1.0625000000000000e+00 2.0000000000000001e-01 1.0000000000000000e+00 -1.0750000000000000e+01
9.9999999999900002e-01 1.2866005893594883e+00 2.0000000000000001e-01 1.0000000000000000e+00 2.0600000000000000e+02 6.8530876993894721e-02 1.5821278015679530e-01 8.5477500035288489e-17 -8.6851340326635062e-03 7.7216011026556647e-02 -2.0068966206258657e-02 1.7828174636305189e-01 -1.0840898500048760e-17 9.6318398535334675e-17 2.4909773059086874e+03 10 16 32 -1.0625000000000000e+00 2.0000000000000001e-01 1.0000000000000000e+00 -1.2000000000000000e+01
9.8999999999999999e-01 1.7256650902492088e+00 2.5000000000000000e-01 1.0000000000000000e+00 2.0700000000000000e+02 7.5988362521846292e-02 2.2391573837649634e-01 -1.6603065092798169e-16 -6.4182347218311236e-03 8.2406597243676466e-02 -1.8788302456841929e-02 2.4270404083333760e-01 1.3940657981849436e-17 -1.7997130890983062e-16 4.3801547707896680e+02 10 20 0 -1.0625000000000000e+00 2.5000000000000000e-01 1.0000000000000000e+00 -2.0000000000000000e+00
9.9943765867480960e-01 1.4293164776624325e+00 2.5000000000000000e-01 1.0000000000000000e+00 2.0800000000000000e+02 8.2640627692165458e-02 2.0476753616623738e-01 -2.1856991773134417e-16 -9.3075854269548761e-03 9.1948213119119743e-02 -2.3023529628905161e-02 2.2779106579514138e-01 2.4582400419588518e-17 -2.4315231815092270e-16 1.2070166122373194e+03 10 20 4 -1.0625000000000000e+00 2.5000000000000000e-01 1.0000000000000000e+00 -3.2500000000000000e+00
9.9996837722339826e-01 1.3587518779218828e+00 2.5000000000000000e-01 1.0000000000000000e+00 2.0900000000000000e+02 7.3809605684424157e-02 1.7442871395905371e-01 -3.1580054443983443e-16 -8.8121535918317569e-03 8.2621759276254939e-02 -2.0819958166846741e-02 1.9524867212589503e-01 3.7693252145744146e-17 -3.5349379658557020e-16 2.0159221854619682e+03 10 20 8 -1.0625000000000000e+00 2.5000000000000000e-01 1.0000000000000000e+00 -4.5000000000000000e+00
9.9999822172058994e-01 1.3418632762494438e+00 2.5000000000000000e-01 1.0000000000000000e+00 2.1000000000000000e+02 6.9832192121842537e-02 1.6295604657973015e-01 1.2922818242102237e-16 -8.4309584235177440e-03 7.8263150545360066e-02 -1.9676597229775956e-02 1.8263264380950422e-01 -1.5604280200328608e-17 1.4483246262134841e-16 2.1845439700605348e+03 10 20 12 -1.0625000000000000e+00 2.5000000000000000e-01 1.0000000000000000e+00 -5.7500000000000000e+00
9.9999990000000005e-01 1.3378461834586479e+00 2.5000000000000000e-01 1.0000000000000000e+00 2.1100000000000000e+02 6.8711894758673994e-02 1.5983343377906903e-01 3.7015862209818959e-16 -8.3151199221833220e-03 7.7027014680856418e-02 -1.9346529000987562e-02 1.7917996278005463e-01 -4.4804251404974912e-17 4.1496287350315957e-16 2.6166951025240123e+03 10 20 16 -1.0625000000000000e+00 2.5000000000000000e-01 1.0000000000000000e+00 -7.0000000000000000e+00
9.9999999437658671e-01 1.3368928400081963e+00 2.5000000000000000e-01 1.0000000000000000e+00 2.1200000000000000e+02 6.8434348417608662e-02 1.5906586524160116e-01 3.1294869335241398e-16 -8.2859413169352053e-03 7.6720289734543284e-02 -1.9264301369238783e-02 1.7833016661083961e-01 -3.7899970625816849e-17 3.5084866397822763e-16 2.7354702547248453e+03 10 20 20 -1.0625000000000000e+00 2.5000000000000000e-01 1.0000000000000000e+00 -8.2500000000000000e+00
9.9999999968377229e-01 1.3366667242067500e+00 2.5000000000000000e-01 1.0000000000000000e+00 2.1300000000000000e+02 6.8367826438292964e-02 1.5888224171188958e-01 2.1167366754312619e-16 -8.2789211977971830e-03 7.6646747636090057e-02 -1.9244568771092818e-02 1.7812681048298254e-01 -2.5638916018379761e-17 2.3731258356149728e-16 2.7906953992266208e+03 10 20 24 -1.0625000000000000e+00 2.5000000000000000e-01 1.0000000000000000e+00 -9.5000000000000000e+00
9.9999999998221722e-01 1.3366131013043856e+00 2.5000000000000000e-01 1.0000000000000000e+00 2.1400000000000000e+02 6.8352011461009110e-02 1.5883860446796483e-01 1.4599188511827975e-16 -8.2772507309471291e-03 7.6629262191957079e-02 -1.9239876156065393e-02 1.7807848062402815e-01 -1.7684715762563293e-17 1.6367660088084177e-16 2.7122030494743958e+03 10 20 28 -1.0625000000000000e+00 2.5000000000000000e-01 1.0000000000000000e+00 -1.0750000000000000e+01
9.9999999999900002e-01 1.3366003849623516e+00 2.5000000000000000e-01 1.0000000000000000e+00 2.1500000000000000e+02 6.8348259330094183e-02 1.5882825256201938e-01 -3.8302229039118956e-16 -8.2768542891973520e-03 7.6625113619290891e-02 -1.9238762642321470e-02 1.7806701520433885e-01 4.6394296182940984e-17 -4.2941658657413329e-16 3.0020979027086869e+03 10 20 32 -1.0625000000000000e+00 2.5000000000000000e-01 1.0000000000000000e+00 -1.2000000000000000e+01
9.8999999999999999e-01 1.7718316677179633e+00 3.0000000000000004e-01 1.0000000000000000e+00 2.1600000000000000e+02 7.5672696544639373e-02 2.2151695668039062e-01 2.9389837388844750e-16 -6.2273073167402248e-03 8.1900003861379869e-02 -1.8072998296546454e-02 2.3958995497693672e-01 -2.3942862387295066e-17 3.1784123627574332e-16 5.2148935605864972e+02 10 24 0 -1.0625000000000000e+00 3.0000000000000004e-01 1.0000000000000000e+00 -2.0000000000000000e+00
9.9943765867480960e-01 1.4771332932072754e+00 3.0000000000000004e-01 1.0000000000000000e+00 2.1700000000000000e+02 8.1911154667828001e-02 2.0303963276271828e-01 2.1671128011802840e-16 -8.8715525551550049e-03 9.0782707222982262e-02 -2.1923180828404786e-02 2.2496281359112286e-01 -2.3411456867334864e-17 2.4012273698535759e-16 1.2980022249352187e+03 10 24 4 -1.0625000000000000e+00 3.0000000000000004e-01 1.0000000000000000e+00 -3.2500000000000000e+00
9.9996837722339826e-01 1.4080977577079212e+00 3.0000000000000004e-01 1.0000000000000000e+00 2.1800000000000000e+02 7.3374599726133402e-02 1.7384178816048984e-01 8.3217025499225674e-17 -8.3895804287817902e-03 8.1764180154914323e-02 -1.9849471812323681e-02 1.9369125997280837e-01 -9.4966822360228572e-18 9.2713707735247275e-17 2.2482579685254022e+03 10 24 8 -1.0625000000000000e+00 3.0000000000000004e-01 1.0000000000000000e+00 -4.5000000000000000e+00
9.9999822172058994e-01 1.3916987018075853e+00 3.0000000000000004e-01 1.0000000000000000e+00 2.1900000000000000e+02 6.9568238882455447e-02 1.6283805430237580e-01 -3.1235673713069729e-17 -8.0358906934165746e-03 7.7604129575871275e-02 -1.8792311162610070e-02 1.8163036546498568e-01 3.5965630519879175e-18 -3.4832236765056931e-17 2.7105556540936232e+03 10 24 12 -1.0625000000000000e+00 3.0000000000000004e-01 1.0000000000000000e+00 -5.7500000000000000e+00
9.9999990000000005e-01 1.3878065947704665e+00 3.0000000000000004e-01 1.0000000000000000e+00 2.2000000000000000e+02 6.8499146588124546e-02 1.5984705062928686e-01 4.0566618527098604e-17 -7.9292393726742953e-03 7.6428385960798761e-02 -1.8488515649303417e-02 1.7833556627858704e-01 -4.6892606582768534e-18 4.5255879185375067e-17 2.6168254953874275e+03 10 24 16 -1.0625000000000000e+00 3.0000000000000004e-01 1.0000000000000000e+00 -7.0000000000000000e+00
9.9999999437658671e-01 1.3868834200191194e+00 3.0000000000000004e-01 1.0000000000000000e+00 2.2100000000000000e+02 6.8234482029718366e-02 1.5911211284375845e-01 -2.5233769267232819e-16 -7.9024241665510316e-03 7.6136906196268728e-02 -1.8412921322323108e-02 1.7752503416608056e-01 2.9198537420223819e-17 -2.8153623009254904e-16 2.8000126554146409e+03 10 24 20 -1.0625000000000000e+00 3.0000000000000004e-01 1.0000000000000000e+00 -8.2500000000000000e+00
9.9999999968377229e-01 1.3866644885556942e+00 3.0000000000000004e-01 1.0000000000000000e+00 2.2200000000000000e+02 6.8171059754586136e-02 1.5893631704501079e-01 -2.4193348538584280e-16 -7.8959754739894705e-03 7.6067035228576149e-02 -1.8394785671203489e-02 1.7733110271621103e-01 2.7993872480287998e-17 -2.6992735786612855e-16 3.0284276441093534e+03 10 24 24 -1.0625000000000000e+00 3.0000000000000004e-01 1.0000000000000000e+00 -9.5000000000000000e+00
9.9999999998221722e-01 1.3866125709874089e+00 3.0000000000000004e-01 1.0000000000000000e+00 2.2300000000000000e+02 6.8156024079265048e-02 1.5889464206092674e-01 -8.5697073482188035e-17 -7.8944411286214159e-03 7.6050465207885984e-02 -1.8390473079295644e-02 1.7728511514021941e-01 9.9199287200620323e-18 -9.5617002202249331e-17 3.0709086576374248e+03 10 24 28 -1.0625000000000000e+00 3.0000000000000004e-01 1.0000000000000000e+00 -1.0750000000000000e+01
9.9999999999900002e-01 1.3866002590153654e+00 3.0000000000000004e-01 1.0000000000000000e+00 2.2400000000000000e+02 6.8152453014261996e-02 1.5888474813049683e-01 -4.5306965364852521e-17 -7.8940769923312344e-03 7.6046530006593602e-02 -1.8389449742329152e-02 1.7727419787282236e-01 5.2384854804328180e-18 -5.0545450845284147e-17 3.1180509095843881e+03 10 24 32 -1.0625000000000000e+00 3.0000000000000004e-01 1.0000000000000000e+00 -1.2000000000000000e+01
9.8999999999999999e-01 1.8196476347356345e+00 3.5000000000000003e-01 1.0000000000000000e+00 2.2500000000000000e+02 7.5477490610572545e-02 2.1913813242713523e-01 -2.9357030894403084e-16 -6.0450387673069627e-03 8.1522529377878572e-02 -1.7373160144020891e-02 2.3651129257115502e-01 2.3314887136921624e-17 -3.1688519608095207e-16 5.4970404081605375e+02 10 28 0 -1.0625000000000000e+00 3.5000000000000003e-01 1.0000000000000000e+00 -2.0000000000000000e+00
9.9943765867480960e-01 1.5257653947561629e+00 3.5000000000000003e-01 1.0000000000000000e+00 2.2600000000000000e+02 8.1392744014226179e-02 2.0138468436289209e-01 -3.3965824173008009e-16 -8.4807238498565939e-03 8.9873467864082637e-02 -2.0889436816257524e-02 2.2227412117914974e-01 3.5223994983059222e-17 -3.7488223671313721e-16 1.3679014061139897e+03 10 28 4 -1.0625000000000000e+00 3.5000000000000003e-01 1.0000000000000000e+00 -3.2500000000000000e+00
9.9996837722339826e-01 1.4576919664781327e+00 3.5000000000000003e-01 1.0000000000000000e+00 2.2700000000000000e+02 7.3077880239630438e-02 1.7314387461164046e-01 1.5977521807351983e-16 -8.0115268181636234e-03 8.1089407057793189e-02 -1.8931150957706307e-02 1.9207502556934553e-01 -1.7459967061529413e-17 1.7723518513504752e-16 2.2513932663826272e+03 10 28 8 -1.0625000000000000e+00 3.5000000000000003e-01 1.0000000000000000e+00 -4.5000000000000000e+00
9.9999822172058994e-01 1.4415970756638661e+00 3.5000000000000003e-01 1.0000000000000000e+00 2.2800000000000000e+02 6.9390322155598816e-02 1.6249975169855510e-01 -4.1231187149820261e-16 -7.6793556013060298e-03 7.7069677756903127e-02 -1.7944952907307153e-02 1.8044470460585987e-01 4.5535539246285946e-17 -4.5784741074448118e-16 2.8405209564967081e+03 10 28 12 -1.0625000000000000e+00 3.5000000000000003e-01 1.0000000000000000e+00 -5.7500000000000000e+00
9.9999990000000005e-01 1.4377821787374125e+00 3.5000000000000003e-01 1.0000000000000000e+00 2.2900000000000000e+02 6.8355830407748119e-02 1.5960655075885186e-01 -3.5439773506695715e-16 -7.5821897726345141e-03 7.5938020180382232e-02 -1.7667281351468073e-02 1.7727383211031569e-01 3.9229245077860539e-17 -3.9362698014481401e-16 3.1091571868956089e+03 10 28 16 -1.0625000000000000e+00 3.5000000000000003e-01 1.0000000000000000e+00 -7.0000000000000000e+00
9.9999999437658671e-01 1.4368776120738656e+00 3.5000000000000003e-01 1.0000000000000000e+00 2.3000000000000000e+02 6.8098850020091042e-02 1.5889375320417604e-01 2.7721246908405939e-16 -7.5571930845491873e-03 7.5656043104639220e-02 -1.7597053368651479e-02 1.7649080657282493e-01 -3.0707383247209876e-17 3.0791985233126158e-16 3.0519992389921099e+03 10 28 20 -1.0625000000000000e+00 3.5000000000000003e-01 1.0000000000000000e+00 -8.2500000000000000e+00
9.9999999968377229e-01 1.4366631102679897e+00 3.5000000000000003e-01 1.0000000000000000e+00 2.3100000000000000e+02 6.8037297126194454e-02 1.5872329614415509e-01 3.4235822315034593e-16 -7.5511831706385141e-03 7.5588480296831170e-02 -1.7580207442790159e-02 1.7630350358694213e-01 -3.7909393925956677e-17 3.8026761707629867e-16 3.2789379073008895e+03 10 28 24 -1.0625000000000000e+00 3.5000000000000003e-01 1.0000000000000000e+00 -9.5000000000000000e+00
9.9999999998221722e-01 1.4366122442204576e+00 3.5000000000000003e-01 1.0000000000000000e+00 2.3200000000000000e+02 6.8022673453265917e-02 1.5868281088513411e-01 -9.0599918501274238e-17 -7.5497533052960039e-03 7.5572426758560532e-02 -1.7576201662469471e-02 1.7625901254759940e-01 1.0031720272721196e-17 -1.0063163877399429e-16 3.6178407551683486e+03 10 28 28 -1.0625000000000000e+00 3.5000000000000003e-01 1.0000000000000000e+00 -1.0750000000000000e+01
9.9999999999900002e-01 1.4366001817047545e+00 3.5000000000000003e-01 1.0000000000000000e+00 2.3300000000000000e+02 6.8019201140265217e-02 1.5867319946445679e-01 2.1139516732365971e-16 -7.5494139806064932e-03 7.5568615120870708e-02 -1.7575251182442478e-02 1.7624845064689823e-01 -2.3414938231581946e-17 2.3481010555523787e-16 3.5967963534211740e+03 10 28 32 -1.0625000000000000e+00 3.5000000000000003e-01 1.0000000000000000e+00 -1.2000000000000000e+01
9.8999999999999999e-01 1.8687816679399407e+00 4.0000000000000002e-01 1.0000000000000000e+00 2.3400000000000000e+02 7.5309695240827354e-02 2.1663730419526633e-01 -3.9948407854500817e-16 -5.8598427331662426e-03 8.1169537973992956e-02 -1.6672948155560679e-02 2.3331025235082453e-01 3.0716950746015451e-17 -4.3020102929102174e-16 6.4463055418524891e+02 10 32 0 -1.0625000000000000e+00 4.0000000000000002e-01 1.0000000000000000e+00 -2.0000000000000000e+00
9.9943765867480960e-01 1.5749785242613856e+00 4.0000000000000002e-01 1.0000000000000000e+00 2.3500000000000000e+02 8.1025503691229780e-02 1.9977181611859018e-01 2.5777382183798457e-16 -8.1346708396929958e-03 8.9160174530922731e-02 -1.9939431062320039e-02 2.1971124718090909e-01 -2.5749735008903751e-17 2.8352355684688936e-16 1.8190246094493195e+03 10 32 4 -1.0625000000000000e+00 4.0000000000000002e-01 1.0000000000000000e+00 -3.2500000000000000e+00
9.9996837722339826e-01 1.5074542834361657e+00 4.0000000000000002e-01 1.0000000000000000e+00 2.3600000000000000e+02 7.2884686388812930e-02 1.7236852278523218e-01 -3.0618800434686509e-16 -7.6799786410284348e-03 8.0564665029840443e-02 -1.8088895564420858e-02 1.9045741834965188e-01 3.2132333353055845e-17 -3.3832033769991888e-16 2.3856394010772929e+03 10 32 8 -1.0625000000000000e+00 4.0000000000000002e-01 1.0000000000000000e+00 -4.5000000000000000e+00
9.9999822172058994e-01 1.4915374312725247e+00 4.0000000000000002e-01 1.0000000000000000e+00 2.3700000000000000e+02 6.9298211212744251e-02 1.6204716079232179e-01 -3.5981697797354115e-17 -7.3705297576832840e-03 7.6668740970426488e-02 -1.7173373655146835e-02 1.7922053444746475e-01 3.8132549684870198e-18 -3.9794952765840274e-17 2.9185656237481162e+03 10 32 12 -1.0625000000000000e+00 4.0000000000000002e-01 1.0000000000000000e+00 -5.7500000000000000e+00
9.9999990000000005e-01 1.4877678440129023e+00 4.0000000000000002e-01 1.0000000000000000e+00 2.3800000000000000e+02 6.8290409973021035e-02 1.5923602851294280e-01 2.5253297412264501e-16 -7.2766803467679917e-03 7.5567090319786367e-02 -1.6908817403439167e-02 1.7614484591637927e-01 -2.6804598215242058e-17 2.7933757233788170e-16 3.1896745754843578e+03 10 32 16 -1.0625000000000000e+00 4.0000000000000002e-01 1.0000000000000000e+00 -7.0000000000000000e+00
9.9999999437658671e-01 1.4868742019602328e+00 4.0000000000000002e-01 1.0000000000000000e+00 2.3900000000000000e+02 6.8040859012179128e-02 1.5854493092262714e-01 -2.9674047805476705e-16 -7.2530787946892298e-03 7.5293937806868882e-02 -1.6842952961569388e-02 1.7538788388419002e-01 3.1529601704437199e-17 -3.2827007975920030e-16 3.5176080437889323e+03 10 32 20 -1.0625000000000000e+00 4.0000000000000002e-01 1.0000000000000000e+00 -8.2500000000000000e+00
9.9999999968377229e-01 1.4866623009689053e+00 4.0000000000000002e-01 1.0000000000000000e+00 2.4000000000000000e+02 6.7981045732723080e-02 1.5837955798615738e-01 -1.6074180746407401e-16 -7.2474043728602841e-03 7.5228450105582476e-02 -1.6827153190327470e-02 1.7520671117648143e-01 1.7072645870092567e-17 -1.7781445333416320e-16 3.9388412110311911e+03 10 32 24 -1.0625000000000000e+00 4.0000000000000002e-01 1.0000000000000000e+00 -9.5000000000000000e+00
9.9999999998221722e-01 1.4866120521166737e+00 4.0000000000000002e-01 1.0000000000000000e+00 2.4100000000000000e+02 6.7966834047813562e-02 1.5834027215023222e-01 2.5108548775825376e-16 -7.2460543314390551e-03 7.5212888379251011e-02 -1.6823396157011963e-02 1.7516366830724128e-01 -2.6666460282869334e-17 2.7775194804112015e-16 3.9219832195863128e+03 10 32 28 -1.0625000000000000e+00 4.0000000000000002e-01 1.0000000000000000e+00 -1.0750000000000000e+01
9.9999999999900002e-01 1.4866001364139836e+00 4.0000000000000002e-01 1.0000000000000000e+00 2.4200000000000000e+02 6.7963461691886398e-02 1.5833095168307004e-01 4.1176217697819342e-16 -7.2457339465581945e-03 7.5209195638442680e-02 -1.6822504667720981e-02 1.7515345635078661e-01 -4.3732874841650444e-17 4.5549505181982589e-16 4.0128927803430706e+03 10 32 32 -1.0625000000000000e+00 4.0000000000000002e-01 1.0000000000000000e+00 -1.2000000000000000e+01
9.8999999999999999e-01 1.5878500812760041e+00 0.0000000000000000e+00 1.0000000000000000e+00 2.1960000000000000e+03 7.7313864227656098e-02 2.3123406816982670e-01 0.0000000000000000e+00 -7.0689477904832838e-03 8.4382812018139533e-02 -2.1142153113190898e-02 2.5237622128301745e-01 0.0000000000000000e+00 0.0000000000000000e+00 0.0000000000000000e+00 12 0 0 -8.7500000000000000e-01 0.0000000000000000e+00 1.0000000000000000e+00 -2.0000000000000000e+00
9.9943765867480960e-01 1.2799435883928909e+00 0.0000000000000000e+00 1.0000000000000000e+00 2.2060000000000000e+03 8.8226763914063755e-02 2.1593470593748140e-01 0.0000000000000000e+00 -1.1342430946072098e-02 9.9569194860135976e-02 -2.7760561334221754e-02 2.4369526727170318e-01 0.0000000000000000e+00 0.0000000000000000e+00 0.0000000000000000e+00 12 0 4 -8.7500000000000000e-01 0.0000000000000000e+00 1.0000000000000000e+00 -3.2500000000000000e+00
9.9996837722339826e-01 1.1857850757292876e+00 0.0000000000000000e+00 1.0000000000000000e+00 2.2070000000000000e+03 7.9666601581252439e-02 1.8253325839175324e-01 0.0000000000000000e+00 -1.1174492651394391e-02 9.0841094232646830e-02 -2.5603157584843102e-02 2.0813641597659607e-01 0.0000000000000000e+00 0.0000000000000000e+00 0.0000000000000000e+00 12 0 8 -8.7500000000000000e-01 0.0000000000000000e+00 1.0000000000000000e+00 -4.5000000000000000e+00
9.9999822172058994e-01 1.1529092512038321e+00 0.0000000000000000e+00 1.0000000000000000e+00 2.2170000000000000e+03 7.3514734262790982e-02 1.6451998570916226e-01 0.0000000000000000e+00 -1.0573926294165880e-02 8.4088660556956754e-02 -2.3663585541740917e-02 1.8818357125090310e-01 0.0000000000000000e+00 0.0000000000000000e+00 0.0000000000000000e+00 12 0 12 -8.7500000000000000e-01 0.0000000000000000e+00 1.0000000000000000e+00 -5.7500000000000000e+00
9.9999990000000005e-01 1.1407678024542924e+00 0.0000000000000000e+00 1.0000000000000000e+00 2.1910000000000000e+03 7.0664742029716787e-02 1.5676384458256887e-01 0.0000000000000000e+00 -1.0250837569526251e-02 8.0915579599242823e-02 -2.2740629363857234e-02 1.7950447394642591e-01 0.0000000000000000e+00 0.0000000000000000e+00 0.0000000000000000e+00 12 0 16 -8.7500000000000000e-01 0.0000000000000000e+00 1.0000000000000000e+00 -7.0000000000000000e+00
9.9999999437658671e-01 1.1361819635028136e+00 0.0000000000000000e+00 1.0000000000000000e+00 2.2010000000000000e+03 6.9495196983488758e-02 1.5365924671838677e-01 0.0000000000000000e+00 -1.0112901068756610e-02 7.9608098052245446e-02 -2.2360405147594672e-02 1.7601965186598167e-01 0.0000000000000000e+00 0.0000000000000000e+00 0.0000000000000000e+00 12 0 20 -8.7500000000000000e-01 0.0000000000000000e+00 1.0000000000000000e+00 -8.2500000000000000e+00
9.9999999968377229e-01 1.1344346506577712e+00 0.0000000000000000e+00 1.0000000000000000e+00 2.2110000000000000e+03 6.9035368031431149e-02 1.5244973711653259e-01 0.0000000000000000e+00 -1.0057962398826637e-02 7.9093330430257708e-02 -2.2210843041076865e-02 1.7466058015760960e-01 0.0000000000000000e+00 0.0000000000000000e+00 0.0000000000000000e+00 12 0 24 -8.7500000000000000e-01 0.0000000000000000e+00 1.0000000000000000e+00 -9.5000000000000000e+00
9.9999999998221722e-01 1.1337666293481650e+00 0.0000000000000000e+00 1.0000000000000000e+00 2.2210000000000000e+03 6.8857451778577855e-02 1.5198336925566952e-01 0.0000000000000000e+00 -1.0036606747693048e-02 7.8894058526270822e-02 -2.2152973570874111e-02 1.7413634282654361e-01 0.0000000000000000e+00 0.0000000000000000e+00 0.0000000000000000e+00 12 0 28 -8.7500000000000000e-01 0.0000000000000000e+00 1.0000000000000000e+00 -1.0750000000000000e+01
9.9999999999900002e-01 1.1335108940175835e+00 0.0000000000000000e+00 1.0000000000000000e+00 2.2040000000000000e+03 6.8789028250328330e-02 1.5180424803842310e-01 0.0000000000000000e+00 -1.0028379528211446e-02 7.8817407778539780e-02 -2.2130718401546644e-02 1.7393496643996975e-01 0.0000000000000000e+00 0.0000000000000000e+00 0.0000000000000000e+00 12 0 32 -8.7500000000000000e-01 0.0000000000000000e+00 1.0000000000000000e+00 -1.2000000000000000e+01
9.8999999999999999e-01 1.6155130849474801e+00 5.0000000000000003e-02 1.0000000000000000e+00 2.2680000000000000e+03 7.5095750439173672e-02 2.2744090104642140e-01 -4.3784361891199685e-16 -6.7734890440494045e-03 8.1869239483223180e-02 -2.0508137621808815e-02 2.4794903866822979e-01 3.9479475145094273e-17 -4.7732309405708833e-16 1.5462174289580435e+02 12 4 0 -8.7500000000000000e-01 5.0000000000000003e-02 1.0000000000000000e+00 -2.0000000000000000e+00
9.9943765867480960e-01 1.3064481651402906e+00 5.0000000000000003e-02 1.0000000000000000e+00 2.3140000000000000e+03 8.7960599675366222e-02 2.1831854089534969e-01 -1.2589818587886628e-16 -1.1100682968775751e-02 9.9061282644140936e-02 -2.7553181036002627e-02 2.4587172193135293e-01 1.5889258828501285e-17 -1.4178744470736650e-16 4.3536753753107041e+02 12 4 4 -8.7500000000000000e-01 5.0000000000000003e-02 1.0000000000000000e+00 -3.2500000000000000e+00
9.9996837722339826e-01 1.2176683311360250e+00 5.0000000000000003e-02 1.0000000000000000e+00 2.2790000000000000e+03 8.1829461867032743e-02 1.9091416900340788e-01 8.4782922461904722e-17 -1.1199758005576130e-02 9.3029219872608065e-02 -2.6134056829175602e-02 2.1704822583258163e-01 -1.1605852647445226e-17 9.6388775109349123e-17 7.1720937408041209e+02 12 4 8 -8.7500000000000000e-01 5.0000000000000003e-02 1.0000000000000000e+00 -4.5000000000000000e+00
9.9999822172058994e-01 1.1921398570382513e+00 5.0000000000000003e-02 1.0000000000000000e+00 2.2890000000000000e+03 7.8023013878561906e-02 1.7873355561783061e-01 -1.8614716258886675e-16 -1.0889848506635377e-02 8.8912862385197203e-02 -2.4951110748473494e-02 2.0368466636630259e-01 2.5987460843465108e-17 -2.1213462343233085e-16 8.5482687891647220e+02 12 4 12 -8.7500000000000000e-01 5.0000000000000003e-02 1.0000000000000000e+00 -5.7500000000000000e+00
9.9999990000000005e-01 1.1854866044468892e+00 5.0000000000000003e-02 1.0000000000000000e+00 2.2990000000000000e+03 7.6820735691731867e-02 1.7513395639878304e-01 -1.6032249097418635e-16 -1.0772505841810864e-02 8.7593241533541824e-02 -2.4563895363300878e-02 1.9969785176208288e-01 2.2487448599424954e-17 -1.8280993957361121e-16 9.8357893544062972e+02 12 4 16 -8.7500000000000000e-01 5.0000000000000003e-02 1.0000000000000000e+00 -7.0000000000000000e+00
9.9999999437658671e-01 1.1838614319483844e+00 5.0000000000000003e-02 1.0000000000000000e+00 2.2730000000000000e+03 7.6512270347752334e-02 1.7422505589059165e-01 -5.5674870544551261e-17 -1.0741258402019085e-02 8.7253528749770978e-02 -2.4463818993920080e-02 1.9868887488450968e-01 7.8170975017363694e-18 -6.3491968046286917e-17 9.2000714316032827e+02 12 4 20 -8.7500000000000000e-01 5.0000000000000003e-02 1.0000000000000000e+00 -8.2500000000000000e+00
9.9999999968377229e-01 1.1834730947645680e+00 5.0000000000000003e-02 1.0000000000000000e+00 2.2830000000000000e+03 7.6437675086032747e-02 1.7400609873985157e-01 -2.2713072397791426e-16 -1.0733636802029657e-02 8.7171311888062222e-02 -2.4439577492931071e-02 1.9844567623278295e-01 3.1900073930993686e-17 -2.5903079790890575e-16 9.3865516285132617e+02 12 4 24 -8.7500000000000000e-01 5.0000000000000003e-02 1.0000000000000000e+00 -9.5000000000000000e+00
9.9999999998221722e-01 1.1833808354975295e+00 5.0000000000000003e-02 1.0000000000000000e+00 2.2930000000000000e+03 7.6419905602400001e-02 1.7395398637411671e-01 3.2597298118449255e-16 -1.0731817242199843e-02 8.7151722844599988e-02 -2.4433799579937226e-02 1.9838778595405376e-01 -4.5786089116028485e-17 3.7175907030051964e-16 9.4706184913031757e+02 12 4 28 -8.7500000000000000e-01 5.0000000000000003e-02 1.0000000000000000e+00 -1.0750000000000000e+01
9.9999999999900002e-01 1.1833589469596602e+00 5.0000000000000003e-02 1.0000000000000000e+00 2.3030000000000000e+03 7.6415684759299066e-02 1.7394161187775453e-01 8.9525868086781947e-17 -1.0731385058034086e-02 8.7147069817332598e-02 -2.4432427726254185e-02 1.9837403960400668e-01 -1.2573627228364199e-17 1.0209949531514606e-16 9.6232015501894057e+02 12 4 32 -8.7500000000000000e-01 5.0000000000000003e-02 1.0000000000000000e+00 -1.2000000000000000e+01
9.8999999999999999e-01 1.6489837061961103e+00 1.0000000000000001e-01 1.0000000000000000e+00 2.3760000000000000e+03 7.3359956868126713e-02 2.2385856287094086e-01 2.3140470988725300e-16 -6.4978527098678131e-03 7.9857809577994751e-02 -1.9801446380699233e-02 2.4366000925164061e-01 -2.0472843629833409e-17 2.5187755351708552e-16 2.4620126309711486e+02 12 8 0 -8.7500000000000000e-01 1.0000000000000001e-01 1.0000000000000000e+00 -2.0000000000000000e+00
9.9943765867480960e-01 1.3428948789425255e+00 1.0000000000000001e-01 1.0000000000000000e+00 2.3680000000000000e+03 8.6892875647965231e-02 2.1849289445849610e-01 -1.9853959881717407e-17 -1.0652676100463322e-02 9.7545551748428078e-02 -2.6785812548123789e-02 2.4527870700661986e-01 2.4338133052014484e-18 -2.2287773186918698e-17 6.4317110415827483e+02 12 8 4 -8.7500000000000000e-01 1.0000000000000001e-01 1.0000000000000000e+00 -3.2500000000000000e+00
9.9996837722339826e-01 1.2613264085993583e+00 1.0000000000000001e-01 1.0000000000000000e+00 2.3690000000000000e+03 8.2271030129163564e-02 1.9552087825613193e-01 -2.6048613700186996e-16 -1.0851426538386898e-02 9.3122456667550577e-02 -2.5798752455306599e-02 2.2131963071144006e-01 3.4370842778983390e-17 -2.9485697978084988e-16 9.5210971799027175e+02 12 8 8 -8.7500000000000000e-01 1.0000000000000001e-01 1.0000000000000000e+00 -4.5000000000000000e+00
9.9999822172058994e-01 1.2401666444567856e+00 1.0000000000000001e-01 1.0000000000000000e+00 2.3790000000000000e+03 7.9564870727809864e-02 1.8623009101303439e-01 3.4847804615980593e-16 -1.0663024752785093e-02 9.0227895480594358e-02 -2.4970164028432246e-02 2.1120025504146725e-01 -4.6723588771389765e-17 3.9520163493119421e-16 1.1279744532871991e+03 12 8 12 -8.7500000000000000e-01 1.0000000000000001e-01 1.0000000000000000e+00 -5.7500000000000000e+00
9.9999990000000005e-01 1.2349798944470569e+00 1.0000000000000001e-01 1.0000000000000000e+00 2.3530000000000000e+03 7.8765499300884903e-02 1.8366061408731177e-01 -2.0390424247652899e-16 -1.0593873079564289e-02 8.9359372380449290e-02 -2.4714901386358047e-02 2.0837551547366884e-01 2.7439052570474744e-17 -2.3134329504699794e-16 1.1946686089346185e+03 12 8 16 -8.7500000000000000e-01 1.0000000000000001e-01 1.0000000000000000e+00 -7.0000000000000000e+00
9.9999999437658671e-01 1.2337388319400022e+00 1.0000000000000001e-01 1.0000000000000000e+00 2.3630000000000000e+03 7.8565322641505717e-02 1.8302676103351365e-01 -1.3936532055992495e-16 -1.0575805791729391e-02 8.9141128433234795e-02 -2.4650405420346192e-02 2.0767716645385964e-01 1.8768769217195926e-17 -1.5813408977711990e-16 1.2853803015556186e+03 12 8 20 -8.7500000000000000e-01 1.0000000000000001e-01 1.0000000000000000e+00 -8.2500000000000000e+00
9.9999999968377229e-01 1.2334438806082506e+00 1.0000000000000001e-01 1.0000000000000000e+00 2.3730000000000000e+03 7.8517221784965313e-02 1.8287499224574932e-01 -2.6681051233607302e-16 -1.0571422652968707e-02 8.9088644437933212e-02 -2.4634877167485466e-02 2.0750986941323457e-01 3.5942963609742387e-17 -3.0275347594581499e-16 1.4303954149475321e+03 12 8 24 -8.7500000000000000e-01 1.0000000000000001e-01 1.0000000000000000e+00 -9.5000000000000000e+00
9.9999999998221722e-01 1.2333738997934267e+00 1.0000000000000001e-01 1.0000000000000000e+00 2.3830000000000000e+03 7.8505779258619818e-02 1.8283891911138850e-01 1.1696958660428246e-17 -1.0570377629039006e-02 8.9076156887658783e-02 -2.4631181537846963e-02 2.0747010064923432e-01 -1.5720650002371610e-18 1.3269023660665359e-17 1.3968655358357355e+03 12 8 28 -8.7500000000000000e-01 1.0000000000000001e-01 1.0000000000000000e+00 -1.0750000000000000e+01
9.9999999999900002e-01 1.2333573029449221e+00 1.0000000000000001e-01 1.0000000000000000e+00 2.3930000000000000e+03 7.8503064488481725e-02 1.8283036178453108e-01 2.6674428621547786e-16 -1.0570129512034208e-02 8.9073194000516359e-02 -2.4630304457645334e-02 2.0746066624217513e-01 -3.5936143325861202e-17 3.0268042954133748e-16 1.4059752769898623e+03 12 8 32 -8.7500000000000000e-01 1.0000000000000001e-01 1.0000000000000000e+00 -1.2000000000000000e+01
9.8999999999999999e-01 1.6869367882660318e+00 1.5000000000000002e-01 1.0000000000000000e+00 2.4660000000000000e+03 7.2031578331878482e-02 2.2047068440364490e-01 -2.6173750939009534e-16 -6.2464930772818767e-03 7.8278071409160016e-02 -1.9060024666937143e-02 2.3953070907058133e-01 2.2619053707164445e-17 -2.8435656309725766e-16 2.6611017179023474e+02 12 12 0 -8.7500000000000000e-01 1.5000000000000002e-01 1.0000000000000000e+00 -2.0000000000000000e+00
9.9943765867480960e-01 1.3846628588213123e+00 1.5000000000000002e-01 1.0000000000000000e+00 2.4400000000000000e+03 8.5576186334808207e-02 2.1734916201762888e-01 -5.6887675789230544e-16 -1.0134546234389395e-02 9.5710732569197460e-02 -2.5728193302466791e-02 2.4307735532009622e-01 6.7341514319510796e-17 -6.3621827221181790e-16 7.3184035645239055e+02 12 12 4 -8.7500000000000000e-01 1.5000000000000002e-01 1.0000000000000000e+00 -3.2500000000000000e+00
9.9996837722339826e-01 1.3082731571674782e+00 1.5000000000000002e-01 1.0000000000000000e+00 2.4590000000000000e+03 8.1775026307155607e-02 1.9712437163318350e-01 3.1384781894486665e-16 -1.0349279825325186e-02 9.2124306132479766e-02 -2.4955166204666059e-02 2.2207953783784815e-01 -3.9733276665882997e-17 3.5358109561074678e-16 1.1305611990457401e+03 12 12 8 -8.7500000000000000e-01 1.5000000000000002e-01 1.0000000000000000e+00 -4.5000000000000000e+00
9.9999822172058994e-01 1.2893328040139465e+00 1.5000000000000002e-01 1.0000000000000000e+00 2.4600000000000000e+03 7.9581469179178480e-02 1.8923390164548456e-01 -1.1937800562507735e-16 -1.0211506521276382e-02 8.9792975700454858e-02 -2.4293730205048797e-02 2.1352763185053172e-01 1.5323403313482939e-17 -1.3470140893855934e-16 1.2528149368762970e+03 12 12 12 -8.7500000000000000e-01 1.5000000000000002e-01 1.0000000000000000e+00 -5.7500000000000000e+00
9.9999990000000005e-01 1.2847747661225943e+00 1.5000000000000002e-01 1.0000000000000000e+00 2.4340000000000000e+03 7.8945549946046550e-02 1.8709205339896071e-01 -8.3085562163170182e-17 -1.0160866507393129e-02 8.9106416453438614e-02 -2.4093342118756439e-02 2.1118539551771431e-01 1.0699593264165780e-17 -9.3785155427334705e-17 1.4225002793446183e+03 12 12 16 -8.7500000000000000e-01 1.5000000000000002e-01 1.0000000000000000e+00 -7.0000000000000000e+00
9.9999999437658671e-01 1.2836897526752071e+00 1.5000000000000002e-01 1.0000000000000000e+00 2.4440000000000000e+03 7.8787221966821849e-02 1.8656659307757562e-01 1.9607379998842088e-16 -1.0147676179482128e-02 8.8934898146303995e-02 -2.4042985047506432e-02 2.1060957812507564e-01 -2.5271980452011015e-17 2.2134578044043205e-16 1.3475009538503364e+03 12 12 20 -8.7500000000000000e-01 1.5000000000000002e-01 1.0000000000000000e+00 -8.2500000000000000e+00
9.9999999968377229e-01 1.2834322173063302e+00 1.5000000000000002e-01 1.0000000000000000e+00 2.4540000000000000e+03 7.8749243936413735e-02 1.8644097830976164e-01 -2.7230164883638540e-16 -1.0144479082541439e-02 8.8893723018954568e-02 -2.4030877716177724e-02 2.1047185602593807e-01 3.5098960389379347e-17 -3.0740060922576454e-16 1.5406929302830249e+03 12 12 24 -8.7500000000000000e-01 1.5000000000000002e-01 1.0000000000000000e+00 -9.5000000000000000e+00
9.9999999998221722e-01 1.2833711325013080e+00 1.5000000000000002e-01 1.0000000000000000e+00 2.4640000000000000e+03 7.8740211940794641e-02 1.8641112981775654e-01 1.1059932082308740e-17 -1.0143717002318364e-02 8.8883928943112575e-02 -2.4027997202454278e-02 2.1043912702020842e-01 -1.4217857567946285e-18 1.2481717839103370e-17 1.7929117853362113e+03 12 12 28 -8.7500000000000000e-01 1.5000000000000002e-01 1.0000000000000000e+00 -1.0750000000000000e+01
9.9999999999900002e-01 1.2833566465693067e+00 1.5000000000000002e-01 1.0000000000000000e+00 2.4740000000000000e+03 7.8738068384308010e-02 1.8640404772394190e-01 -1.7198333909253931e-16 -1.0143536060387363e-02 8.8881604444695173e-02 -2.4027313593718728e-02 2.1043136131765658e-01 2.2171041857492405e-17 -1.9415438095002959e-16 2.0284371103225276e+03 12 12 32 -8.7500000000000000e-01 1.5000000000000002e-01 1.0000000000000000e+00 -1.2000000000000000e+01
9.8999999999999999e-01 1.7283423736771393e+00 2.0000000000000001e-01 1.0000000000000000e+00 2.5110000000000000e+03 7.1048220541405235e-02 2.1727148655302195e-01 -4.9160300604050777e-17 -6.0210614286035340e-03 7.7069281970008452e-02 -1.8314571539351867e-02 2.3558605809237221e-01 4.1224709852223601e-18 -5.3282771589273175e-17 3.2095872630085796e+02 12 16 0 -8.7500000000000000e-01 2.0000000000000001e-01 1.0000000000000000e+00 -2.0000000000000000e+00
9.9943765867480960e-01 1.4294483499810584e+00 2.0000000000000001e-01 1.0000000000000000e+00 2.5570000000000000e+03 8.4325692965493998e-02 2.1556407370156411e-01 -2.1018342350393044e-16 -9.6225919241928297e-03 9.3948284889685443e-02 -2.4563311804975625e-02 2.4012738550653953e-01 2.3953248083707018e-17 -2.3413667158763124e-16 8.1291384591069072e+02 12 16 4 -8.7500000000000000e-01 2.0000000000000001e-01 1.0000000000000000e+00 -3.2500000000000000e+00
9.9996837722339826e-01 1.3565529649436574e+00 2.0000000000000001e-01 1.0000000000000000e+00 2.5130000000000000e+03 8.1005695255550694e-02 1.9716708962511009e-01 -2.9084695299891295e-16 -9.8238106021356197e-03 9.0829505857686274e-02 -2.3904200245702036e-02 2.2107128987080826e-01 3.5264290074066560e-17 -3.2611124307297749e-16 1.2000651330491528e+03 12 16 8 -8.7500000000000000e-01 2.0000000000000001e-01 1.0000000000000000e+00 -4.5000000000000000e+00
9.9999822172058994e-01 1.3388850215091286e+00 2.0000000000000001e-01 1.0000000000000000e+00 2.5230000000000000e+03 7.9098131828988241e-02 1.9009649704721476e-01 -3.2011589924357352e-16 -9.7112997345041637e-03 8.8809431563491539e-02 -2.3339419610132028e-02 2.1343591665734227e-01 3.9302795939233701e-17 -3.5941869518280764e-16 1.5029934700280428e+03 12 16 12 -8.7500000000000000e-01 2.0000000000000001e-01 1.0000000000000000e+00 -5.7500000000000000e+00
9.9999990000000005e-01 1.3346660801028847e+00 2.0000000000000001e-01 1.0000000000000000e+00 2.5330000000000000e+03 7.8549202683479036e-02 1.8819063572456360e-01 -3.5173514955743716e-16 -9.6700026041132963e-03 8.8219205287591543e-02 -2.3169641225212007e-02 2.1136027694977352e-01 4.3304722564709498e-17 -3.9503987212214202e-16 1.5612366125090048e+03 12 16 16 -8.7500000000000000e-01 2.0000000000000001e-01 1.0000000000000000e+00 -7.0000000000000000e+00
9.9999999437658671e-01 1.3336638346894079e+00 2.0000000000000001e-01 1.0000000000000000e+00 2.5430000000000000e+03 7.8412849008647548e-02 1.8772404537557813e-01 -3.8569834216030509e-16 -9.6592636658537744e-03 8.8072112674500283e-02 -2.3127076778575555e-02 2.1085112215414992e-01 4.7516303164610789e-17 -4.3321464532491134e-16 1.5023400400914252e+03 12 16 20 -8.7500000000000000e-01 2.0000000000000001e-01 1.0000000000000000e+00 -8.2500000000000000e+00
9.9999999968377229e-01 1.3334260630170445e+00 2.0000000000000001e-01 1.0000000000000000e+00 2.5170000000000000e+03 7.8380148600385599e-02 1.8761253077326751e-01 -2.5680067366187115e-16 -9.6566619252009597e-03 8.8036810525586762e-02 -2.3116849067352972e-02 2.1072937984061682e-01 3.1642381963751521e-17 -2.8844305562562394e-16 1.5529339984310791e+03 12 16 24 -8.7500000000000000e-01 2.0000000000000001e-01 1.0000000000000000e+00 -9.5000000000000000e+00
9.9999999998221722e-01 1.3333696728363800e+00 2.0000000000000001e-01 1.0000000000000000e+00 2.5270000000000000e+03 7.8372374428878483e-02 1.8758604055182712e-01 3.9912251972071884e-16 -9.6560418281167529e-03 8.8028416256993758e-02 -2.3114416093580052e-02 2.1070045664540568e-01 -4.9180241902853648e-17 4.4830276162356025e-16 1.6089917629258707e+03 12 16 28 -8.7500000000000000e-01 2.0000000000000001e-01 1.0000000000000000e+00 -1.0750000000000000e+01
9.9999999999900002e-01 1.3333563002398143e+00 2.0000000000000001e-01 1.0000000000000000e+00 2.5370000000000000e+03 7.8370529415399570e-02 1.8757975484490957e-01 -2.7415575465349800e-16 -9.6558945921371101e-03 8.8026424007536200e-02 -2.3113838685905753e-02 2.1069359353081216e-01 3.3782082955280839e-17 -3.0793783760877206e-16 1.6688797843409702e+03 12 16 32 -8.7500000000000000e-01 2.0000000000000001e-01 1.0000000000000000e+00 -1.2000000000000000e+01
9.8999999999999999e-01 1.7724208011295348e+00 2.5000000000000000e-01 1.0000000000000000e+00 2.5920000000000000e+03 7.0343794487841810e-02 2.1423330645133046e-01 3.3369641897421190e-16 -5.8192646325071215e-03 7.6163059120348528e-02 -1.7583998786862527e-02 2.3181730523819427e-01 -2.7359047560211329e-17 3.6105546653442343e-16 4.1987377383001149e+02 12 20 0 -8.7500000000000000e-01 2.5000000000000000e-01 1.0000000000000000e+00 -2.0000000000000000e+00
9.9943765867480960e-01 1.4760721885427586e+00 2.5000000000000000e-01 1.0000000000000000e+00 2.6290000000000000e+03 8.3272284668624200e-02 2.1352158993833459e-01 -5.3195548186896738e-16 -9.1496570789426843e-03 9.2421941747566391e-02 -2.3393432220860561e-02 2.3691502215919555e-01 5.8269361001270788e-17 -5.9022484287023823e-16 8.6610042216721922e+02 12 20 4 -8.7500000000000000e-01 2.5000000000000000e-01 1.0000000000000000e+00 -3.2500000000000000e+00
9.9996837722339826e-01 1.4055075888022088e+00 2.5000000000000000e-01 1.0000000000000000e+00 2.5940000000000000e+03 8.0262782485549175e-02 1.9645500407320268e-01 0.0000000000000000e+00 -9.3289661154290441e-03 8.9591748600977031e-02 -2.2802343034078507e-02 2.1925734710728159e-01 0.0000000000000000e+00 0.0000000000000000e+00 1.3334637782340869e+03 12 20 8 -8.7500000000000000e-01 2.5000000000000000e-01 1.0000000000000000e+00 -4.5000000000000000e+00
9.9999822172058994e-01 1.3886189871297698e+00 2.5000000000000000e-01 1.0000000000000000e+00 2.6040000000000000e+03 7.8534538102674023e-02 1.8993126223089576e-01 2.2100735979782360e-16 -9.2305717880060874e-03 8.7765109890678511e-02 -2.2301446757240103e-02 2.1223270898813321e-01 -2.5956459735571923e-17 2.4696381953338993e-16 1.6564750633202493e+03 12 20 12 -8.7500000000000000e-01 2.5000000000000000e-01 1.0000000000000000e+00 -5.7500000000000000e+00
9.9999990000000005e-01 1.3846018943389740e+00 2.5000000000000000e-01 1.0000000000000000e+00 2.6140000000000000e+03 7.8038831836867065e-02 1.8817762225858078e-01 2.4455724206110301e-17 -9.1947183933812678e-03 8.7233550230248119e-02 -2.2151662062183147e-02 2.1032928432076037e-01 -2.8770194379749962e-18 2.7332743644085114e-17 1.6016001786524430e+03 12 20 16 -8.7500000000000000e-01 2.5000000000000000e-01 1.0000000000000000e+00 -7.0000000000000000e+00
9.9999999437658671e-01 1.3836485508885223e+00 2.5000000000000000e-01 1.0000000000000000e+00 2.6240000000000000e+03 7.7915815304503422e-02 1.8774862099290490e-01 2.0844284186794484e-16 -9.1854120779928591e-03 8.7101227382496579e-02 -2.2114162513847024e-02 2.0986278350674750e-01 -2.4551652393175662e-17 2.3299449426111644e-16 1.6660940300524235e+03 12 20 20 -8.7500000000000000e-01 2.5000000000000000e-01 1.0000000000000000e+00 -8.2500000000000000e+00
9.9999999968377229e-01 1.3834224350870761e+00 2.5000000000000000e-01 1.0000000000000000e+00 2.5980000000000000e+03 7.7886321424088953e-02 1.8764611333644765e-01 -7.6254282040860828e-17 -9.1831584274386594e-03 8.7069479851527881e-02 -2.2105154926309184e-02 2.0975126826275386e-01 8.9864719623880832e-18 -8.5240754003247812e-17 2.1504669172698632e+03 12 20 24 -8.7500000000000000e-01 2.5000000000000000e-01 1.0000000000000000e+00 -9.5000000000000000e+00
9.9999999998221722e-01 1.3833688121847116e+00 2.5000000000000000e-01 1.0000000000000000e+00 2.6080000000000000e+03 7.7879311615276656e-02 1.8762176719445953e-01 -2.8454776899107053e-16 -9.1826213503353356e-03 8.7061932965610822e-02 -2.2103012369158261e-02 2.0972477956361776e-01 3.3525030954799714e-17 -3.1807279994587152e-16 1.9909075517561287e+03 12 20 28 -8.7500000000000000e-01 2.5000000000000000e-01 1.0000000000000000e+00 -1.0750000000000000e+01
9.9999999999900002e-01 1.3833560958426776e+00 2.5000000000000000e-01 1.0000000000000000e+00 2.6180000000000000e+03 7.7877647632661667e-02 1.8761598962046122e-01 4.0951668763821593e-16 -9.1824938730892987e-03 8.7060141505749686e-02 -2.2102503995858329e-02 2.0971849361631692e-01 -4.8247522357081075e-17 4.5776420999529109e-16 2.0096177011802793e+03 12 20 32 -8.7500000000000000e-01 2.5000000000000000e-01 1.0000000000000000e+00 -1.2000000000000000e+01
9.8999999999999999e-01 1.8185873785982893e+00 3.0000000000000004e-01 1.0000000000000000e+00 2.6730000000000000e+03 6.9844420602521176e-02 2.1129599113602096e-01 5.4788844624690983e-16 -5.6358482589755256e-03 7.5480268861496821e-02 -1.6876302225414412e-02 2.2817229336143399e-01 -4.3709155382761989e-17 5.9159760162966152e-16 4.0222497521620244e+02 12 24 0 -8.7500000000000000e-01 3.0000000000000004e-01 1.0000000000000000e+00 -2.0000000000000000e+00
9.9943765867480960e-01 1.5238890040876014e+00 3.0000000000000004e-01 1.0000000000000000e+00 2.6920000000000000e+03 8.2442005869106286e-02 2.1140434214537143e-01 -3.9383535167127199e-16 -8.7231292475200336e-03 9.1165135116625481e-02 -2.2266319463239839e-02 2.3367066160860842e-01 4.1489852654272460e-17 -4.3532520432554053e-16 1.0995131850456819e+03 12 24 4 -8.7500000000000000e-01 3.0000000000000004e-01 1.0000000000000000e+00 -3.2500000000000000e+00
9.9996837722339826e-01 1.4548534685882473e+00 3.0000000000000004e-01 1.0000000000000000e+00 2.6930000000000000e+03 7.9656697548742161e-02 1.9539497489991758e-01 3.5510292018020917e-16 -8.8808997633950323e-03 8.8537597312136312e-02 -2.1723223723723751e-02 2.1711819862363976e-01 -3.9467809906206445e-17 3.9457073008641294e-16 1.4363311383277178e+03 12 24 8 -8.7500000000000000e-01 3.0000000000000004e-01 1.0000000000000000e+00 -4.5000000000000000e+00
9.9999822172058994e-01 1.4384544126879113e+00 3.0000000000000004e-01 1.0000000000000000e+00 2.7030000000000000e+03 7.8050644940858879e-02 1.8927278334360226e-01 -1.3344655236229144e-16 -8.7912352406632390e-03 8.6841880181520767e-02 -2.1268912124031137e-02 2.1054169546763346e-01 1.4986496047430430e-17 -1.4843304840972090e-16 1.5145072895567864e+03 12 24 12 -8.7500000000000000e-01 3.0000000000000004e-01 1.0000000000000000e+00 -5.7500000000000000e+00
9.9999990000000005e-01 1.4345623056507926e+00 3.0000000000000004e-01 1.0000000000000000e+00 2.6770000000000000e+03 7.7590471604169028e-02 1.8762808317171448e-01 -2.3994698836505115e-16 -8.7588766889764736e-03 8.6349348293145528e-02 -2.1133556429553363e-02 2.0876163960126809e-01 2.7013561374454527e-17 -2.6696054973949930e-16 1.6259640304297209e+03 12 24 16 -8.7500000000000000e-01 3.0000000000000004e-01 1.0000000000000000e+00 -7.0000000000000000e+00
9.9999999437658671e-01 1.4336391308994454e+00 3.0000000000000004e-01 1.0000000000000000e+00 2.6870000000000000e+03 7.7476322666946096e-02 1.8722584924785471e-01 -2.0786244863997110e-16 -8.7504937739579930e-03 8.6226816440901244e-02 -2.1099700561105907e-02 2.0832554980895976e-01 2.3425373375636228e-17 -2.3128782201560401e-16 1.6755941591653973e+03 12 24 20 -8.7500000000000000e-01 3.0000000000000004e-01 1.0000000000000000e+00 -8.2500000000000000e+00
9.9999999968377229e-01 1.4334201994360203e+00 3.0000000000000004e-01 1.0000000000000000e+00 2.6970000000000000e+03 7.7448960637146139e-02 1.8712974863277726e-01 -9.0259205581599221e-17 -8.7484646486170395e-03 8.6197425285761756e-02 -2.1091570019964319e-02 2.0822131865274099e-01 1.0164709243789130e-17 -1.0042391482538797e-16 1.7853137232419103e+03 12 24 24 -8.7500000000000000e-01 3.0000000000000004e-01 1.0000000000000000e+00 -9.5000000000000000e+00
9.9999999998221722e-01 1.4333682818677349e+00 3.0000000000000004e-01 1.0000000000000000e+00 2.7070000000000000e+03 7.7442455251966857e-02 1.8710691889304473e-01 -2.0773040942173392e-16 -8.7479811325890059e-03 8.6190436384553759e-02 -2.1089636186781370e-02 2.0819655507982646e-01 2.3414199675532518e-17 -2.3114460909726274e-16 1.9578311674185097e+03 12 24 28 -8.7500000000000000e-01 3.0000000000000004e-01 1.0000000000000000e+00 -1.0750000000000000e+01
9.9999999999900002e-01 1.4333559698956915e+00 3.0000000000000004e-01 1.0000000000000000e+00 2.7170000000000000e+03 7.7440913132405448e-02 1.8710150685803442e-01 -1.4898418372316290e-16 -8.7478663080140916e-03 8.6188779440416280e-02 -2.1089177164551286e-02 2.0819068402258400e-01 1.6788535528487000e-17 -1.6577271925164627e-16 1.8078155496092513e+03 12 24 32 -8.7500000000000000e-01 3.0000000000000004e-01 1.0000000000000000e+00 -1.2000000000000000e+01
9.8999999999999999e-01 1.8664033456159606e+00 3.5000000000000003e-01 1.0000000000000000e+00 2.7630000000000000e+03 6.9465488611689663e-02 2.0835771171827880e-01 -6.1697747898827571e-17 -5.4629633483426815e-03 7.4928451960032408e-02 -1.6188803024935434e-02 2.2454651474321319e-01 4.8520861536107076e-18 -6.6549834052438335e-17 4.4756914592720568e+02 12 28 0 -8.7500000000000000e-01 3.5000000000000003e-01 1.0000000000000000e+00 -2.0000000000000000e+00
9.9943765867480960e-01 1.5725211056364889e+00 3.5000000000000003e-01 1.0000000000000000e+00 2.7550000000000000e+03 8.1808262550439756e-02 2.0927695880338246e-01 -1.0307629223699745e-16 -8.3416564467014009e-03 9.0149918997140407e-02 -2.1205574876309970e-02 2.3048253367969154e-01 1.0421310866598863e-17 -1.1349760310359387e-16 1.2428100981116295e+03 12 28 4 -8.7500000000000000e-01 3.5000000000000003e-01 1.0000000000000000e+00 -3.2500000000000000e+00
9.9996837722339826e-01 1.5044476773584587e+00 3.5000000000000003e-01 1.0000000000000000e+00 2.7920000000000000e+03 7.9202183970331103e-02 1.9416906480582058e-01 4.0561415720013951e-16 -8.4805481858478467e-03 8.7682732156178986e-02 -2.0700493958731945e-02 2.1486955876455310e-01 -4.3250956996851098e-17 4.4886511419698183e-16 1.5083872464289889e+03 12 28 8 -8.7500000000000000e-01 3.5000000000000003e-01 1.0000000000000000e+00 -4.5000000000000000e+00
9.9999822172058994e-01 1.4883527865441921e+00 3.5000000000000003e-01 1.0000000000000000e+00 2.7570000000000000e+03 7.7686196045023956e-02 1.8836689648829902e-01 -4.5275813253487626e-16 -8.3971068888167109e-03 8.6083302933837966e-02 -2.0283198405453191e-02 2.0865009489375030e-01 4.8766812328830023e-17 -5.0152494486370496e-16 1.7423614265546203e+03 12 28 12 -8.7500000000000000e-01 3.5000000000000003e-01 1.0000000000000000e+00 -5.7500000000000000e+00
9.9999990000000005e-01 1.4845378896177386e+00 3.5000000000000003e-01 1.0000000000000000e+00 2.7670000000000000e+03 7.7251672720368633e-02 1.8680724222772546e-01 -3.1749051038150730e-16 -8.3672196477545483e-03 8.5618892368121438e-02 -2.0159084408941409e-02 2.0696632663666617e-01 3.4288879523428909e-17 -3.5177938990493440e-16 1.8463161332467571e+03 12 28 16 -8.7500000000000000e-01 3.5000000000000003e-01 1.0000000000000000e+00 -7.0000000000000000e+00
9.9999999437658671e-01 1.4836333229541916e+00 3.5000000000000003e-01 1.0000000000000000e+00 2.7770000000000000e+03 7.7143871161411123e-02 1.8642573975445265e-01 1.7557263037817280e-16 -8.3594879734213007e-03 8.5503359134831453e-02 -2.0128053865276257e-02 2.0655379361972726e-01 -1.8976514918576484e-17 1.9454914529674653e-16 1.9520044756839052e+03 12 28 20 -8.7500000000000000e-01 3.5000000000000003e-01 1.0000000000000000e+00 -8.2500000000000000e+00
9.9999999968377229e-01 1.4834188211483157e+00 3.5000000000000003e-01 1.0000000000000000e+00 2.7870000000000000e+03 7.7118026097438841e-02 1.8633457698231512e-01 3.7237128776919789e-16 -8.3576170855724132e-03 8.5475643183009625e-02 -2.0120602599659726e-02 2.0645517958197199e-01 -4.0209041295854849e-17 4.1258032906505185e-16 2.1544783471990377e+03 12 28 24 -8.7500000000000000e-01 3.5000000000000003e-01 1.0000000000000000e+00 -9.5000000000000000e+00
9.9999999998221722e-01 1.4833679551007837e+00 3.5000000000000003e-01 1.0000000000000000e+00 2.7610000000000000e+03 7.7111881204333432e-02 1.8631291960168808e-01 -2.9958550334344034e-16 -8.3571713097898952e-03 8.5469052514120639e-02 -2.0118830377560182e-02 2.0643174997924635e-01 3.2370660861753712e-17 -3.3195616420519254e-16 2.3306531368577853e+03 12 28 28 -8.7500000000000000e-01 3.5000000000000003e-01 1.0000000000000000e+00 -1.0750000000000000e+01
9.9999999999900002e-01 1.4833558925850805e+00 3.5000000000000003e-01 1.0000000000000000e+00 2.7710000000000000e+03 7.7110423078256898e-02 1.8630778146101040e-01 1.4122786661492473e-16 -8.3570655015980395e-03 8.5467488579853410e-02 -2.0118409885535475e-02 2.0642619134654641e-01 -1.5257194431895592e-17 1.5648506104681675e-16 2.2624422310311347e+03 12 28 32 -8.7500000000000000e-01 3.5000000000000003e-01 1.0000000000000000e+00 -1.2000000000000000e+01
9.8999999999999999e-01 1.9155373788202668e+00 4.0000000000000002e-01 1.0000000000000000e+00 2.8350000000000000e+03 6.9114057360934802e-02 2.0527753214768207e-01 2.1255743906711490e-16 -5.2900283017300546e-03 7.4404085662663919e-02 -1.5507527772135699e-02 2.2078505991981587e-01 -1.6042192143339231e-17 2.2859963121045162e-16 5.4028304167930037e+02 12 32 0 -8.7500000000000000e-01 4.0000000000000002e-01 1.0000000000000000e+00 -2.0000000000000000e+00
9.9943765867480960e-01 1.6217342351417117e+00 4.0000000000000002e-01 1.0000000000000000e+00 2.8360000000000000e+03 8.1301167259695342e-02 2.0709796291261612e-01 -2.5785742657014439e-16 -7.9997299402276810e-03 8.9300897199921805e-02 -2.0218874550988405e-02 2.2731683746360495e-01 2.5160655196133662e-17 -2.8301808176627102e-16 1.2074007671270519e+03 12 32 4 -8.7500000000000000e-01 4.0000000000000002e-01 1.0000000000000000e+00 -3.2500000000000000e+00
9.9996837722339826e-01 1.5542099943164918e+00 4.0000000000000002e-01 1.0000000000000000e+00 2.8640000000000000e+03 7.8855912876061376e-02 1.9281249668980857e-01 2.2378048867009240e-16 -8.1251330084892073e-03 8.6981045884549968e-02 -1.9750997649080500e-02 2.1256349433888891e-01 -2.2954835725961260e-17 2.4673532439605193e-16 1.8294694409631193e+03 12 32 8 -8.7500000000000000e-01 4.0000000000000002e-01 1.0000000000000000e+00 -4.5000000000000000e+00
9.9999822172058994e-01 1.5382931421528507e+00 4.0000000000000002e-01 1.0000000000000000e+00 2.8380000000000000e+03 7.7405436725951182e-02 1.8727135241487156e-01 2.0070529307667420e-16 -8.0524683888084925e-03 8.5457905114758426e-02 -1.9376498477065626e-02 2.0664785089193730e-01 -2.0785802120810437e-17 2.2149109519748435e-16 1.9776626227134839e+03 12 32 12 -8.7500000000000000e-01 4.0000000000000002e-01 1.0000000000000000e+00 -5.7500000000000000e+00
9.9999990000000005e-01 1.5345235548932283e+00 4.0000000000000002e-01 1.0000000000000000e+00 2.8480000000000000e+03 7.6991233132200673e-02 1.8578380175171794e-01 -4.8313605835801421e-17 -8.0246923794787661e-03 8.5015925511677692e-02 -1.9262063131542963e-02 2.0504586488325874e-01 4.9903950980764457e-18 -5.3304000933877698e-17 2.0769790429491550e+03 12 32 16 -8.7500000000000000e-01 4.0000000000000002e-01 1.0000000000000000e+00 -7.0000000000000000e+00
9.9999999437658671e-01 1.5336299128405588e+00 4.0000000000000002e-01 1.0000000000000000e+00 2.8580000000000000e+03 7.6888463107897570e-02 1.8541985291639362e-01 -7.9322569873886107e-17 -8.0175054947057151e-03 8.4905968602601634e-02 -1.9233442736457183e-02 2.0465329565285081e-01 8.1815095747785441e-18 -8.7504079448662510e-17 2.2477638062145561e+03 12 32 20 -8.7500000000000000e-01 4.0000000000000002e-01 1.0000000000000000e+00 -8.2500000000000000e+00
9.9999999968377229e-01 1.5334180118492313e+00 4.0000000000000002e-01 1.0000000000000000e+00 2.8680000000000000e+03 7.6863814030745825e-02 1.8533285615053258e-01 -2.7099793054552379e-16 -8.0157663539820959e-03 8.4879580384726164e-02 -1.9226569663046249e-02 2.0455942581357642e-01 2.8104234781021320e-17 -2.9910216532653864e-16 2.2629343750076368e+03 12 32 24 -8.7500000000000000e-01 4.0000000000000002e-01 1.0000000000000000e+00 -9.5000000000000000e+00
9.9999999998221722e-01 1.5333677629969997e+00 4.0000000000000002e-01 1.0000000000000000e+00 2.8420000000000000e+03 7.6857956288007401e-02 1.8531219827860265e-01 -7.0157847759298412e-18 -8.0153519617494357e-03 8.4873308249755211e-02 -1.9224934917646687e-02 2.0453713319624670e-01 7.0926175913485525e-19 -7.7250465350646744e-18 2.4645395893128589e+03 12 32 28 -8.7500000000000000e-01 4.0000000000000002e-01 1.0000000000000000e+00 -1.0750000000000000e+01
9.9999999999900002e-01 1.5333558472943096e+00 4.0000000000000002e-01 1.0000000000000000e+00 2.8430000000000000e+03 7.6856564781656200e-02 1.8530729339625185e-01 -2.0573242375949547e-16 -8.0152535792011072e-03 8.4871818360856485e-02 -1.9224546981954013e-02 2.0453184037820546e-01 2.1343534697353172e-17 -2.2707595845684422e-16 2.5460022154906765e+03 12 32 32 -8.7500000000000000e-01 4.0000000000000002e-01 1.0000000000000000e+00 -1.2000000000000000e+01
9.8999999999999999e-01 1.6598504407053862e+00 0.0000000000000000e+00 1.0000000000000000e+00 2.4300000000000000e+02 7.0126103118639677e-02 2.1938750481913999e-01 0.0000000000000000e+00 -6.1884896107735968e-03 7.6314592729413169e-02 -1.9360512475787607e-02 2.3874801729492756e-01 0.0000000000000000e+00 0.0000000000000000e+00 0.0000000000000000e+00 14 0 0 -6.8750000000000000e-01 0.0000000000000000e+00 1.0000000000000000e+00 -2.0000000000000000e+00
9.9943765867480960e-01 1.3519439478222730e+00 0.0000000000000000e+00 1.0000000000000000e+00 2.4400000000000000e+02 8.7551167164402019e-02 2.2512776919743913e-01 0.0000000000000000e+00 -1.0754117279919354e-02 9.8305284444321323e-02 -2.7652977239808436e-02 2.5278074643724763e-01 0.0000000000000000e+00 0.0000000000000000e+00 0.0000000000000000e+00 14 0 4 -6.8750000000000000e-01 0.0000000000000000e+00 1.0000000000000000e+00 -3.2500000000000000e+00
9.9996837722339826e-01 1.2577854351586697e+00 0.0000000000000000e+00 1.0000000000000000e+00 2.4500000000000000e+02 8.6434372115710034e-02 2.0835763808344407e-01 0.0000000000000000e+00 -1.1534401758230065e-02 9.7968773873940124e-02 -2.7804687512891960e-02 2.3616232559633626e-01 0.0000000000000000e+00 0.0000000000000000e+00 0.0000000000000000e+00 14 0 8 -6.8750000000000000e-01 0.0000000000000000e+00 1.0000000000000000e+00 -4.5000000000000000e+00
9.9999822172058994e-01 1.2249096106332142e+00 0.0000000000000000e+00 1.0000000000000000e+00 2.4600000000000000e+02 8.4186524884772684e-02 1.9831606736161450e-01 0.0000000000000000e+00 -1.1516751608047229e-02 9.5703276492819817e-02 -2.7129720472659592e-02 2.2544578783427419e-01 0.0000000000000000e+00 0.0000000000000000e+00 0.0000000000000000e+00 14 0 12 -6.8750000000000000e-01 0.0000000000000000e+00 1.0000000000000000e+00 -5.7500000000000000e+00
9.9999990000000005e-01 1.2127681618836745e+00 0.0000000000000000e+00 1.0000000000000000e+00 2.4700000000000000e+02 8.3008481481540927e-02 1.9387211730117992e-01 0.0000000000000000e+00 -1.1454608821767139e-02 9.4463090303308156e-02 -2.6753040478479314e-02 2.2062515777965916e-01 0.0000000000000000e+00 0.0000000000000000e+00 0.0000000000000000e+00 14 0 16 -6.8750000000000000e-01 0.0000000000000000e+00 1.0000000000000000e+00 -7.0000000000000000e+00
9.9999999437658671e-01 1.2081823229321957e+00 0.0000000000000000e+00 1.0000000000000000e+00 2.4800000000000000e+02 8.2507133596414844e-02 1.9207676821847486e-01 0.0000000000000000e+00 -1.1422336755089369e-02 9.3929470351504035e-02 -2.6591222283305745e-02 2.1866799050178057e-01 0.0000000000000000e+00 0.0000000000000000e+00 0.0000000000000000e+00 14 0 20 -6.8750000000000000e-01 0.0000000000000000e+00 1.0000000000000000e+00 -8.2500000000000000e+00
9.9999999968377229e-01 1.2064350100871533e+00 0.0000000000000000e+00 1.0000000000000000e+00 2.4900000000000000e+02 8.2307492469912605e-02 1.9137496982983238e-01 0.0000000000000000e+00 -1.1408717832851818e-02 9.3716210302764308e-02 -2.6526661978643111e-02 2.1790163180847558e-01 0.0000000000000000e+00 0.0000000000000000e+00 0.0000000000000000e+00 14 0 24 -6.8750000000000000e-01 0.0000000000000000e+00 1.0000000000000000e+00 -9.5000000000000000e+00
9.9999999998221722e-01 1.2057669887775471e+00 0.0000000000000000e+00 1.0000000000000000e+00 2.5000000000000000e+02 8.2229882947968763e-02 1.9110402771943016e-01 0.0000000000000000e+00 -1.1403315438983203e-02 9.3633198386951999e-02 -2.6501551888669962e-02 2.1760557960809990e-01 0.0000000000000000e+00 0.0000000000000000e+00 0.0000000000000000e+00 14 0 28 -6.8750000000000000e-01 0.0000000000000000e+00 1.0000000000000000e+00 -1.0750000000000000e+01
9.9999999999900002e-01 1.2055112534469656e+00 0.0000000000000000e+00 1.0000000000000000e+00 2.5100000000000000e+02 8.2199982143399561e-02 1.9099991478851647e-01 0.0000000000000000e+00 -1.1401218456736943e-02 9.3601200600136311e-02 -2.6491876238161401e-02 2.1749179102667746e-01 0.0000000000000000e+00 0.0000000000000000e+00 0.0000000000000000e+00 14 0 32 -6.8750000000000000e-01 0.0000000000000000e+00 1.0000000000000000e+00 -1.2000000000000000e+01
9.8999999999999999e-01 1.6875134443768622e+00 5.0000000000000003e-02 1.0000000000000000e+00 2.5200000000000000e+02 6.7973086552066048e-02 2.1536348742655198e-01 1.9382233095756323e-16 -5.9074486913516340e-03 7.3880535243417630e-02 -1.8709203195334898e-02 2.3407269062188751e-01 -1.6836236827493132e-17 2.1065856778505631e-16 1.1534490659274161e+02 14 4 0 -6.8750000000000000e-01 5.0000000000000003e-02 1.0000000000000000e+00 -2.0000000000000000e+00
9.9943765867480960e-01 1.3784485245696727e+00 5.0000000000000003e-02 1.0000000000000000e+00 2.5300000000000000e+02 8.6508126781341968e-02 2.2557898819939867e-01 3.0879934480156146e-17 -1.0420227862844786e-02 9.6928354644186934e-02 -2.7170263660223352e-02 2.5274925185962099e-01 -3.7192550811090115e-18 3.4599189561265321e-17 3.3183855680562556e+02 14 4 4 -6.8750000000000000e-01 5.0000000000000003e-02 1.0000000000000000e+00 -3.2500000000000000e+00
9.9996837722339826e-01 1.2896686905654071e+00 5.0000000000000003e-02 1.0000000000000000e+00 2.5400000000000000e+02 8.6762184429479680e-02 2.1296958301862665e-01 2.1892654062356580e-16 -1.1294695438939267e-02 9.8056879868418073e-02 -2.7725998179215092e-02 2.4069558119784054e-01 -2.8500929681519078e-17 2.4742747030508305e-16 4.7886663200706244e+02 14 4 8 -6.8750000000000000e-01 5.0000000000000003e-02 1.0000000000000000e+00 -4.5000000000000000e+00
9.9999822172058994e-01 1.2641402164676334e+00 5.0000000000000003e-02 1.0000000000000000e+00 2.5500000000000000e+02 8.5719567237876576e-02 2.0669701869154150e-01 4.3209718813258601e-16 -1.1377601373259176e-02 9.7097168611135001e-02 -2.7437583661925787e-02 2.3413460235346564e-01 -5.7357641820708154e-17 4.8945482995328752e-16 5.2461457563471049e+02 14 4 12 -6.8750000000000000e-01 5.0000000000000003e-02 1.0000000000000000e+00 -5.7500000000000000e+00
9.9999990000000005e-01 1.2574869638762713e+00 5.0000000000000003e-02 1.0000000000000000e+00 2.5600000000000000e+02 8.5334611845376121e-02 2.0480922152756298e-01 2.7286069607454627e-16 -1.1381006361697192e-02 9.6715618207073195e-02 -2.7318063806660377e-02 2.3212728533422003e-01 -3.6394972111600127e-17 3.0925566818614496e-16 5.7621431788522750e+02 14 4 16 -6.8750000000000000e-01 5.0000000000000003e-02 1.0000000000000000e+00 -7.0000000000000000e+00
9.9999999437658671e-01 1.2558617913777665e+00 5.0000000000000003e-02 1.0000000000000000e+00 2.5700000000000000e+02 8.5232717856886547e-02 2.0433079547903349e-01 2.9866839012989894e-16 -1.1380566504927985e-02 9.6613284361813920e-02 -2.7285839670963884e-02 2.3161663514999589e-01 -3.9883721035098613e-17 3.3855211116499660e-16 5.5063572943676263e+02 14 4 20 -6.8750000000000000e-01 5.0000000000000003e-02 1.0000000000000000e+00 -8.2500000000000000e+00
9.9999999968377229e-01 1.2554734541939501e+00 5.0000000000000003e-02 1.0000000000000000e+00 2.5800000000000000e+02 8.5207900729025732e-02 2.0421544599049823e-01 -4.0810444222094864e-16 -1.1380385473990737e-02 9.6588286203016252e-02 -2.7277959814946032e-02 2.3149340580544256e-01 5.4512314292435241e-17 -4.6261675651337670e-16 5.9792240160703659e+02 14 4 24 -6.8750000000000000e-01 5.0000000000000003e-02 1.0000000000000000e+00 -9.5000000000000000e+00
9.9999999998221722e-01 1.2553811949269116e+00 5.0000000000000003e-02 1.0000000000000000e+00 2.5900000000000000e+02 8.5201978507080459e-02 2.0418798439733279e-01 -1.8135536130377687e-16 -1.1380338130242029e-02 9.6582316637322349e-02 -2.7276077501480964e-02 2.3146406189881319e-01 2.4226023410883503e-17 -2.0558138471465987e-16 5.9931717434059829e+02 14 4 28 -6.8750000000000000e-01 5.0000000000000003e-02 1.0000000000000000e+00 -1.0750000000000000e+01
9.9999999999900002e-01 1.2553593063890423e+00 5.0000000000000003e-02 1.0000000000000000e+00 2.6000000000000000e+02 8.5200571697564995e-02 2.0418146521016922e-01 -3.3628007671121349e-16 -1.1380326613769308e-02 9.6580898311334276e-02 -2.7275630245900663e-02 2.3145709545606893e-01 4.4921785921097970e-17 -3.8120186263231201e-16 6.8761858649458736e+02 14 4 32 -6.8750000000000000e-01 5.0000000000000003e-02 1.0000000000000000e+00 -1.2000000000000000e+01
9.8999999999999999e-01 1.7209840656254924e+00 1.0000000000000001e-01 1.0000000000000000e+00 2.6100000000000000e+02 6.6196254568649790e-02 2.1141794447613704e-01 2.2002254858311814e-16 -5.6452779599369977e-03 7.1841532528586508e-02 -1.7999090194854624e-02 2.2941703467099159e-01 -1.8729500842326368e-17 2.3875204942544372e-16 1.6968093207385391e+02 14 8 0 -6.8750000000000000e-01 1.0000000000000001e-01 1.0000000000000000e+00 -2.0000000000000000e+00
9.9943765867480960e-01 1.4148952383719076e+00 1.0000000000000001e-01 1.0000000000000000e+00 2.6200000000000000e+02 8.4963579978683867e-02 2.2449529960021256e-01 -3.7731409098766312e-17 -9.9422027300025625e-03 9.4905782708686645e-02 -2.6259204766991607e-02 2.5075450436720326e-01 4.4152249545359727e-18 -4.2146634053302388e-17 4.6361104663927108e+02 14 8 4 -6.8750000000000000e-01 1.0000000000000001e-01 1.0000000000000000e+00 -3.2500000000000000e+00
9.9996837722339826e-01 1.3333267680287404e+00 1.0000000000000001e-01 1.0000000000000000e+00 2.6300000000000000e+02 8.6002419457170423e-02 2.1508183930952010e-01 4.0115846953921966e-16 -1.0796644687078845e-02 9.6799064144249033e-02 -2.7001079565792004e-02 2.4208291887531194e-01 -5.0360889061943268e-17 4.5151935860115556e-16 6.5597508343495429e+02 14 8 8 -6.8750000000000000e-01 1.0000000000000001e-01 1.0000000000000000e+00 -4.5000000000000000e+00
9.9999822172058994e-01 1.3121670038861677e+00 1.0000000000000001e-01 1.0000000000000000e+00 2.6400000000000000e+02 8.5524633878253514e-02 2.1076597148329104e-01 1.4039834060894318e-16 -1.0908584954663363e-02 9.6433218832916556e-02 -2.6885913664980641e-02 2.3765188514827174e-01 -1.7909616233367388e-17 1.5830795684231054e-16 7.3332208830025047e+02 14 8 12 -6.8750000000000000e-01 1.0000000000000001e-01 1.0000000000000000e+00 -5.7500000000000000e+00
9.9999990000000005e-01 1.3069802538764390e+00 1.0000000000000001e-01 1.0000000000000000e+00 2.6500000000000000e+02 8.5343085184577366e-02 2.0955486939705675e-01 1.9475269766114273e-16 -1.0925705718322241e-02 9.6268790902900636e-02 -2.6831066830899867e-02 2.3638593622795379e-01 -2.4936480151417183e-17 2.1968917781255931e-16 7.6094880783278495e+02 14 8 16 -6.8750000000000000e-01 1.0000000000000001e-01 1.0000000000000000e+00 -7.0000000000000000e+00
9.9999999437658671e-01 1.3057391913693843e+00 1.0000000000000001e-01 1.0000000000000000e+00 2.6600000000000000e+02 8.5295525478744222e-02 2.0925540501850573e-01 -2.7524622478960733e-17 -1.0929132023179747e-02 9.6224657501923730e-02 -2.6816246933254968e-02 2.3607165195175978e-01 3.5276481536062113e-18 -3.1052270632566820e-17 7.7697522729448974e+02 14 8 20 -6.8750000000000000e-01 1.0000000000000001e-01 1.0000000000000000e+00 -8.2500000000000000e+00
9.9999999968377229e-01 1.3054442400376327e+00 1.0000000000000001e-01 1.0000000000000000e+00 2.6700000000000000e+02 8.5283982029508723e-02 2.0918367111349698e-01 -5.1092916170080172e-16 -1.0929907231416845e-02 9.6213889260925570e-02 -2.6812626347599018e-02 2.3599629746109607e-01 6.5489589267905161e-17 -5.7641875096870959e-16 1.1123105375943705e+03 14 8 24 -6.8750000000000000e-01 1.0000000000000001e-01 1.0000000000000000e+00 -9.5000000000000000e+00
9.9999999998221722e-01 1.3053742592228088e+00 1.0000000000000001e-01 1.0000000000000000e+00 2.6800000000000000e+02 8.5281229309671358e-02 2.0916661876030807e-01 -2.6830152397420104e-16 -1.0930088938586850e-02 9.6211318248258390e-02 -2.6811761730664040e-02 2.3597838049097161e-01 3.4392947445313668e-17 -3.0269447141951213e-16 1.1257347472114488e+03 14 8 28 -6.8750000000000000e-01 1.0000000000000001e-01 1.0000000000000000e+00 -1.0750000000000000e+01
9.9999999999900002e-01 1.3053576623743042e+00 1.0000000000000001e-01 1.0000000000000000e+00 2.6900000000000000e+02 8.5280575869333533e-02 2.0916257321822898e-01 3.1473909215270042e-16 -1.0930131919125698e-02 9.6210707788459249e-02 -2.6811556386506577e-02 2.3597412960473496e-01 -4.0345961090854207e-17 3.5508505324355531e-16 1.2639003831129521e+03 14 8 32 -6.8750000000000000e-01 1.0000000000000001e-01 1.0000000000000000e+00 -1.2000000000000000e+01
9.8999999999999999e-01 1.7589371476954139e+00 1.5000000000000002e-01 1.0000000000000000e+00 2.7000000000000000e+02 6.4778664097931260e-02 2.0760678867627341e-01 -3.4001623321662677e-16 -5.4091318448008120e-03 7.0187795942732445e-02 -1.7268973018134032e-02 2.2487576169440726e-01 2.8273721243248032e-17 -3.6828995445987362e-16 2.1707015528529882e+02 14 12 0 -6.8750000000000000e-01 1.5000000000000002e-01 1.0000000000000000e+00 -2.0000000000000000e+00
9.9943765867480960e-01 1.4566632182506944e+00 1.5000000000000002e-01 1.0000000000000000e+00 2.7100000000000000e+02 8.3343225791429873e-02 2.2244604607392041e-01 -2.7785175286167389e-16 -9.4294723537804506e-03 9.2772698145209165e-02 -2.5135809542381038e-02 2.4758185561630133e-01 3.1393861932406004e-17 -3.0924561479407915e-16 5.3014600624330342e+02 14 12 4 -6.8750000000000000e-01 1.5000000000000002e-01 1.0000000000000000e+00 -3.2500000000000000e+00
9.9996837722339826e-01 1.3802735165968603e+00 1.5000000000000002e-01 1.0000000000000000e+00 2.7200000000000000e+02 8.4772131772790346e-02 2.1505451071226275e-01 3.9073144060357752e-16 -1.0225558536404526e-02 9.4997690309193944e-02 -2.5927990055235467e-02 2.4098250076749561e-01 -4.7111782474265375e-17 4.3784322307784425e-16 7.6450459569413215e+02 14 12 8 -6.8750000000000000e-01 1.5000000000000002e-01 1.0000000000000000e+00 -4.5000000000000000e+00
9.9999822172058994e-01 1.3613331634433286e+00 1.5000000000000002e-01 1.0000000000000000e+00 2.7300000000000000e+02 8.4551158910678145e-02 2.1170825570398405e-01 -1.0347777063892544e-16 -1.0340865590877543e-02 9.4892024501554623e-02 -2.5885102537045984e-02 2.3759335824103076e-01 1.2650675269428581e-17 -1.1612844590835298e-16 7.5878445860277861e+02 14 12 12 -6.8750000000000000e-01 1.5000000000000002e-01 1.0000000000000000e+00 -5.7500000000000000e+00
9.9999990000000005e-01 1.3567751255519764e+00 1.5000000000000002e-01 1.0000000000000000e+00 2.7400000000000000e+02 8.4451170818766033e-02 2.1078549735800928e-01 3.2747440806352251e-16 -1.0361267851638866e-02 9.4812438670404356e-02 -2.5854989229779895e-02 2.3664048658778922e-01 -4.0165329686609300e-17 3.6763973775013324e-16 8.9197599819302559e+02 14 12 16 -6.8750000000000000e-01 1.5000000000000002e-01 1.0000000000000000e+00 -7.0000000000000000e+00
9.9999999437658671e-01 1.3556901121045892e+00 1.5000000000000002e-01 1.0000000000000000e+00 2.7500000000000000e+02 8.4424449705792604e-02 2.1055858346900716e-01 -4.6753397479949887e-16 -1.0365657754259782e-02 9.4790107460052328e-02 -2.5846584084389300e-02 2.3640516755339694e-01 5.7390945516797801e-17 -5.2492492031630104e-16 8.9712640050426126e+02 14 12 20 -6.8750000000000000e-01 1.5000000000000002e-01 1.0000000000000000e+00 -8.2500000000000000e+00
9.9999999968377229e-01 1.3554325767357123e+00 1.5000000000000002e-01 1.0000000000000000e+00 2.7600000000000000e+02 8.4417939177331841e-02 2.1050430711658089e-01 -4.3941665933168642e-16 -1.0366672392112048e-02 9.4784611569442748e-02 -2.5844517083336075e-02 2.3634882419991843e-01 5.3949583942922191e-17 -4.9336624327460161e-16 1.1476390554700047e+03 14 12 24 -6.8750000000000000e-01 1.5000000000000002e-01 1.0000000000000000e+00 -9.5000000000000000e+00
9.9999999998221722e-01 1.3553714919306901e+00 1.5000000000000002e-01 1.0000000000000000e+00 2.7700000000000000e+02 8.4416385551805279e-02 2.1049140998180038e-01 1.9620400388950957e-16 -1.0366911518973690e-02 9.4783297070777553e-02 -2.5844022764873242e-02 2.3633543274667118e-01 -2.4088795577452742e-17 2.2029279946695992e-16 1.1764523330349475e+03 14 12 28 -6.8750000000000000e-01 1.5000000000000002e-01 1.0000000000000000e+00 -1.0750000000000000e+01
9.9999999999900002e-01 1.3553570059986888e+00 1.5000000000000002e-01 1.0000000000000000e+00 2.7800000000000000e+02 8.4416016414983558e-02 2.1048834973923686e-01 -1.2146928636330038e-16 -1.0366968146015614e-02 9.4782984560998998e-02 -2.5843905338630686e-02 2.3633225507786826e-01 1.4913569905656143e-17 -1.3638285626895703e-16 1.1812203381722793e+03 14 12 32 -6.8750000000000000e-01 1.5000000000000002e-01 1.0000000000000000e+00 -1.2000000000000000e+01
9.8999999999999999e-01 1.8003427331065214e+00 2.0000000000000001e-01 1.0000000000000000e+00 2.7900000000000000e+02 6.3682106064463714e-02 2.0395187907702170e-01 -4.5286414413375042e-17 -5.2006777374056399e-03 6.8882783801869130e-02 -1.6546455249839453e-02 2.2049833432685984e-01 3.6740511188603115e-18 -4.8960465532235061e-17 2.3024312852695584e+02 14 16 0 -6.8750000000000000e-01 2.0000000000000001e-01 1.0000000000000000e+00 -2.0000000000000000e+00
9.9943765867480960e-01 1.5014487094104405e+00 2.0000000000000001e-01 1.0000000000000000e+00 2.8000000000000000e+02 8.1876852519382981e-02 2.1990842553014531e-01 4.7582594193907959e-16 -8.9395909140998799e-03 9.0816443433482469e-02 -2.3945188991278326e-02 2.4385361452142276e-01 -5.1822076130237768e-17 5.2764801806931625e-16 6.5127115542907268e+02 14 16 4 -6.8750000000000000e-01 2.0000000000000001e-01 1.0000000000000000e+00 -3.2500000000000000e+00
9.9996837722339826e-01 1.4285533243730395e+00 2.0000000000000001e-01 1.0000000000000000e+00 2.8100000000000000e+02 8.3513228687072019e-02 2.1387536912716165e-01 1.3206706742174269e-16 -9.6712985914412433e-03 9.3184527278513243e-02 -2.4729423324827082e-02 2.3860479245198887e-01 -1.5276989414067367e-17 1.4734405683580939e-16 7.9089591714739799e+02 14 16 8 -6.8750000000000000e-01 2.0000000000000001e-01 1.0000000000000000e+00 -4.5000000000000000e+00
9.9999822172058994e-01 1.4108853809385107e+00 2.0000000000000001e-01 1.0000000000000000e+00 2.8200000000000000e+02 8.3431138438241750e-02 2.1110304783620146e-01 -4.6874292855258890e-16 -9.7823258577928365e-03 9.3213464296034651e-02 -2.4720846356514482e-02 2.3582389419271582e-01 5.4891305626447057e-17 -5.2363423417903494e-16 8.4315281651727855e+02 14 16 12 -6.8750000000000000e-01 2.0000000000000001e-01 1.0000000000000000e+00 -5.7500000000000000e+00
9.9999990000000005e-01 1.4066664395322668e+00 2.0000000000000001e-01 1.0000000000000000e+00 2.8300000000000000e+02 8.3373547742154844e-02 2.1034140540899279e-01 -3.8332127543153063e-16 -9.8030405548445720e-03 9.3176588296998722e-02 -2.4702685780567574e-02 2.3504409118956060e-01 4.5012458408470761e-17 -4.2833373384000141e-16 8.7855383589584380e+02 14 16 16 -6.8750000000000000e-01 2.0000000000000001e-01 1.0000000000000000e+00 -7.0000000000000000e+00
9.9999999437658671e-01 1.4056641941187900e+00 2.0000000000000001e-01 1.0000000000000000e+00 2.8400000000000000e+02 8.3357513827117521e-02 2.1015434738262737e-01 -1.8587270920208288e-16 -9.8075961880975792e-03 9.3165110015215324e-02 -2.4697371497337469e-02 2.3485171887996512e-01 2.1856455297877920e-17 -2.0772916449996117e-16 1.0049028387228027e+03 14 16 20 -6.8750000000000000e-01 2.0000000000000001e-01 1.0000000000000000e+00 -8.2500000000000000e+00
9.9999999968377229e-01 1.4054264224464266e+00 2.0000000000000001e-01 1.0000000000000000e+00 2.8500000000000000e+02 8.3353580764656265e-02 2.1010963822117101e-01 -3.3621326705813425e-16 -9.8086558326756675e-03 9.3162236597332360e-02 -2.4696053100720719e-02 2.3480569132189064e-01 3.9513084613233238e-17 -3.7572635167137268e-16 9.2022770300135016e+02 14 16 24 -6.8750000000000000e-01 2.0000000000000001e-01 1.0000000000000000e+00 -9.5000000000000000e+00
9.9999999998221722e-01 1.4053700322657621e+00 2.0000000000000001e-01 1.0000000000000000e+00 2.8600000000000000e+02 8.3352637309813890e-02 2.1009900611311769e-01 2.7027276087947696e-16 -9.8089059410316343e-03 9.3161543250845164e-02 -2.4695737162857813e-02 2.3479474327597472e-01 -3.1773805297142180e-17 3.0204656617662053e-16 9.2012841921579093e+02 14 16 28 -6.8750000000000000e-01 2.0000000000000001e-01 1.0000000000000000e+00 -1.0750000000000000e+01
9.9999999999900002e-01 1.4053566596691964e+00 2.0000000000000001e-01 1.0000000000000000e+00 2.8700000000000000e+02 8.3352413952436297e-02 2.1009648577483578e-01 2.4212702619689033e-16 -9.8089652190673365e-03 9.3161379171503300e-02 -2.4695662165147556e-02 2.3479214793998338e-01 -2.8468237615662361e-17 2.7059526381255358e-16 9.5347605976741761e+02 14 16 32 -6.8750000000000000e-01 2.0000000000000001e-01 1.0000000000000000e+00 -1.2000000000000000e+01
9.8999999999999999e-01 1.8444211605589169e+00 2.5000000000000000e-01 1.0000000000000000e+00 2.8800000000000000e+02 6.2850813575663536e-02 2.0043583205410467e-01 -4.8956264655400789e-16 -5.0171134482320020e-03 6.7867927023895547e-02 -1.5847039824927332e-02 2.1628287187903203e-01 3.8706246668729435e-17 -5.2826889322274115e-16 2.8236113856732845e+02 14 20 0 -6.8750000000000000e-01 2.5000000000000000e-01 1.0000000000000000e+00 -2.0000000000000000e+00
9.9943765867480960e-01 1.5480725479721407e+00 2.5000000000000000e-01 1.0000000000000000e+00 2.8900000000000000e+02 8.0648827291076003e-02 2.1716530669445175e-01 -5.3722910980542686e-17 -8.4950255574184463e-03 8.9143852848494493e-02 -2.2768614776052430e-02 2.3993392147050285e-01 5.6588237811751018e-18 -5.9381734761716785e-17 6.3337909894622862e+02 14 20 4 -6.8750000000000000e-01 2.5000000000000000e-01 1.0000000000000000e+00 -3.2500000000000000e+00
9.9996837722339826e-01 1.4775079482315909e+00 2.5000000000000000e-01 1.0000000000000000e+00 2.9000000000000000e+02 8.2411675839226248e-02 2.1213026057848300e-01 -1.1250382780851687e-16 -9.1672428699826440e-03 9.1578918709209436e-02 -2.3522770822169695e-02 2.3565303140065091e-01 1.2481745529218746e-17 -1.2498557333773431e-16 8.1556885036919266e+02 14 20 8 -6.8750000000000000e-01 2.5000000000000000e-01 1.0000000000000000e+00 -4.5000000000000000e+00
9.9999822172058994e-01 1.4606193465591519e+00 2.5000000000000000e-01 1.0000000000000000e+00 2.9100000000000000e+02 8.2416299102756468e-02 2.0974720695010776e-01 -4.7570540356770917e-16 -9.2718907581805579e-03 9.1688189860936464e-02 -2.3532016415424174e-02 2.3327922336553061e-01 5.3359183527957951e-17 -5.2906458709566503e-16 8.9480326728057116e+02 14 20 12 -6.8750000000000000e-01 2.5000000000000000e-01 1.0000000000000000e+00 -5.7500000000000000e+00
9.9999990000000005e-01 1.4566022537683561e+00 2.5000000000000000e-01 1.0000000000000000e+00 2.9200000000000000e+02 8.2384641320403101e-02 2.0909143693991664e-01 -3.6157950882747377e-16 -9.2919447815368594e-03 9.1676586101938976e-02 -2.3520485927260585e-02 2.3261192286717586e-01 4.0684631453546464e-17 -4.0226414028101947e-16 1.0274630021871999e+03 14 20 16 -6.8750000000000000e-01 2.5000000000000000e-01 1.0000000000000000e+00 -7.0000000000000000e+00
9.9999999437658671e-01 1.4556489103179044e+00 2.5000000000000000e-01 1.0000000000000000e+00 2.9300000000000000e+02 8.2375110707993152e-02 2.0893036756491282e-01 3.0645207754673533e-16 -9.2964005637382781e-03 9.1671511271729372e-02 -2.3516900117885681e-02 2.3244726768279661e-01 -3.4488389979761127e-17 3.4094046752649117e-16 9.5546849077567458e+02 14 20 20 -6.8750000000000000e-01 2.5000000000000000e-01 1.0000000000000000e+00 -8.2500000000000000e+00
9.9999999968377229e-01 1.4554227945164582e+00 2.5000000000000000e-01 1.0000000000000000e+00 2.9400000000000000e+02 8.2372736279913636e-02 2.0889185871815405e-01 -1.9533570783790888e-16 -9.2974398652759804e-03 9.1670176145187965e-02 -2.3516000722213017e-02 2.3240785944036685e-01 2.1979112725503943e-17 -2.1731482056341136e-16 1.1043212016839534e+03 14 20 24 -6.8750000000000000e-01 2.5000000000000000e-01 1.0000000000000000e+00 -9.5000000000000000e+00
9.9999999998221722e-01 1.4553691716140937e+00 2.5000000000000000e-01 1.0000000000000000e+00 2.9500000000000000e+02 8.2372164807769377e-02 2.0888270369168860e-01 -3.7105021933514699e-16 -9.2976853391162212e-03 9.1669850146884821e-02 -2.3515784658245921e-02 2.3239848834993435e-01 4.1772424911538623e-17 -4.1282264424668530e-16 9.8572427248489112e+02 14 20 28 -6.8750000000000000e-01 2.5000000000000000e-01 1.0000000000000000e+00 -1.0750000000000000e+01
9.9999999999900002e-01 1.4553564552720597e+00 2.5000000000000000e-01 1.0000000000000000e+00 2.9600000000000000e+02 8.2372029855188295e-02 2.0888053398045378e-01 -4.1742716079798081e-16 -9.2977434655951586e-03 9.1669773320782022e-02 -2.3515733199796308e-02 2.3239626718025072e-01 4.6993875190841500e-17 -4.6442103598881848e-16 1.0848263228209689e+03 14 20 32 -6.8750000000000000e-01 2.5000000000000000e-01 1.0000000000000000e+00 -1.2000000000000000e+01
9.8999999999999999e-01 1.8905877380276714e+00 3.0000000000000004e-01 1.0000000000000000e+00 2.9700000000000000e+02 6.2215110864029893e-02 1.9700095434444764e-01 -3.9368699169540245e-16 -4.8527227944981524e-03 6.7067833658528128e-02 -1.5175844608173538e-02 2.1217679895262054e-01 3.0327429783829875e-17 -4.2401442147923362e-16 3.2301085260789841e+02 14 24 0 -6.8750000000000000e-01 3.0000000000000004e-01 1.0000000000000000e+00 -2.0000000000000000e+00
9.9943765867480960e-01 1.5958893635169835e+00 3.0000000000000004e-01 1.0000000000000000e+00 2.9800000000000000e+02 7.9658657586644976e-02 2.1434693761870385e-01 -1.2219030775065038e-17 -8.0982490541812394e-03 8.7756906640825902e-02 -2.1643592862355447e-02 2.3599053048105895e-01 1.2094980026396078e-18 -1.3428528777704604e-17 7.5482298432849348e+02 14 24 4 -6.8750000000000000e-01 3.0000000000000004e-01 1.0000000000000000e+00 -3.2500000000000000e+00
9.9996837722339826e-01 1.5268538280176294e+00 3.0000000000000004e-01 1.0000000000000000e+00 2.9900000000000000e+02 8.1517942676259739e-02 2.1011822807386962e-01 -1.3232061763328400e-16 -8.7193218699751305e-03 9.0237264546234208e-02 -2.2362532340305233e-02 2.3248076041417340e-01 1.4053683495006981e-17 -1.4637430112829157e-16 1.0290746405944228e+03 14 24 8 -6.8750000000000000e-01 3.0000000000000004e-01 1.0000000000000000e+00 -4.5000000000000000e+00
9.9999822172058994e-01 1.5104547721172934e+00 3.0000000000000004e-01 1.0000000000000000e+00 3.0000000000000000e+02 8.1584312446461318e-02 2.0802943053672371e-01 3.7768875828990492e-16 -8.8174826948892067e-03 9.0401795141350841e-02 -2.2381892520259006e-02 2.3041132305698184e-01 -4.0662072759208132e-17 4.1835083104911118e-16 1.1303441745555028e+03 14 24 12 -6.8750000000000000e-01 3.0000000000000004e-01 1.0000000000000000e+00 -5.7500000000000000e+00
9.9999990000000005e-01 1.5065626650801747e+00 3.0000000000000004e-01 1.0000000000000000e+00 3.0100000000000000e+02 8.1570757571695560e-02 2.0745202961403766e-01 -1.2835190118997662e-16 -8.8365901625431526e-03 9.0407347734237975e-02 -2.2374450182540997e-02 2.2982647979657786e-01 1.3860486245447051e-17 -1.4221238743542275e-16 1.0717905704546720e+03 14 24 16 -6.8750000000000000e-01 3.0000000000000004e-01 1.0000000000000000e+00 -7.0000000000000000e+00
9.9999999437658671e-01 1.5056394903288275e+00 3.0000000000000004e-01 1.0000000000000000e+00 3.0200000000000000e+02 8.1565741569886344e-02 2.0731009483870799e-01 2.8600215101341492e-16 -8.8408601357110872e-03 9.0406601705597084e-02 -2.2371941525020481e-02 2.2968203636372950e-01 -3.0846851829240784e-17 3.1684900284265218e-16 1.1008714617388323e+03 14 24 20 -6.8750000000000000e-01 3.0000000000000004e-01 1.0000000000000000e+00 -8.2500000000000000e+00
9.9999999968377229e-01 1.5054205588654024e+00 3.0000000000000004e-01 1.0000000000000000e+00 3.0300000000000000e+02 8.1564450022844043e-02 2.0727615110063816e-01 3.2217185757065573e-16 -8.8418576313066665e-03 9.0406307654150475e-02 -2.2371303812883190e-02 2.2964745491351932e-01 -3.4771991217527349e-17 3.5694384878818312e-16 1.3548762739645317e+03 14 24 24 -6.8750000000000000e-01 3.0000000000000004e-01 1.0000000000000000e+00 -9.5000000000000000e+00
9.9999999998221722e-01 1.5053686412971170e+00 3.0000000000000004e-01 1.0000000000000000e+00 3.0400000000000000e+02 8.1564136550264704e-02 2.0726808182026363e-01 2.8593756243673692e-16 -8.8420933240436986e-03 9.0406229874308824e-02 -2.2371150171968040e-02 2.2963923199223141e-01 -3.0845074173877734e-17 3.1678263661061348e-16 1.2475575658250600e+03 14 24 28 -6.8750000000000000e-01 3.0000000000000004e-01 1.0000000000000000e+00 -1.0750000000000000e+01
9.9999999999900002e-01 1.5053563293250736e+00 3.0000000000000004e-01 1.0000000000000000e+00 3.0500000000000000e+02 8.1564062064961737e-02 2.0726616778075549e-01 -3.3046658584710694e-16 -8.8421491464583633e-03 9.0406211211419937e-02 -2.2371113537369824e-02 2.2963728131812730e-01 3.5694364944570513e-17 -3.6616095079167541e-16 1.3549601841727272e+03 14 24 32 -6.8750000000000000e-01 3.0000000000000004e-01 1.0000000000000000e+00 -1.2000000000000000e+01
9.8999999999999999e-01 1.9384037050453427e+00 3.5000000000000003e-01 1.0000000000000000e+00 3.0600000000000000e+02 6.1692783213441273e-02 1.9354592342091362e-01 2.1299896142945131e-16 -4.6990878572768244e-03 6.6391871070717673e-02 -1.4527279989692780e-02 2.0807320341060445e-01 -1.6033037904117557e-17 2.2903199933356802e-16 3.5059427340701222e+02 14 28 0 -6.8750000000000000e-01 3.5000000000000003e-01 1.0000000000000000e+00 -2.0000000000000000e+00
9.9943765867480960e-01 1.6445214650658710e+00 3.5000000000000003e-01 1.0000000000000000e+00 3.0700000000000000e+02 7.8860843117616403e-02 2.1148334200939722e-01 6.2240104223761651e-16 -7.7455928415259114e-03 8.6606435959141637e-02 -2.0588280336475567e-02 2.3207162234587056e-01 -6.0561497822766094e-17 6.8296254006037803e-16 8.7163074202649295e+02 14 28 4 -6.8750000000000000e-01 3.5000000000000003e-01 1.0000000000000000e+00 -3.2500000000000000e+00
9.9996837722339826e-01 1.5764480367878408e+00 3.5000000000000003e-01 1.0000000000000000e+00 3.0800000000000000e+02 8.0809452743681634e-02 2.0795851964331188e-01 -3.3088631303599081e-16 -8.3228610325376279e-03 8.9132313776218344e-02 -2.1271626299382750e-02 2.2923014594269536e-01 3.3883638316003760e-17 -3.6476995135199322e-16 1.1782847659299150e+03 14 28 8 -6.8750000000000000e-01 3.5000000000000003e-01 1.0000000000000000e+00 -4.5000000000000000e+00
9.9999822172058994e-01 1.5603531459735742e+00 3.5000000000000003e-01 1.0000000000000000e+00 3.0900000000000000e+02 8.0926108486390910e-02 2.0611403212672094e-01 4.4783699107170910e-16 -8.4152471742413547e-03 8.9341355660631908e-02 -2.1297634161186661e-02 2.2741166628790666e-01 -4.6298343336728934e-17 4.9413533440843758e-16 1.1424193812236190e+03 14 28 12 -6.8750000000000000e-01 3.5000000000000003e-01 1.0000000000000000e+00 -5.7500000000000000e+00
9.9999990000000005e-01 1.5565382490471207e+00 3.5000000000000003e-01 1.0000000000000000e+00 3.1000000000000000e+02 8.0926878603600316e-02 2.0560055949641501e-01 2.2826247502873222e-16 -8.4334043478506062e-03 8.9360282951450903e-02 -2.1293011655261235e-02 2.2689357115167563e-01 -2.3639991803283012e-17 2.5190246683201394e-16 1.1675488243000582e+03 14 28 16 -6.8750000000000000e-01 3.5000000000000003e-01 1.0000000000000000e+00 -7.0000000000000000e+00
9.9999999437658671e-01 1.5556336823835737e+00 3.5000000000000003e-01 1.0000000000000000e+00 3.1100000000000000e+02 8.0925410253449903e-02 2.0547414767383210e-01 -1.0921790263321081e-16 -8.4374761770682882e-03 8.9362886430517222e-02 -2.1291250311283233e-02 2.2676539798511344e-01 1.1328710591759198e-17 -1.2054661322496798e-16 1.2034920680010691e+03 14 28 20 -6.8750000000000000e-01 3.5000000000000003e-01 1.0000000000000000e+00 -8.2500000000000000e+00
9.9999999968377229e-01 1.5554191805776978e+00 3.5000000000000003e-01 1.0000000000000000e+00 3.1200000000000000e+02 8.0924965023277617e-02 2.0544389897868767e-01 1.8247083753192299e-16 -8.4384282663956828e-03 8.9363393289672841e-02 -2.1290794360280488e-02 2.2673469333896706e-01 -1.8910024089074262e-17 2.0138086162099628e-16 1.2212614496890455e+03 14 28 24 -6.8750000000000000e-01 3.5000000000000003e-01 1.0000000000000000e+00 -9.5000000000000000e+00
9.9999999998221722e-01 1.5553683145301658e+00 3.5000000000000003e-01 1.0000000000000000e+00 3.1300000000000000e+02 8.0924854105833999e-02 2.0543671055979931e-01 -1.4652659841630277e-16 -8.4386532771278840e-03 8.9363507382961185e-02 -2.1290684070281552e-02 2.2672739463008065e-01 1.5162411265839119e-17 -1.6168900968214053e-16 1.3396836095238104e+03 14 28 28 -6.8750000000000000e-01 3.5000000000000003e-01 1.0000000000000000e+00 -1.0750000000000000e+01
9.9999999999900002e-01 1.5553562520144626e+00 3.5000000000000003e-01 1.0000000000000000e+00 3.1400000000000000e+02 8.0924826586006637e-02 2.0543500269114384e-01 -2.5433862063297781e-16 -8.4387065605906371e-03 8.9363533146596189e-02 -2.1290657718653724e-02 2.2672566040979747e-01 2.6404979784229001e-17 -2.8074360041720501e-16 1.3437345366738737e+03 14 28 32 -6.8750000000000000e-01 3.5000000000000003e-01 1.0000000000000000e+00 -1.2000000000000000e+01
9.8999999999999999e-01 1.9875377382496489e+00 4.0000000000000002e-01 1.0000000000000000e+00 3.1500000000000000e+02 6.1194889516392507e-02 1.8993467198942876e-01 -3.0739579548514186e-16 -4.5483784579850896e-03 6.5743267974376768e-02 -1.3892487155699854e-02 2.0382715914512817e-01 2.2548282522491973e-17 -3.2994407800763337e-16 4.4156924033258110e+02 14 32 0 -6.8750000000000000e-01 4.0000000000000002e-01 1.0000000000000000e+00 -2.0000000000000000e+00
9.9943765867480960e-01 1.6937345945710938e+00 4.0000000000000002e-01 1.0000000000000000e+00 3.1600000000000000e+02 7.8171472108253870e-02 2.0850650922766908e-01 4.3403726283248111e-16 -7.4263222706522670e-03 8.5597794378905856e-02 -1.9598869206021420e-02 2.2810537843368950e-01 -4.0815383323088818e-17 4.7485264615556806e-16 9.2550419844407588e+02 14 32 4 -6.8750000000000000e-01 4.0000000000000002e-01 1.0000000000000000e+00 -3.2500000000000000e+00
9.9996837722339826e-01 1.6262103537458739e+00 4.0000000000000002e-01 1.0000000000000000e+00 3.1700000000000000e+02 8.0217950334761520e-02 2.0564518549762248e-01 -1.6483765278423675e-16 -7.9707948803125327e-03 8.8188745215073513e-02 -2.0258341337089408e-02 2.2590352683471163e-01 1.6223149594384512e-17 -1.8106080237862259e-16 1.1235415754448622e+03 14 32 8 -6.8750000000000000e-01 4.0000000000000002e-01 1.0000000000000000e+00 -4.5000000000000000e+00
9.9999822172058994e-01 1.6102935015822328e+00 4.0000000000000002e-01 1.0000000000000000e+00 3.1800000000000000e+02 8.0380064292057143e-02 2.0401888954087241e-01 6.3421811215485119e-16 -8.0619653706228891e-03 8.8442029662679666e-02 -2.0296791399028843e-02 2.2431568093990228e-01 -6.3095102384203366e-17 6.9731321453904964e-16 1.1941079894136637e+03 14 32 12 -6.8750000000000000e-01 4.0000000000000002e-01 1.0000000000000000e+00 -5.7500000000000000e+00
9.9999990000000005e-01 1.6065239143226104e+00 4.0000000000000002e-01 1.0000000000000000e+00 3.1900000000000000e+02 8.0393208282839607e-02 2.0356136473231121e-01 -5.0669467737619420e-16 -8.0794615565140705e-03 8.8472669839353327e-02 -2.0294708958317247e-02 2.2385607369062874e-01 5.0487965893970974e-17 -5.5718264327016907e-16 1.3063275146950036e+03 14 32 16 -6.8750000000000000e-01 4.0000000000000002e-01 1.0000000000000000e+00 -7.0000000000000000e+00
9.9999999437658671e-01 1.6056302722699409e+00 4.0000000000000002e-01 1.0000000000000000e+00 3.2000000000000000e+02 8.0394840342590534e-02 2.0344862027689259e-01 -4.6012573829296646e-16 -8.0833954089961114e-03 8.8478235751586351e-02 -2.0293607988114984e-02 2.2374222826500612e-01 4.5939398534150817e-17 -5.0606513682711638e-16 1.3429250658946112e+03 14 32 20 -6.8750000000000000e-01 4.0000000000000002e-01 1.0000000000000000e+00 -8.2500000000000000e+00
9.9999999968377229e-01 1.6054183712786134e+00 4.0000000000000002e-01 1.0000000000000000e+00 3.2100000000000000e+02 8.0395135729766865e-02 2.0342161971576511e-01 1.1765471339798102e-16 -8.0843158631973139e-03 8.8479451592963651e-02 -2.0293311974717860e-02 2.2371493169048376e-01 -1.1722982598207101e-17 1.2937769599618757e-16 1.5077280199872330e+03 14 32 24 -6.8750000000000000e-01 4.0000000000000002e-01 1.0000000000000000e+00 -9.5000000000000000e+00
9.9999999998221722e-01 1.6053681224263818e+00 4.0000000000000002e-01 1.0000000000000000e+00 3.2200000000000000e+02 8.0395201653833112e-02 2.0341520522768286e-01 -3.0670613486133789e-16 -8.0845334349762595e-03 8.8479735088808950e-02 -2.0293239801774516e-02 2.2370844502945716e-01 3.0626280551748911e-17 -3.3733241541308431e-16 1.6011292840363458e+03 14 32 28 -6.8750000000000000e-01 4.0000000000000002e-01 1.0000000000000000e+00 -1.0750000000000000e+01
9.9999999999900002e-01 1.6053562067236917e+00 4.0000000000000002e-01 1.0000000000000000e+00 3.2300000000000000e+02 8.0395219297250645e-02 2.0341368998602130e-01 1.9851897442387401e-16 -8.0845850289005747e-03 8.8479804326151046e-02 -2.0293222702050188e-02 2.2370691268806986e-01 -1.9819140958854512e-17 2.1833811538272709e-16 1.5421267055384815e+03 14 32 32 -6.8750000000000000e-01 4.0000000000000002e-01 1.0000000000000000e+00 -1.2000000000000000e+01
9.8999999999999999e-01 1.7707257040765096e+00 0.0000000000000000e+00 1.0000000000000000e+00 2.9160000000000000e+03 6.0016631777337209e-02 2.0083246774442057e-01 0.0000000000000000e+00 -4.9679327006557925e-03 6.4984564477992959e-02 -1.6624094926927482e-02 2.1745656267134827e-01 0.0000000000000000e+00 0.0000000000000000e+00 0.0000000000000000e+00 16 0 0 -5.0000000000000000e-01 0.0000000000000000e+00 1.0000000000000000e+00 -2.0000000000000000e+00
9.9943765867480960e-01 1.4628192111933964e+00 0.0000000000000000e+00 1.0000000000000000e+00 2.9170000000000000e+03 8.1546601861337789e-02 2.2577600002674747e-01 0.0000000000000000e+00 -9.2684348549200331e-03 9.0815036716257763e-02 -2.5661279566383172e-02 2.5143727959313050e-01 0.0000000000000000e+00 0.0000000000000000e+00 0.0000000000000000e+00 16 0 4 -5.0000000000000000e-01 0.0000000000000000e+00 1.0000000000000000e+00 -3.2500000000000000e+00
9.9996837722339826e-01 1.3686606985297931e+00 0.0000000000000000e+00 1.0000000000000000e+00 2.9450000000000000e+03 8.6280239644485709e-02 2.2442883080083417e-01 0.0000000000000000e+00 -1.0623618232251830e-02 9.6903857876737665e-02 -2.7633745902455688e-02 2.5206257670328958e-01 0.0000000000000000e+00 0.0000000000000000e+00 0.0000000000000000e+00 16 0 8 -5.0000000000000000e-01 0.0000000000000000e+00 1.0000000000000000e+00 -4.5000000000000000e+00
9.9999822172058994e-01 1.3357848740043377e+00 0.0000000000000000e+00 1.0000000000000000e+00 2.9190000000000000e+03 8.7187591328542868e-02 2.2179189994312684e-01 0.0000000000000000e+00 -1.1008109657758567e-02 9.8195700986301426e-02 -2.8002947650846165e-02 2.4979484759397308e-01 0.0000000000000000e+00 0.0000000000000000e+00 0.0000000000000000e+00 16 0 12 -5.0000000000000000e-01 0.0000000000000000e+00 1.0000000000000000e+00 -5.7500000000000000e+00
9.9999990000000005e-01 1.3236434252547979e+00 0.0000000000000000e+00 1.0000000000000000e+00 2.9290000000000000e+03 8.7372530148704788e-02 2.2042758977256291e-01 0.0000000000000000e+00 -1.1130989596239085e-02 9.8503519744943896e-02 -2.8081791889356538e-02 2.4850938166191960e-01 0.0000000000000000e+00 0.0000000000000000e+00 0.0000000000000000e+00 16 0 16 -5.0000000000000000e-01 0.0000000000000000e+00 1.0000000000000000e+00 -7.0000000000000000e+00
9.9999999437658671e-01 1.3190575863033192e+00 0.0000000000000000e+00 1.0000000000000000e+00 2.9390000000000000e+03 8.7417472615070185e-02 2.1984975947595362e-01 0.0000000000000000e+00 -1.1174292260961670e-02 9.8591764876031746e-02 -2.8102682363101403e-02 2.4795244183905490e-01 0.0000000000000000e+00 0.0000000000000000e+00 0.0000000000000000e+00 16 0 20 -5.0000000000000000e-01 0.0000000000000000e+00 1.0000000000000000e+00 -8.2500000000000000e+00
9.9999999968377229e-01 1.3173102734582767e+00 0.0000000000000000e+00 1.0000000000000000e+00 2.9490000000000000e+03 8.7430762164602535e-02 2.1962008640159850e-01 0.0000000000000000e+00 -1.1190320016460175e-02 9.8621082181062705e-02 -2.8109317453388571e-02 2.4772940385498704e-01 0.0000000000000000e+00 0.0000000000000000e+00 0.0000000000000000e+00 16 0 24 -5.0000000000000000e-01 0.0000000000000000e+00 1.0000000000000000e+00 -9.5000000000000000e+00
9.9999999998221722e-01 1.3166422521486705e+00 0.0000000000000000e+00 1.0000000000000000e+00 2.9230000000000000e+03 8.7435269650946376e-02 2.1953086468325536e-01 0.0000000000000000e+00 -1.1196377612216283e-02 9.8631647263162592e-02 -2.8111658697257569e-02 2.4764252338051299e-01 0.0000000000000000e+00 0.0000000000000000e+00 0.0000000000000000e+00 16 0 28 -5.0000000000000000e-01 0.0000000000000000e+00 1.0000000000000000e+00 -1.0750000000000000e+01
9.9999999999900002e-01 1.3163865168180890e+00 0.0000000000000000e+00 1.0000000000000000e+00 2.9780000000000000e+03 8.7436910710579283e-02 2.1949650019464736e-01 0.0000000000000000e+00 -1.1198686116480559e-02 9.8635596827059718e-02 -2.8112525812836842e-02 2.4760902600748425e-01 0.0000000000000000e+00 0.0000000000000000e+00 0.0000000000000000e+00 16 0 32 -5.0000000000000000e-01 0.0000000000000000e+00 1.0000000000000000e+00 -1.2000000000000000e+01
9.8999999999999999e-01 1.7983887077479856e+00 5.0000000000000003e-02 1.0000000000000000e+00 3.0150000000000000e+03 5.8065906917887558e-02 1.9672421627853065e-01 -4.1892040066716884e-16 -4.7274698895270169e-03 6.2793376807414619e-02 -1.6007609954826880e-02 2.1273182623335748e-01 3.4089049221751740e-17 -4.5300944988892182e-16 7.7679338825866580e+01 16 4 0 -5.0000000000000000e-01 5.0000000000000003e-02 1.0000000000000000e+00 -2.0000000000000000e+00
9.9943765867480960e-01 1.4893237879407961e+00 5.0000000000000003e-02 1.0000000000000000e+00 3.0520000000000000e+03 7.9866461683123002e-02 2.2415469315947692e-01 3.3410187557050421e-16 -8.8977074912249335e-03 8.8764169174347721e-02 -2.4967244907757508e-02 2.4912193806723396e-01 -3.7214428078912111e-17 3.7131630364941384e-16 2.0153916027303785e+02 16 4 4 -5.0000000000000000e-01 5.0000000000000003e-02 1.0000000000000000e+00 -3.2500000000000000e+00
9.9996837722339826e-01 1.4005439539365305e+00 5.0000000000000003e-02 1.0000000000000000e+00 3.0260000000000000e+03 8.4901656221751776e-02 2.2478337933870310e-01 -2.5620361077562115e-16 -1.0197244288224359e-02 9.5098900509975548e-02 -2.6995385147380903e-02 2.5177876448608344e-01 3.0769447757305325e-17 -2.8697305853292446e-16 2.8649307372421026e+02 16 4 8 -5.0000000000000000e-01 5.0000000000000003e-02 1.0000000000000000e+00 -4.5000000000000000e+00
9.9999822172058994e-01 1.3750154798387568e+00 5.0000000000000003e-02 1.0000000000000000e+00 3.0000000000000000e+03 8.5941660532454639e-02 2.2366800499352277e-01 3.9731419042525354e-16 -1.0526089284426452e-02 9.6467749816881096e-02 -2.7393079172772398e-02 2.5106108416629541e-01 -4.8659883540786804e-17 4.4597407396604078e-16 2.8898174473084509e+02 16 4 12 -5.0000000000000000e-01 5.0000000000000003e-02 1.0000000000000000e+00 -5.7500000000000000e+00
9.9999990000000005e-01 1.3683622272473948e+00 5.0000000000000003e-02 1.0000000000000000e+00 3.0100000000000000e+03 8.6168700357949282e-02 2.2325263057610337e-01 4.9572042154744988e-16 -1.0606218284489556e-02 9.6774918642438867e-02 -2.7478008213988464e-02 2.5073063879008856e-01 -6.1013434780018176e-17 5.5673385632746552e-16 2.9884171172790229e+02 16 4 16 -5.0000000000000000e-01 5.0000000000000003e-02 1.0000000000000000e+00 -7.0000000000000000e+00
9.9999999437658671e-01 1.3667370547488900e+00 5.0000000000000003e-02 1.0000000000000000e+00 3.0200000000000000e+03 8.6221060865506766e-02 2.2314264578139006e-01 -2.7814080235063079e-16 -1.0625392664060155e-02 9.6846453529567056e-02 -2.7497475407738420e-02 2.5064012118912637e-01 3.4274685263817552e-17 -3.1241548761444881e-16 3.0415365947037935e+02 16 4 20 -5.0000000000000000e-01 5.0000000000000003e-02 1.0000000000000000e+00 -8.2500000000000000e+00
9.9999999968377229e-01 1.3663487175650735e+00 5.0000000000000003e-02 1.0000000000000000e+00 3.0300000000000000e+03 8.6233387685370699e-02 2.2311586007388756e-01 1.3737866300511966e-16 -1.0629950495812305e-02 9.6863338181182479e-02 -2.7502051271956308e-02 2.5061791134584299e-01 -1.6934010535049513e-17 1.5431267354016887e-16 3.0517322855908424e+02 16 4 24 -5.0000000000000000e-01 5.0000000000000003e-02 1.0000000000000000e+00 -9.5000000000000000e+00
9.9999999998221722e-01 1.3662564582980350e+00 5.0000000000000003e-02 1.0000000000000000e+00 3.0040000000000000e+03 8.6236305403200292e-02 2.2310946695904807e-01 -2.8933685503134663e-16 -1.0631031956942674e-02 9.6867337360142317e-02 -2.7503134061058438e-02 2.5061260102010607e-01 3.5666767885041201e-17 -3.2500362291638819e-16 3.0820181198325008e+02 16 4 28 -5.0000000000000000e-01 5.0000000000000003e-02 1.0000000000000000e+00 -1.0750000000000000e+01
9.9999999999900002e-01 1.3662345697601657e+00 5.0000000000000003e-02 1.0000000000000000e+00 3.0500000000000000e+03 8.6236996998617158e-02 2.2310794847501775e-01 -2.0940266151688890e-16 -1.0631288448845463e-02 9.6868285447462149e-02 -2.7503390678139429e-02 2.5061133915315698e-01 2.5813657099195430e-17 -2.3521631861608389e-16 3.4135157457366586e+02 16 4 32 -5.0000000000000000e-01 5.0000000000000003e-02 1.0000000000000000e+00 -1.2000000000000000e+01
9.8999999999999999e-01 1.8318593289966159e+00 1.0000000000000001e-01 1.0000000000000000e+00 3.0870000000000000e+03 5.6397995949518512e-02 1.9258446090720402e-01 -2.7429064229953402e-16 -4.5051539474665961e-03 6.0903149896985108e-02 -1.5349649347500681e-02 2.0793411025470501e-01 2.1857457518941510e-17 -2.9614809981847629e-16 1.2313826633431017e+02 16 8 0 -5.0000000000000000e-01 1.0000000000000001e-01 1.0000000000000000e+00 -2.0000000000000000e+00
9.9943765867480960e-01 1.5257705017430310e+00 1.0000000000000001e-01 1.0000000000000000e+00 3.0790000000000000e+03 7.7882262712098804e-02 2.2140466799761896e-01 3.6414361722283399e-16 -8.4356313359091259e-03 8.6317894048007646e-02 -2.3957508397266264e-02 2.4536217639488539e-01 -3.9410158631455466e-17 4.0355377585428866e-16 2.7328681231196970e+02 16 8 4 -5.0000000000000000e-01 1.0000000000000001e-01 1.0000000000000000e+00 -3.2500000000000000e+00
9.9996837722339826e-01 1.4442020313998638e+00 1.0000000000000001e-01 1.0000000000000000e+00 3.0890000000000000e+03 8.2872812449882455e-02 2.2344888618880163e-01 1.3603416110838108e-16 -9.6095565422138970e-03 9.2482368992095915e-02 -2.5895029710611066e-02 2.4934391589941221e-01 -1.5767203655070364e-17 1.5180136476345202e-16 4.2982913170754910e+02 16 8 8 -5.0000000000000000e-01 1.0000000000000001e-01 1.0000000000000000e+00 -4.5000000000000000e+00
9.9999822172058994e-01 1.4230422672572911e+00 1.0000000000000001e-01 1.0000000000000000e+00 3.0990000000000000e+03 8.3931586175535464e-02 2.2314322829447208e-01 -1.6091788808721072e-16 -9.8895601394246180e-03 9.3821146314959969e-02 -2.6280221590557176e-02 2.4942344988502801e-01 1.8949678733588406e-17 -1.7986756682079921e-16 4.4584762477129698e+02 16 8 12 -5.0000000000000000e-01 1.0000000000000001e-01 1.0000000000000000e+00 -5.7500000000000000e+00
9.9999990000000005e-01 1.4178555172475624e+00 1.0000000000000001e-01 1.0000000000000000e+00 3.1090000000000000e+03 8.4169788702625759e-02 2.2300126600143202e-01 -2.4102902560512723e-16 -9.9554433797133680e-03 9.4125232082338958e-02 -2.6364352095351304e-02 2.4936561809678418e-01 2.8492715394394337e-17 -2.6952174099952096e-16 4.2996779627632350e+02 16 8 16 -5.0000000000000000e-01 1.0000000000000001e-01 1.0000000000000000e+00 -7.0000000000000000e+00
9.9999999437658671e-01 1.4166144547405077e+00 1.0000000000000001e-01 1.0000000000000000e+00 3.0830000000000000e+03 8.4225412872311334e-02 2.2296310530428573e-01 1.2104157578388140e-17 -9.9710243958210515e-03 9.4196437268132566e-02 -2.6383829655221961e-02 2.4934693495950622e-01 -1.4303626868671971e-18 1.3534520265255294e-17 4.2468059569597244e+02 16 8 20 -5.0000000000000000e-01 1.0000000000000001e-01 1.0000000000000000e+00 -8.2500000000000000e+00
9.9999999968377229e-01 1.4163195034087561e+00 1.0000000000000001e-01 1.0000000000000000e+00 3.0930000000000000e+03 8.4238553008874048e-02 2.2295379457578224e-01 3.4653981063181062e-16 -9.9747166480730169e-03 9.4213269656947027e-02 -2.6388420866041880e-02 2.4934221544182267e-01 -4.1015845400570417e-17 3.8755565603238130e-16 4.2813030534423888e+02 16 8 24 -5.0000000000000000e-01 1.0000000000000001e-01 1.0000000000000000e+00 -9.5000000000000000e+00
9.9999999998221722e-01 1.4162495225939322e+00 1.0000000000000001e-01 1.0000000000000000e+00 3.1030000000000000e+03 8.4241666168850413e-02 2.2295157184379685e-01 2.8493678340273050e-16 -9.9755920716299365e-03 9.4217258240480412e-02 -2.6389508046397541e-02 2.4934107989019400e-01 -3.3728292242518063e-17 3.1866507564524479e-16 4.3259743552841246e+02 16 8 28 -5.0000000000000000e-01 1.0000000000000001e-01 1.0000000000000000e+00 -1.0750000000000000e+01
9.9999999999900002e-01 1.4162329257454276e+00 1.0000000000000001e-01 1.0000000000000000e+00 3.1130000000000000e+03 8.4242404384169967e-02 2.2295104431318069e-01 3.5862946961831268e-16 -9.9757995620062320e-03 9.4218203946175902e-02 -2.6389765506947674e-02 2.4934080982012780e-01 -4.2447495503321619e-17 4.0107696512162988e-16 4.6482094041351229e+02 16 8 32 -5.0000000000000000e-01 1.0000000000000001e-01 1.0000000000000000e+00 -1.2000000000000000e+01
9.8999999999999999e-01 1.8698124110665373e+00 1.5000000000000002e-01 1.0000000000000000e+00 3.1860000000000000e+03 5.5028132350426071e-02 1.8851654637621146e-01 1.7263931058714795e-16 -4.3078878690265172e-03 5.9336020219452723e-02 -1.4685434378754195e-02 2.0320198075496623e-01 -1.3434477594096743e-17 1.8607378818124501e-16 1.4369276295322925e+02 16 12 0 -5.0000000000000000e-01 1.5000000000000002e-01 1.0000000000000000e+00 -2.0000000000000000e+00
9.9943765867480960e-01 1.5675384816218179e+00 1.5000000000000002e-01 1.0000000000000000e+00 3.1690000000000000e+03 7.5973229244746546e-02 2.1804183542091088e-01 4.6947401017354258e-16 -7.9708369466909325e-03 8.3944066191437475e-02 -2.2820214756784172e-02 2.4086205017769460e-01 -4.9143712811270227e-17 5.1861772298481118e-16 3.0612582722958177e+02 16 12 4 -5.0000000000000000e-01 1.5000000000000002e-01 1.0000000000000000e+00 -3.2500000000000000e+00
9.9996837722339826e-01 1.4911487799679837e+00 1.5000000000000002e-01 1.0000000000000000e+00 3.1610000000000000e+03 8.0844260599276227e-02 2.2098183971602933e-01 2.1422233308663215e-16 -9.0268199934301473e-03 8.9871080592706237e-02 -2.4632418348642968e-02 2.4561425806467238e-01 -2.3882339081460599e-17 2.3810467216809053e-16 4.1829489083494991e+02 16 12 8 -5.0000000000000000e-01 1.5000000000000002e-01 1.0000000000000000e+00 -4.5000000000000000e+00
9.9999822172058994e-01 1.4722084268144520e+00 1.5000000000000002e-01 1.0000000000000000e+00 3.1710000000000000e+03 8.1896901279650755e-02 2.2109478931660928e-01 5.7639148677113297e-16 -9.2730429228359869e-03 9.1169944202486503e-02 -2.4996805919737235e-02 2.4609159523634672e-01 -6.5172523147701231e-17 6.4156400991883044e-16 4.4220675458759069e+02 16 12 12 -5.0000000000000000e-01 1.5000000000000002e-01 1.0000000000000000e+00 -5.7500000000000000e+00
9.9999990000000005e-01 1.4676503889230998e+00 1.5000000000000002e-01 1.0000000000000000e+00 3.1810000000000000e+03 8.2137030827705834e-02 2.2107583007238568e-01 1.7811669682772995e-16 -9.3305597281199918e-03 9.1467590555826109e-02 -2.5077386676580413e-02 2.4615321674896562e-01 -2.0201393220054604e-17 1.9831809004778442e-16 4.9355260213743895e+02 16 12 16 -5.0000000000000000e-01 1.5000000000000002e-01 1.0000000000000000e+00 -7.0000000000000000e+00
9.9999999437658671e-01 1.4665653754757126e+00 1.5000000000000002e-01 1.0000000000000000e+00 3.1910000000000000e+03 8.2193367197816364e-02 2.2106851035804403e-01 -4.5436951294437236e-16 -9.3441374343034237e-03 9.1537504632119737e-02 -2.5096126026069452e-02 2.4616463638411420e-01 5.1574963276143875e-17 -5.0594447622051916e-16 4.6422081346064806e+02 16 12 20 -5.0000000000000000e-01 1.5000000000000002e-01 1.0000000000000000e+00 -8.2500000000000000e+00
9.9999999968377229e-01 1.4663078401068357e+00 1.5000000000000002e-01 1.0000000000000000e+00 3.1650000000000000e+03 8.2206691795500594e-02 2.2106661307305420e-01 -1.6551349868768989e-16 -9.3473535584590681e-03 9.1554045353959501e-02 -2.5100548438867692e-02 2.4616716151192217e-01 1.8795853512512727e-17 -1.8430935220020229e-16 4.7828951129596680e+02 16 12 24 -5.0000000000000000e-01 1.5000000000000002e-01 1.0000000000000000e+00 -9.5000000000000000e+00
9.9999999998221722e-01 1.4662467553018135e+00 1.5000000000000002e-01 1.0000000000000000e+00 3.1750000000000000e+03 8.2209849388105050e-02 2.2106615347856742e-01 -3.8701615981802180e-16 -9.3481160133865732e-03 9.1557965401491428e-02 -2.5101595943824537e-02 2.4616774942239250e-01 4.3935969408051137e-17 -4.3095212922607094e-16 5.2271576826460660e+02 16 12 28 -5.0000000000000000e-01 1.5000000000000002e-01 1.0000000000000000e+00 -1.0750000000000000e+01
9.9999999999900002e-01 1.4662322693698122e+00 1.5000000000000002e-01 1.0000000000000000e+00 3.1670000000000000e+03 8.2210597811419650e-02 2.2106604325441045e-01 5.0911964207934115e-16 -9.3482967959489377e-03 9.1558894607368657e-02 -2.5101844272205832e-02 2.4616788752661556e-01 -5.7813029811894089e-17 5.6693267189123124e-16 4.8129506151471287e+02 16 12 32 -5.0000000000000000e-01 1.5000000000000002e-01 1.0000000000000000e+00 -1.2000000000000000e+01
9.8999999999999999e-01 1.9112179964776448e+00 2.0000000000000001e-01 1.0000000000000000e+00 3.2760000000000000e+03 5.3936585530530316e-02 1.8456621842373633e-01 -3.4058554804283616e-17 -4.1366835717537246e-03 5.8073269102284081e-02 -1.4037676121767342e-02 1.9860389454550309e-01 2.5598674194870697e-18 -3.6618422223770646e-17 1.8176702714618295e+02 16 16 0 -5.0000000000000000e-01 2.0000000000000001e-01 1.0000000000000000e+00 -2.0000000000000000e+00
9.9943765867480960e-01 1.6123239727815639e+00 2.0000000000000001e-01 1.0000000000000000e+00 3.2770000000000000e+03 7.4306309526065276e-02 2.1441809228463499e-01 -1.4283114177036129e-16 -7.5431114427130371e-03 8.1849420968778397e-02 -2.1666394859440732e-02 2.3608448714407476e-01 1.4432718260142725e-17 -1.5726386003050307e-16 3.5746483556367457e+02 16 16 4 -5.0000000000000000e-01 2.0000000000000001e-01 1.0000000000000000e+00 -3.2500000000000000e+00
9.9996837722339826e-01 1.5394285877441629e+00 2.0000000000000001e-01 1.0000000000000000e+00 3.2510000000000000e+03 7.9061020492948608e-02 2.1797057437626002e-01 3.5110146120653155e-17 -8.4997552151607966e-03 8.7560775708108843e-02 -2.3352570490800056e-02 2.4132314486705964e-01 -3.7746495774197071e-18 3.8884795698072613e-17 4.7542029878403991e+02 16 16 8 -5.0000000000000000e-01 2.0000000000000001e-01 1.0000000000000000e+00 -4.5000000000000000e+00
9.9999822172058994e-01 1.5217606443096341e+00 2.0000000000000001e-01 1.0000000000000000e+00 3.2610000000000000e+03 8.0103759750480549e-02 2.1834150816523423e-01 3.3937087743499196e-16 -8.7207415717223437e-03 8.8824501322202001e-02 -2.3695025390294434e-02 2.4203653355552796e-01 -3.6829467860335572e-17 3.7620034529532720e-16 5.0961634848732501e+02 16 16 12 -5.0000000000000000e-01 2.0000000000000001e-01 1.0000000000000000e+00 -5.7500000000000000e+00
9.9999990000000005e-01 1.5175417029033902e+00 2.0000000000000001e-01 1.0000000000000000e+00 3.2710000000000000e+03 8.0343623317286422e-02 2.1839446513357114e-01 3.0879974446811828e-16 -8.7722768341442492e-03 8.9115900151430658e-02 -2.3771354237512265e-02 2.4216581937108378e-01 -3.3617642505138773e-17 3.4241738697325398e-16 5.3198662909958512e+02 16 16 16 -5.0000000000000000e-01 2.0000000000000001e-01 1.0000000000000000e+00 -7.0000000000000000e+00
9.9999999437658671e-01 1.5165394574899134e+00 2.0000000000000001e-01 1.0000000000000000e+00 3.2450000000000000e+03 8.0400040029292352e-02 2.1840490664739534e-01 2.7818294629956648e-16 -8.7844387899158917e-03 8.9184478819207144e-02 -2.3789150121337463e-02 2.4219405676873237e-01 -3.0312336682163313e-17 3.0849528298172866e-16 6.1224457153491676e+02 16 16 20 -5.0000000000000000e-01 2.0000000000000001e-01 1.0000000000000000e+00 -8.2500000000000000e+00
9.9999999968377229e-01 1.5163016858175500e+00 2.0000000000000001e-01 1.0000000000000000e+00 3.2550000000000000e+03 8.0413390713629213e-02 2.1840725793004795e-01 -2.9097691979901999e-16 -8.7873193939124808e-03 8.9200710107541770e-02 -2.3793352656912643e-02 2.4220061058695891e-01 3.1699113543276770e-17 -3.2267603334229743e-16 6.0266825769655406e+02 16 16 24 -5.0000000000000000e-01 2.0000000000000001e-01 1.0000000000000000e+00 -9.5000000000000000e+00
9.9999999998221722e-01 1.5162452956368855e+00 2.0000000000000001e-01 1.0000000000000000e+00 3.2650000000000000e+03 8.0416554839632878e-02 2.1840780760100592e-01 3.2161786531035467e-16 -8.7880022946089497e-03 8.9204557134242052e-02 -2.3794348238984242e-02 2.4220215583998961e-01 -3.5032518081630827e-17 3.5665038339198373e-16 6.8260927511472255e+02 16 16 28 -5.0000000000000000e-01 2.0000000000000001e-01 1.0000000000000000e+00 -1.0750000000000000e+01
9.9999999999900002e-01 1.5162319230403198e+00 2.0000000000000001e-01 1.0000000000000000e+00 3.2480000000000000e+03 8.0417305290658367e-02 2.1840793822310289e-01 4.9774689034283433e-16 -8.7881641616654755e-03 8.9205469452323397e-02 -2.3794584080219918e-02 2.4220252230332276e-01 -5.4215320357340482e-17 5.5196221070017341e-16 6.3569553803931922e+02 16 16 32 -5.0000000000000000e-01 2.0000000000000001e-01 1.0000000000000000e+00 -1.2000000000000000e+01
9.8999999999999999e-01 1.9552964239300403e+00 2.5000000000000000e-01 1.0000000000000000e+00 3.3750000000000000e+03 5.3078927032373283e-02 1.8072784494036007e-01 3.0447927926663797e-16 -3.9883838603901644e-03 5.7067310892763380e-02 -1.3417596735394145e-02 1.9414544167575329e-01 -2.2626333000217327e-17 3.2710561226685359e-16 2.1324620769172907e+02 16 20 0 -5.0000000000000000e-01 2.5000000000000000e-01 1.0000000000000000e+00 -2.0000000000000000e+00
9.9943765867480960e-01 1.6589478113432641e+00 2.5000000000000000e-01 1.0000000000000000e+00 3.3310000000000000e+03 7.2921907608120742e-02 2.1072034324826858e-01 -1.8715726146491514e-16 -7.1641425888745343e-03 8.0086050196994371e-02 -2.0552910144446743e-02 2.3127325339271643e-01 1.8254651252333381e-17 -2.0541191271724950e-16 4.7576895056664944e+02 16 20 4 -5.0000000000000000e-01 2.5000000000000000e-01 1.0000000000000000e+00 -3.2500000000000000e+00
9.9996837722339826e-01 1.5883832116027143e+00 2.5000000000000000e-01 1.0000000000000000e+00 3.3590000000000000e+03 7.7585979312056866e-02 2.1473922140198354e-01 -2.4240938668464884e-16 -8.0393680220089744e-03 8.5625347334065238e-02 -2.2123324325560835e-02 2.3686254572754600e-01 2.5004754126871857e-17 -2.6741414081152166e-16 6.1483460992947221e+02 16 20 8 -5.0000000000000000e-01 2.5000000000000000e-01 1.0000000000000000e+00 -4.5000000000000000e+00
9.9999822172058994e-01 1.5714946099302753e+00 2.5000000000000000e-01 1.0000000000000000e+00 3.3240000000000000e+03 7.8621979234546127e-02 2.1529411480167659e-01 4.6059138032066427e-16 -8.2407891501307187e-03 8.6862768384676367e-02 -2.2445179672627411e-02 2.3773929447430447e-01 -4.8008487757687772e-17 5.0859986807835569e-16 5.8311692335922271e+02 16 20 12 -5.0000000000000000e-01 2.5000000000000000e-01 1.0000000000000000e+00 -5.7500000000000000e+00
9.9999990000000005e-01 1.5674775171394795e+00 2.5000000000000000e-01 1.0000000000000000e+00 3.3340000000000000e+03 7.8861689200304882e-02 2.1539686681493778e-01 -3.8262169755209956e-16 -8.2877631161565688e-03 8.7149452316460818e-02 -2.2517334027981888e-02 2.3791420084292003e-01 3.9998820305665617e-17 -4.2262051785776583e-16 6.6185770586505532e+02 16 20 16 -5.0000000000000000e-01 2.5000000000000000e-01 1.0000000000000000e+00 -7.0000000000000000e+00
9.9999999437658671e-01 1.5665241736890279e+00 2.5000000000000000e-01 1.0000000000000000e+00 3.3440000000000000e+03 7.8918164717186559e-02 2.1541950471114657e-01 4.0018526323989706e-16 -8.2988500001140424e-03 8.7217014717300367e-02 -2.2534186866172867e-02 2.3795369157731988e-01 -4.1871471829657159e-17 4.4205673506955448e-16 6.7602497234381735e+02 16 20 20 -5.0000000000000000e-01 2.5000000000000000e-01 1.0000000000000000e+00 -8.2500000000000000e+00
9.9999999968377229e-01 1.5662980578875816e+00 2.5000000000000000e-01 1.0000000000000000e+00 3.3540000000000000e+03 7.8931534894131211e-02 2.1542477101166069e-01 2.3916954085174844e-16 -8.3014760536789505e-03 8.7233010947809067e-02 -2.2538168482152076e-02 2.3796293949380942e-01 -2.5022393581766267e-17 2.6419193443351164e-16 6.7848382704891264e+02 16 20 24 -5.0000000000000000e-01 2.5000000000000000e-01 1.0000000000000000e+00 -9.5000000000000000e+00
9.9999999998221722e-01 1.5662444349852171e+00 2.5000000000000000e-01 1.0000000000000000e+00 3.3280000000000000e+03 7.8934704751412954e-02 2.1542601563727617e-01 2.9978524106646111e-16 -8.3020986101942588e-03 8.7236803361606788e-02 -2.2539111817360912e-02 2.3796512745463411e-01 -3.1345944840030506e-17 3.3113118590648909e-16 6.1806716987676919e+02 16 20 28 -5.0000000000000000e-01 2.5000000000000000e-01 1.0000000000000000e+00 -1.0750000000000000e+01
9.9999999999900002e-01 1.5662317186431831e+00 2.5000000000000000e-01 1.0000000000000000e+00 3.3380000000000000e+03 7.8935456191363412e-02 2.1542630991315773e-01 3.9545386450693767e-16 -8.3022462284697753e-03 8.7237702419832225e-02 -2.2539335467491040e-02 2.3796564538064785e-01 -4.1355702584784205e-17 4.3680956709172240e-16 6.2381341821234673e+02 16 20 32 -5.0000000000000000e-01 2.5000000000000000e-01 1.0000000000000000e+00 -1.2000000000000000e+01
9.8999999999999999e-01 2.0014630013987946e+00 3.0000000000000004e-01 1.0000000000000000e+00 3.4110000000000000e+03 5.2393304522466148e-02 1.7694935173207710e-01 2.0808689508885563e-16 -3.8571650027395968e-03 5.6250469525205828e-02 -1.2826791582561834e-02 1.8977614331463979e-01 -1.5097062026192283e-17 2.2318395711504706e-16 2.6913772640284151e+02 16 24 0 -5.0000000000000000e-01 3.0000000000000004e-01 1.0000000000000000e+00 -2.0000000000000000e+00
9.9943765867480960e-01 1.7067646268881069e+00 3.0000000000000004e-01 1.0000000000000000e+00 3.4120000000000000e+03 7.1791714636683809e-02 2.0701422787540361e-01 2.4205993253021021e-16 -6.8315928999453527e-03 7.8623307536629175e-02 -1.9503476010518488e-02 2.2651770388592141e-01 -2.2729899645557767e-17 2.6478983217576854e-16 4.7536635703593493e+02 16 24 4 -5.0000000000000000e-01 3.0000000000000004e-01 1.0000000000000000e+00 -3.2500000000000000e+00
9.9996837722339826e-01 1.6377290913887528e+00 3.0000000000000004e-01 1.0000000000000000e+00 3.4040000000000000e+03 7.6397323353590951e-02 2.1142989803527265e-01 -1.8778747271432708e-16 -7.6403634456620427e-03 8.4037686799252456e-02 -2.0971312497068885e-02 2.3240121053234089e-01 1.8626267192684129e-17 -2.0641373990701063e-16 5.8690715886559337e+02 16 24 8 -5.0000000000000000e-01 3.0000000000000004e-01 1.0000000000000000e+00 -4.5000000000000000e+00
9.9999822172058994e-01 1.6213300354884168e+00 3.0000000000000004e-01 1.0000000000000000e+00 3.4140000000000000e+03 7.7432179214040539e-02 2.1213296630741180e-01 -5.1813278764834726e-16 -7.8263009592808835e-03 8.5258480173320800e-02 -2.1274749514166622e-02 2.3340771582157846e-01 5.1963376858274170e-17 -5.7009616450662158e-16 6.8040789115987718e+02 16 24 12 -5.0000000000000000e-01 3.0000000000000004e-01 1.0000000000000000e+00 -5.7500000000000000e+00
9.9999990000000005e-01 1.6174379284512981e+00 3.0000000000000004e-01 1.0000000000000000e+00 3.4240000000000000e+03 7.7672746602271886e-02 2.1227509449300475e-01 -4.4145766976185069e-16 -7.8696902823237186e-03 8.5542436884594730e-02 -2.1343091586112084e-02 2.3361818607911561e-01 4.4399487321674422e-17 -4.8585715708352147e-16 6.3168745732400566e+02 16 24 16 -5.0000000000000000e-01 3.0000000000000004e-01 1.0000000000000000e+00 -7.0000000000000000e+00
9.9999999437658671e-01 1.6165147536999509e+00 3.0000000000000004e-01 1.0000000000000000e+00 3.4340000000000000e+03 7.7729496352641730e-02 2.1230732817465797e-01 1.3678854130299086e-16 -7.8799334464692682e-03 8.5609429799110917e-02 -2.1359075874443245e-02 2.3366640404910186e-01 -1.3721580129547872e-17 1.5051012143253828e-16 7.7762412472069263e+02 16 24 20 -5.0000000000000000e-01 3.0000000000000004e-01 1.0000000000000000e+00 -8.2500000000000000e+00
9.9999999968377229e-01 1.6162958222365258e+00 3.0000000000000004e-01 1.0000000000000000e+00 3.4080000000000000e+03 7.7742935929471180e-02 2.1231488569027979e-01 -1.2416772524423237e-16 -7.8823598000376267e-03 8.5625295729508832e-02 -2.1362853582822930e-02 2.3367773927310290e-01 1.2480283683931500e-17 -1.3664800892816374e-16 9.4946245722472668e+02 16 24 24 -5.0000000000000000e-01 3.0000000000000004e-01 1.0000000000000000e+00 -9.5000000000000000e+00
9.9999999998221722e-01 1.6162439046682404e+00 3.0000000000000004e-01 1.0000000000000000e+00 3.4180000000000000e+03 7.7746122274766030e-02 2.1231667395119053e-01 -6.0822348679598031e-16 -7.8829350244176942e-03 8.5629057299183478e-02 -2.1363748690966761e-02 2.3368042264215660e-01 6.1160782349808032e-17 -6.6938426914578213e-16 1.2211562222950161e+03 16 24 28 -5.0000000000000000e-01 3.0000000000000004e-01 1.0000000000000000e+00 -1.0750000000000000e+01
9.9999999999900002e-01 1.6162315926961970e+00 3.0000000000000004e-01 1.0000000000000000e+00 3.4280000000000000e+03 7.7746877691975219e-02 2.1231709729246520e-01 -2.3107337169900135e-16 -7.8830714613155346e-03 8.5629949153290752e-02 -2.1363961001643630e-02 2.3368105829410732e-01 2.3211333216792045e-17 -2.5428470491579122e-16 1.1606666456311941e+03 16 24 32 -5.0000000000000000e-01 3.0000000000000004e-01 1.0000000000000000e+00 -1.2000000000000000e+01
9.8999999999999999e-01 2.0492789684164658e+00 3.5000000000000003e-01 1.0000000000000000e+00 3.5280000000000000e+03 5.1805700257281276e-02 1.7313665677002923e-01 -3.6143425301243326e-16 -3.7356496349635567e-03 5.5541349892245157e-02 -1.2259188794163819e-02 1.8539584556419331e-01 2.5561905630347209e-17 -3.8699615864278047e-16 2.7653602870926261e+02 16 28 0 -5.0000000000000000e-01 3.5000000000000003e-01 1.0000000000000000e+00 -2.0000000000000000e+00
9.9943765867480960e-01 1.7553967284369945e+00 3.5000000000000003e-01 1.0000000000000000e+00 3.5200000000000000e+03 7.0849889896790127e-02 2.0327939527361363e-01 2.5509072226645974e-16 -6.5375747636062147e-03 7.7387464660395297e-02 -1.8523427769085787e-02 2.2180282304269822e-01 -2.3226529999511399e-17 2.7831725226596992e-16 5.1507876275293529e+02 16 28 4 -5.0000000000000000e-01 3.5000000000000003e-01 1.0000000000000000e+00 -3.2500000000000000e+00
9.9996837722339826e-01 1.6873233001589643e+00 3.5000000000000003e-01 1.0000000000000000e+00 3.4850000000000000e+03 7.5428380890387586e-02 2.0806353800158189e-01 9.6444781199688372e-17 -7.2924049143002941e-03 8.2720785804688390e-02 -1.9903038341896225e-02 2.2796657634347686e-01 -9.2770797898816041e-18 1.0572186098956961e-16 6.8803932276461273e+02 16 28 8 -5.0000000000000000e-01 3.5000000000000003e-01 1.0000000000000000e+00 -4.5000000000000000e+00
9.9999822172058994e-01 1.6712284093446976e+00 3.5000000000000003e-01 1.0000000000000000e+00 3.4950000000000000e+03 7.6468620844141161e-02 2.0889868229939274e-01 -2.1949819093111244e-16 -7.4659854052758238e-03 8.3934606249416663e-02 -2.0190607944669425e-02 2.2908929024406113e-01 2.1248425816462551e-17 -2.4074661674757469e-16 6.9342643561586738e+02 16 28 12 -5.0000000000000000e-01 3.5000000000000003e-01 1.0000000000000000e+00 -5.7500000000000000e+00
9.9999990000000005e-01 1.6674135124182441e+00 3.5000000000000003e-01 1.0000000000000000e+00 3.5050000000000000e+03 7.6711426400865090e-02 2.0907543135114143e-01 -5.2302214190990204e-16 -7.5065176093456233e-03 8.4217944010210280e-02 -2.0255623313071781e-02 2.2933105466421252e-01 5.0638259038876575e-17 -5.7366040094877698e-16 7.1685972031019628e+02 16 28 16 -5.0000000000000000e-01 3.5000000000000003e-01 1.0000000000000000e+00 -7.0000000000000000e+00
9.9999999437658671e-01 1.6665089457546971e+00 3.5000000000000003e-01 1.0000000000000000e+00 3.5150000000000000e+03 7.6768766516046041e-02 2.0911607588837283e-01 2.7859857872464077e-16 -7.5160883410217202e-03 8.4284854857068076e-02 -2.0270846104336489e-02 2.2938692199270855e-01 -2.7006192088401538e-17 3.0560477081304107e-16 8.0166202181018889e+02 16 28 20 -5.0000000000000000e-01 3.5000000000000003e-01 1.0000000000000000e+00 -8.2500000000000000e+00
9.9999999968377229e-01 1.6662944439488212e+00 3.5000000000000003e-01 1.0000000000000000e+00 3.4890000000000000e+03 7.6782350022909174e-02 2.0912564141547110e-01 -2.4451310941464759e-16 -7.5183555370873538e-03 8.4300705559996095e-02 -2.0274444816014977e-02 2.2940008623148467e-01 2.3672165965641312e-17 -2.6818527538029021e-16 8.3319387910701334e+02 16 28 24 -5.0000000000000000e-01 3.5000000000000003e-01 1.0000000000000000e+00 -9.5000000000000000e+00
9.9999999998221722e-01 1.6662435779012892e+00 3.5000000000000003e-01 1.0000000000000000e+00 3.4990000000000000e+03 7.6785569869845194e-02 2.0912790415619137e-01 -5.4960633620008467e-16 -7.5188930356926585e-03 8.4304462905538238e-02 -2.0275297563793798e-02 2.2940320171998421e-01 5.3367852540820714e-17 -6.0297418874090458e-16 7.7191681865975261e+02 16 28 28 -5.0000000000000000e-01 3.5000000000000003e-01 1.0000000000000000e+00 -1.0750000000000000e+01
9.9999999999900002e-01 1.6662315153855860e+00 3.5000000000000003e-01 1.0000000000000000e+00 3.5090000000000000e+03 7.6786333546111946e-02 2.0912844093487679e-01 4.3497256950964212e-16 -7.5190204592980852e-03 8.4305354005409561e-02 -2.0275499623263173e-02 2.2940394055813837e-01 -4.2188145658854011e-17 4.7716071516849223e-16 7.8805550981685519e+02 16 28 32 -5.0000000000000000e-01 3.5000000000000003e-01 1.0000000000000000e+00 -1.2000000000000000e+01
9.8999999999999999e-01 2.0984130016207723e+00 4.0000000000000002e-01 1.0000000000000000e+00 3.5730000000000000e+03 5.1232419277043084e-02 1.6915490312115108e-01 -7.8552154010829989e-17 -3.6169648581323940e-03 5.4849384135175316e-02 -1.1706025034623540e-02 1.8086092815577451e-01 5.3883965133114014e-18 -8.3940550524141447e-17 3.0985527619253844e+02 16 32 0 -5.0000000000000000e-01 4.0000000000000002e-01 1.0000000000000000e+00 -2.0000000000000000e+00
9.9943765867480960e-01 1.8046098579422172e+00 4.0000000000000002e-01 1.0000000000000000e+00 3.5830000000000000e+03 7.0003827632911866e-02 1.9941891507655857e-01 -1.1729571038826865e-16 -6.2688849492414751e-03 7.6272712582151889e-02 -1.7600714163882595e-02 2.1701962924044116e-01 1.0332458786878248e-17 -1.2762816917514643e-16 6.0509820333868265e+02 16 32 4 -5.0000000000000000e-01 4.0000000000000002e-01 1.0000000000000000e+00 -3.2500000000000000e+00
9.9996837722339826e-01 1.7370856171169973e+00 4.0000000000000002e-01 1.0000000000000000e+00 3.5840000000000000e+03 7.4582615078128259e-02 2.0456643046971160e-01 -2.8909790070672578e-16 -6.9835340539501642e-03 8.1566149132078214e-02 -1.8913173182301877e-02 2.2347960365201217e-01 2.6748064462847249e-17 -3.1584596516957140e-16 7.7047975468728691e+02 16 32 8 -5.0000000000000000e-01 4.0000000000000002e-01 1.0000000000000000e+00 -4.5000000000000000e+00
9.9999822172058994e-01 1.7211687649533562e+00 4.0000000000000002e-01 1.0000000000000000e+00 3.5940000000000000e+03 7.5634506503282947e-02 2.0552798316070001e-01 -4.0123477335019395e-16 -7.1478486489903875e-03 8.2782355152273460e-02 -1.9188704645902707e-02 2.2471668780660417e-01 3.7345384387374533e-17 -4.3858015773756925e-16 9.1705733638163656e+02 16 32 12 -5.0000000000000000e-01 4.0000000000000002e-01 1.0000000000000000e+00 -5.7500000000000000e+00
9.9999990000000005e-01 1.7173991776937338e+00 4.0000000000000002e-01 1.0000000000000000e+00 3.5680000000000000e+03 7.5881005995290629e-02 2.0573766091597484e-01 3.3697935995076480e-17 -7.1862475906205600e-03 8.3067253585910744e-02 -1.9251225241787347e-02 2.2498888615776327e-01 -3.1913350143056008e-18 3.6889271009381895e-17 8.6693524638935924e+02 16 32 16 -5.0000000000000000e-01 4.0000000000000002e-01 1.0000000000000000e+00 -7.0000000000000000e+00
9.9999999437658671e-01 1.7165055356410643e+00 4.0000000000000002e-01 1.0000000000000000e+00 3.5780000000000000e+03 7.5939277916769465e-02 2.0578628881892194e-01 -1.9474486207228743e-16 -7.1953166170356407e-03 8.3134594533805867e-02 -1.9265878499747088e-02 2.2505216731866773e-01 1.8194059428969807e-17 -2.1293892150125591e-16 9.0469571917410940e+02 16 32 20 -5.0000000000000000e-01 4.0000000000000002e-01 1.0000000000000000e+00 -8.2500000000000000e+00
9.9999999968377229e-01 1.7162936346497368e+00 4.0000000000000002e-01 1.0000000000000000e+00 3.5880000000000000e+03 7.5953086043100998e-02 2.0579775877844103e-01 2.5024502010277500e-16 -7.1974650827345346e-03 8.3150551125834998e-02 -1.9269343420897332e-02 2.2506710219933868e-01 -2.3507248151261788e-17 2.7375226825403407e-16 9.7414287132769823e+02 16 32 24 -5.0000000000000000e-01 4.0000000000000002e-01 1.0000000000000000e+00 -9.5000000000000000e+00
9.9999999998221722e-01 1.7162433857975052e+00 4.0000000000000002e-01 1.0000000000000000e+00 3.5980000000000000e+03 7.5956359912050658e-02 2.0580047517060104e-01 -6.5662209276517946e-16 -7.1979744433399231e-03 8.3154334355390838e-02 -1.9270164521257915e-02 2.2507063969185778e-01 6.1501976343014666e-17 -7.1812406910818898e-16 9.3379380570352077e+02 16 32 28 -5.0000000000000000e-01 4.0000000000000002e-01 1.0000000000000000e+00 -1.0750000000000000e+01
9.9999999999900002e-01 1.7162314700948151e+00 4.0000000000000002e-01 1.0000000000000000e+00 3.5720000000000000e+03 7.5957136156421245e-02 2.0580111887453248e-01 4.8090084844713887e-16 -7.1980952535272190e-03 8.3155231409948377e-02 -1.9270359329465352e-02 2.2507147820399839e-01 -4.4953359021766238e-17 5.2585420746890329e-16 1.0184008407453075e+03 16 32 32 -5.0000000000000000e-01 4.0000000000000002e-01 1.0000000000000000e+00 -1.2000000000000000e+01
9.8999999999999999e-01 1.9414654632255348e+00 0.0000000000000000e+00 1.0000000000000000e+00 3.2400000000000000e+02 4.6866991881600616e-02 1.7318148528587760e-01 0.0000000000000000e+00 -3.4775590147057517e-03 5.0344550896306330e-02 -1.2850170475149910e-02 1.8603165576102729e-01 0.0000000000000000e+00 0.0000000000000000e+00 0.0000000000000000e+00 18 0 0 -3.1250000000000000e-01 0.0000000000000000e+00 1.0000000000000000e+00 -2.0000000000000000e+00
9.9943765867480960e-01 1.6335589703424216e+00 0.0000000000000000e+00 1.0000000000000000e+00 3.2500000000000000e+02 6.8055711803309049e-02 2.1010851821633325e-01 0.0000000000000000e+00 -6.8173388515133087e-03 7.4873050654822332e-02 -2.1047182173480013e-02 2.3115570038981345e-01 0.0000000000000000e+00 0.0000000000000000e+00 0.0000000000000000e+00 18 0 4 -3.1250000000000000e-01 0.0000000000000000e+00 1.0000000000000000e+00 -3.2500000000000000e+00
9.9996837722339826e-01 1.5394004576788183e+00 0.0000000000000000e+00 1.0000000000000000e+00 3.2600000000000000e+02 7.5417296274624665e-02 2.1945997369192932e-01 0.0000000000000000e+00 -8.1671810840574181e-03 8.3584477358681977e-02 -2.3766024962201357e-02 2.4322599865413075e-01 0.0000000000000000e+00 0.0000000000000000e+00 0.0000000000000000e+00 18 0 8 -3.1250000000000000e-01 0.0000000000000000e+00 1.0000000000000000e+00 -4.5000000000000000e+00
9.9999822172058994e-01 1.5065246331533628e+00 0.0000000000000000e+00 1.0000000000000000e+00 3.2700000000000000e+02 7.7931322658123012e-02 2.2203530584661063e-01 0.0000000000000000e+00 -8.6568258707325780e-03 8.6588148528855630e-02 -2.4664293050704569e-02 2.4669959889731521e-01 0.0000000000000000e+00 0.0000000000000000e+00 0.0000000000000000e+00 18 0 12 -3.1250000000000000e-01 0.0000000000000000e+00 1.0000000000000000e+00 -5.7500000000000000e+00
9.9999990000000005e-01 1.4943831844038231e+00 0.0000000000000000e+00 1.0000000000000000e+00 3.2800000000000000e+02 7.8834080085536440e-02 2.2284881801287745e-01 0.0000000000000000e+00 -8.8384184225929786e-03 8.7672498508129387e-02 -2.4984512997944543e-02 2.4783333101082200e-01 0.0000000000000000e+00 0.0000000000000000e+00 0.0000000000000000e+00 18 0 16 -3.1250000000000000e-01 0.0000000000000000e+00 1.0000000000000000e+00 -7.0000000000000000e+00
9.9999999437658671e-01 1.4897973454523443e+00 0.0000000000000000e+00 1.0000000000000000e+00 3.2900000000000000e+02 7.9170038734100640e-02 2.2313329133796519e-01 0.0000000000000000e+00 -8.9070221519734240e-03 8.8077060886074074e-02 -2.5103602329475002e-02 2.4823689366744039e-01 0.0000000000000000e+00 0.0000000000000000e+00 0.0000000000000000e+00 18 0 20 -3.1250000000000000e-01 0.0000000000000000e+00 1.0000000000000000e+00 -8.2500000000000000e+00
9.9999999968377229e-01 1.4880500326073018e+00 0.0000000000000000e+00 1.0000000000000000e+00 3.3000000000000000e+02 7.9297234108177433e-02 2.2323817588268852e-01 0.0000000000000000e+00 -8.9331593076252928e-03 8.8230393415802716e-02 -2.5148697948067313e-02 2.4838687383075592e-01 0.0000000000000000e+00 0.0000000000000000e+00 0.0000000000000000e+00 18 0 24 -3.1250000000000000e-01 0.0000000000000000e+00 1.0000000000000000e+00 -9.5000000000000000e+00
9.9999999998221722e-01 1.4873820112976956e+00 0.0000000000000000e+00 1.0000000000000000e+00 3.3100000000000000e+02 7.9345738818750428e-02 2.2327775052695825e-01 0.0000000000000000e+00 -8.9431512755681272e-03 8.8288890094318478e-02 -2.5165897112540140e-02 2.4844364763949836e-01 0.0000000000000000e+00 0.0000000000000000e+00 0.0000000000000000e+00 18 0 28 -3.1250000000000000e-01 0.0000000000000000e+00 1.0000000000000000e+00 -1.0750000000000000e+01
9.9999999999900002e-01 1.4871262759671142e+00 0.0000000000000000e+00 1.0000000000000000e+00 3.3200000000000000e+02 7.9364289526438536e-02 2.2329282410606102e-01 0.0000000000000000e+00 -8.9469762704549073e-03 8.8311265796893398e-02 -2.5172475058499302e-02 2.4846529916456031e-01 0.0000000000000000e+00 0.0000000000000000e+00 0.0000000000000000e+00 18 0 32 -3.1250000000000000e-01 0.0000000000000000e+00 1.0000000000000000e+00 -1.2000000000000000e+01
9.8999999999999999e-01 1.9691284668970108e+00 5.0000000000000003e-02 1.0000000000000000e+00 3.3300000000000000e+02 4.5285529537839951e-02 1.6929574678349502e-01 -8.5237821935109035e-17 -3.3035849673034674e-03 4.8589114505143319e-02 -1.2340948023935211e-02 1.8163669480742967e-01 6.2140250756512758e-18 -9.1451847010760435e-17 4.5232469522394240e+01 18 4 0 -3.1250000000000000e-01 5.0000000000000003e-02 1.0000000000000000e+00 -2.0000000000000000e+00
9.9943765867480960e-01 1.6600635470898213e+00 5.0000000000000003e-02 1.0000000000000000e+00 3.3400000000000000e+02 6.6186402272194272e-02 2.0696694853729841e-01 1.6912724373807600e-16 -6.5006964451205474e-03 7.2687098717314824e-02 -2.0319185868122893e-02 2.2728613440542200e-01 -1.6603617820048169e-17 1.8573086155812400e-16 9.8448441735468805e+01 18 4 4 -3.1250000000000000e-01 5.0000000000000003e-02 1.0000000000000000e+00 -3.2500000000000000e+00
9.9996837722339826e-01 1.5712837130855557e+00 5.0000000000000003e-02 1.0000000000000000e+00 3.3500000000000000e+02 7.3160648558145691e-02 2.1648074343006032e-01 -2.2343057767221983e-16 -7.7312570443137246e-03 8.0891905602459430e-02 -2.2869293232751754e-02 2.3935003666281207e-01 2.3601283420772415e-17 -2.4703186109299144e-16 1.3061918007861823e+02 18 4 8 -3.1250000000000000e-01 5.0000000000000003e-02 1.0000000000000000e+00 -4.5000000000000000e+00
9.9999822172058994e-01 1.5457552389877820e+00 5.0000000000000003e-02 1.0000000000000000e+00 3.3600000000000000e+02 7.5168624218009059e-02 2.1884294793667555e-01 -1.6246947521293096e-16 -8.1017304389410690e-03 8.3270354656949500e-02 -2.3580267768600369e-02 2.4242321570527531e-01 1.7506559256639794e-17 -1.7997603446957063e-16 1.4948669674526900e+02 18 4 12 -3.1250000000000000e-01 5.0000000000000003e-02 1.0000000000000000e+00 -5.7500000000000000e+00
9.9999990000000005e-01 1.5391019863964199e+00 5.0000000000000003e-02 1.0000000000000000e+00 3.3700000000000000e+02 7.5687674562741905e-02 2.1941897851742095e-01 2.9232480238772829e-16 -8.1990273246470690e-03 8.3886701887388629e-02 -2.3762386960935057e-02 2.4318136547835537e-01 -3.1657858948899287e-17 3.2398266133662773e-16 1.5212837864458561e+02 18 4 16 -3.1250000000000000e-01 5.0000000000000003e-02 1.0000000000000000e+00 -7.0000000000000000e+00
9.9999999437658671e-01 1.5374768138979151e+00 5.0000000000000003e-02 1.0000000000000000e+00 3.3800000000000000e+02 7.5814081824286714e-02 2.1955690457769772e-01 3.2442587510219745e-16 -8.2228305109350568e-03 8.4036912335221731e-02 -2.3806643669428165e-02 2.4336354824712531e-01 -3.5177122365017955e-17 3.5960299746721590e-16 1.5422552887536585e+02 18 4 20 -3.1250000000000000e-01 5.0000000000000003e-02 1.0000000000000000e+00 -8.2500000000000000e+00
9.9999999968377229e-01 1.5370884767140987e+00 5.0000000000000003e-02 1.0000000000000000e+00 3.3900000000000000e+02 7.5844263109295276e-02 2.1958969595986841e-01 -2.2871644801593465e-16 -8.2285202946883532e-03 8.4072783403983276e-02 -2.3817205111582678e-02 2.4340690107145119e-01 2.4808124673582597e-17 -2.5352457268951677e-16 1.7092891737446189e+02 18 4 24 -3.1250000000000000e-01 5.0000000000000003e-02 1.0000000000000000e+00 -9.5000000000000000e+00
9.9999999998221722e-01 1.5369962174470602e+00 5.0000000000000003e-02 1.0000000000000000e+00 3.4000000000000000e+02 7.5851432071178768e-02 2.1959747694193246e-01 -8.2445237544590543e-17 -8.2298721475716763e-03 8.4081304218750222e-02 -2.3819713436301401e-02 2.4341719037823339e-01 8.9438362785730933e-18 -9.1389073823163692e-17 1.5329071549512446e+02 18 4 28 -3.1250000000000000e-01 5.0000000000000003e-02 1.0000000000000000e+00 -1.0750000000000000e+01
9.9999999999900002e-01 1.5369743289091908e+00 5.0000000000000003e-02 1.0000000000000000e+00 3.4100000000000000e+02 7.5853132869451820e-02 2.1959932255954440e-01 2.2519395323593721e-16 -8.2301928116445908e-03 8.4083325681095708e-02 -2.3820308286993080e-02 2.4341963084653681e-01 -2.4425146011393142e-17 2.4961909924733047e-16 1.5213685365021229e+02 18 4 32 -3.1250000000000000e-01 5.0000000000000003e-02 1.0000000000000000e+00 -1.2000000000000000e+01
9.8999999999999999e-01 2.0025990881456410e+00 1.0000000000000001e-01 1.0000000000000000e+00 3.4200000000000000e+02 4.3905362032637320e-02 1.6529654125346818e-01 1.2731492325914734e-16 -3.1457026266421572e-03 4.7051064659279399e-02 -1.1807949074133539e-02 1.7710449032760162e-01 -9.0905929546747028e-18 1.3640551621382252e-16 7.7006458431482315e+01 18 8 0 -3.1250000000000000e-01 1.0000000000000001e-01 1.0000000000000000e+00 -2.0000000000000000e+00
9.9943765867480960e-01 1.6965102608920561e+00 1.0000000000000001e-01 1.0000000000000000e+00 3.4300000000000000e+02 6.4119783763559507e-02 2.0285984114105376e-01 1.5170082901796387e-16 -6.1343473148252883e-03 7.0254131078384421e-02 -1.9372682404931899e-02 2.2223252354598572e-01 -1.4482200991778195e-17 1.6618303000974038e-16 1.5384862858057022e+02 18 8 4 -3.1250000000000000e-01 1.0000000000000001e-01 1.0000000000000000e+00 -3.2500000000000000e+00
9.9996837722339826e-01 1.6149417905488890e+00 1.0000000000000001e-01 1.0000000000000000e+00 3.4400000000000000e+02 7.0497137148410993e-02 2.1215918521098612e-01 -2.5104924571141744e-16 -7.2069174575612009e-03 7.7704054605972225e-02 -2.1657994975818395e-02 2.3381718018680381e-01 2.5637192309861595e-17 -2.7668643802127758e-16 1.9342697270866483e+02 18 8 8 -3.1250000000000000e-01 1.0000000000000001e-01 1.0000000000000000e+00 -4.5000000000000000e+00
9.9999822172058994e-01 1.5937820264063163e+00 1.0000000000000001e-01 1.0000000000000000e+00 3.4500000000000000e+02 7.2182593587586871e-02 2.1437279664641204e-01 1.7437353627648575e-16 -7.4991408551660721e-03 7.9681734442753296e-02 -2.2241849330219075e-02 2.3661464597663093e-01 -1.8089586820859816e-17 1.9246312309734641e-16 2.1048414824903011e+02 18 8 12 -3.1250000000000000e-01 1.0000000000000001e-01 1.0000000000000000e+00 -5.7500000000000000e+00
9.9999990000000005e-01 1.5885952763965876e+00 1.0000000000000001e-01 1.0000000000000000e+00 3.4600000000000000e+02 7.2596026693195689e-02 2.1489784522436819e-01 -2.6954012572972909e-16 -7.5714135146377932e-03 8.0167440207833188e-02 -2.2383564592845358e-02 2.3728140981721413e-01 2.8066282207498681e-17 -2.9760640793722564e-16 2.1937767109926790e+02 18 8 16 -3.1250000000000000e-01 1.0000000000000001e-01 1.0000000000000000e+00 -7.0000000000000000e+00
9.9999999437658671e-01 1.5873542138895329e+00 1.0000000000000001e-01 1.0000000000000000e+00 3.4700000000000000e+02 7.2694933962264327e-02 2.1502235439910258e-01 -1.7415669709618529e-16 -7.5887396026976459e-03 8.0283673564962563e-02 -2.2417377376730292e-02 2.3743973177583308e-01 1.8148133767517337e-17 -1.9230483086370167e-16 2.4179193125385791e+02 18 8 20 -3.1250000000000000e-01 1.0000000000000001e-01 1.0000000000000000e+00 -8.2500000000000000e+00
9.9999999968377229e-01 1.5870592625577813e+00 1.0000000000000001e-01 1.0000000000000000e+00 3.4800000000000000e+02 7.2718438796976786e-02 2.1505188007629189e-01 -2.8719575978994787e-16 -7.5928591362113872e-03 8.0311297933187947e-02 -2.2425407664513789e-02 2.3747728774080559e-01 2.9955064147203131e-17 -3.1715082393715157e-16 2.1943056648224592e+02 18 8 24 -3.1250000000000000e-01 1.0000000000000001e-01 1.0000000000000000e+00 -9.5000000000000000e+00
9.9999999998221722e-01 1.5869892817429574e+00 1.0000000000000001e-01 1.0000000000000000e+00 3.4900000000000000e+02 7.2724015510933715e-02 2.1505888169813736e-01 1.5456713836907551e-17 -7.5938366507590175e-03 8.0317852161693015e-02 -2.2427312636112088e-02 2.3748619433424881e-01 -1.6075228558496584e-18 1.7064236692757263e-17 2.4434499361272901e+02 18 8 28 -3.1250000000000000e-01 1.0000000000000001e-01 1.0000000000000000e+00 -1.0750000000000000e+01
9.9999999999900002e-01 1.5869726848944528e+00 1.0000000000000001e-01 1.0000000000000000e+00 3.5000000000000000e+02 7.2725338103005285e-02 2.1506054201889807e-01 2.6967815574436206e-16 -7.5940683453902414e-03 8.0319406448395261e-02 -2.2427763970576657e-02 2.3748830598947535e-01 -2.8114860309286319e-17 2.9779301605364927e-16 2.4698444362077862e+02 18 8 32 -3.1250000000000000e-01 1.0000000000000001e-01 1.0000000000000000e+00 -1.2000000000000000e+01
9.8999999999999999e-01 2.0405521702155625e+00 1.5000000000000002e-01 1.0000000000000000e+00 3.5100000000000000e+02 4.2752798969533747e-02 1.6131180685775684e-01 -3.6767719259136080e-16 -3.0085854956820239e-03 4.5761384465215542e-02 -1.1278656454946334e-02 1.7259046331270200e-01 2.5711688344009044e-17 -3.9338888093537039e-16 9.1144182872958481e+01 18 12 0 -3.1250000000000000e-01 1.5000000000000002e-01 1.0000000000000000e+00 -2.0000000000000000e+00
9.9943765867480960e-01 1.7382782407708430e+00 1.5000000000000002e-01 1.0000000000000000e+00 3.5200000000000000e+02 6.2204454552153607e-02 1.9839199503191027e-01 -1.5977994354266836e-16 -5.7833158654846482e-03 6.7987770417637899e-02 -1.8368634891101257e-02 2.1676062992301198e-01 1.4804277005236571e-17 -1.7458422054790442e-16 2.0732238768786192e+02 18 12 4 -3.1250000000000000e-01 1.5000000000000002e-01 1.0000000000000000e+00 -3.2500000000000000e+00
9.9996837722339826e-01 1.6618885391170088e+00 1.5000000000000002e-01 1.0000000000000000e+00 3.5300000000000000e+02 6.8115507710301615e-02 2.0748745377232261e-01 3.5344707659940867e-16 -6.7284749191439154e-03 7.4843982629446068e-02 -2.0425264655214600e-02 2.2791271842753699e-01 -3.4788537011681355e-17 3.8823561361108931e-16 2.2717578022833914e+02 18 12 8 -3.1250000000000000e-01 1.5000000000000002e-01 1.0000000000000000e+00 -4.5000000000000000e+00
9.9999822172058994e-01 1.6429481859634771e+00 1.5000000000000002e-01 1.0000000000000000e+00 3.5400000000000000e+02 6.9625722611130383e-02 2.0963118163073297e-01 3.2583231033614610e-16 -6.9749778956903286e-03 7.6600700506820579e-02 -2.0932193795388600e-02 2.3056337542612182e-01 -3.2535164910578755e-17 3.5836747524672207e-16 2.4176727707311511e+02 18 12 12 -3.1250000000000000e-01 1.5000000000000002e-01 1.0000000000000000e+00 -5.7500000000000000e+00
9.9999990000000005e-01 1.6383901480721250e+00 1.5000000000000002e-01 1.0000000000000000e+00 3.5500000000000000e+02 6.9991060693796431e-02 2.1013776347989560e-01 -4.1993961004551052e-16 -7.0348724997230513e-03 7.7025933193519650e-02 -2.1053443683994259e-02 2.3119120716388936e-01 4.2073232266114934e-17 -4.6201284231162462e-16 2.8462875728774816e+02 18 12 16 -3.1250000000000000e-01 1.5000000000000002e-01 1.0000000000000000e+00 -7.0000000000000000e+00
9.9999999437658671e-01 1.6373051346247378e+00 1.5000000000000002e-01 1.0000000000000000e+00 3.5600000000000000e+02 7.0078121029154700e-02 2.1025777005271951e-01 2.8011962090264519e-16 -7.0491600802737794e-03 7.7127281109428916e-02 -2.1082254451355253e-02 2.3134002450407445e-01 -2.8087205163480879e-17 3.0820682606612743e-16 3.1442138685379177e+02 18 12 20 -3.1250000000000000e-01 1.5000000000000002e-01 1.0000000000000000e+00 -8.2500000000000000e+00
9.9999999968377229e-01 1.6370475992558609e+00 1.5000000000000002e-01 1.0000000000000000e+00 3.5700000000000000e+02 7.0098790316459492e-02 2.1028622038123121e-01 2.3346460362864194e-16 -7.0525529938460750e-03 7.7151343310306153e-02 -2.1089089814919835e-02 2.3137531019615071e-01 -2.3413593080912020e-17 2.5687819670955346e-16 3.7909144523553550e+02 18 12 24 -3.1250000000000000e-01 1.5000000000000002e-01 1.0000000000000000e+00 -9.5000000000000000e+00
9.9999999998221722e-01 1.6369865144508386e+00 1.5000000000000002e-01 1.0000000000000000e+00 3.5800000000000000e+02 7.0103693206614179e-02 2.1029296679222828e-01 6.3815973721231165e-16 -7.0533578573162949e-03 7.7157051063930587e-02 -2.1090710939537505e-02 2.3138367773176655e-01 -6.4012341633694710e-17 7.0217207884599949e-16 4.4297541222628206e+02 18 12 28 -3.1250000000000000e-01 1.5000000000000002e-01 1.0000000000000000e+00 -1.0750000000000000e+01
9.9999999999900002e-01 1.6369720285188374e+00 1.5000000000000002e-01 1.0000000000000000e+00 3.5900000000000000e+02 7.0104855962496299e-02 2.1029456671780128e-01 -5.7589925171051795e-16 -7.0535488353336961e-03 7.7158404797829927e-02 -2.1091095696247557e-02 2.3138566241404976e-01 5.7748727218098888e-17 -6.3364797892861992e-16 4.3751994517818093e+02 18 12 32 -3.1250000000000000e-01 1.5000000000000002e-01 1.0000000000000000e+00 -1.2000000000000000e+01
9.8999999999999999e-01 2.0819577556266697e+00 2.0000000000000001e-01 1.0000000000000000e+00 3.6000000000000000e+02 4.1818900183555260e-02 1.5740241168412947e-01 1.5618045924393443e-16 -2.8921917805815505e-03 4.4711091964136897e-02 -1.0769118725152982e-02 1.6817153040928229e-01 -1.0671732401013384e-17 1.6685219164494801e-16 1.2191089064069092e+02 18 16 0 -3.1250000000000000e-01 2.0000000000000001e-01 1.0000000000000000e+00 -2.0000000000000000e+00
9.9943765867480960e-01 1.7830637319305891e+00 2.0000000000000001e-01 1.0000000000000000e+00 3.6100000000000000e+02 6.0564858268833358e-02 1.9386715333057020e-01 3.4978295453240753e-16 -5.4715893066012641e-03 6.6036447575434032e-02 -1.7387073342944506e-02 2.1125422667351415e-01 -3.1317436996988879e-17 3.8110039152939797e-16 2.0937073480151594e+02 18 16 4 -3.1250000000000000e-01 2.0000000000000001e-01 1.0000000000000000e+00 -3.2500000000000000e+00
9.9996837722339826e-01 1.7101683468931881e+00 2.0000000000000001e-01 1.0000000000000000e+00 3.6200000000000000e+02 6.6136786798147218e-02 2.0281426499269056e-01 1.4978675672599308e-16 -6.3186086233885143e-03 7.2455395421535507e-02 -1.9256006626625379e-02 2.2207027161931395e-01 -1.4230090106984599e-17 1.6401684683297635e-16 2.4811442633997649e+02 18 16 8 -3.1250000000000000e-01 2.0000000000000001e-01 1.0000000000000000e+00 -4.5000000000000000e+00
9.9999822172058994e-01 1.6925004034586593e+00 2.0000000000000001e-01 1.0000000000000000e+00 3.6300000000000000e+02 6.7539998987367497e-02 2.0492368322057350e-01 6.1010611777414448e-17 -6.5347870414044894e-03 7.4074786028771739e-02 -1.9709258861759123e-02 2.2463294208233145e-01 -5.8506407808932152e-18 6.6861252558307569e-17 2.6740400569513440e+02 18 16 12 -3.1250000000000000e-01 2.0000000000000001e-01 1.0000000000000000e+00 -5.7500000000000000e+00
9.9999990000000005e-01 1.6882814620524154e+00 2.0000000000000001e-01 1.0000000000000000e+00 3.6400000000000000e+02 6.7877800054142165e-02 2.0542237060610657e-01 -2.8874947404017928e-16 -6.5869353695504410e-03 7.4464735423692169e-02 -1.9817087627769073e-02 2.2523945823387531e-01 2.7864257820234728e-17 -3.1661373186041529e-16 2.8284847744647413e+02 18 16 16 -3.1250000000000000e-01 2.0000000000000001e-01 1.0000000000000000e+00 -7.0000000000000000e+00
9.9999999437658671e-01 1.6872792166389385e+00 2.0000000000000001e-01 1.0000000000000000e+00 3.6500000000000000e+02 6.7958194777841749e-02 2.0554052152527968e-01 -1.9801631846909968e-16 -6.5993516986462579e-03 7.4557546476487518e-02 -1.9842673506002804e-02 2.2538319503128112e-01 1.9099092115109395e-17 -2.1711541058420835e-16 2.7702048774808645e+02 18 16 20 -3.1250000000000000e-01 2.0000000000000001e-01 1.0000000000000000e+00 -8.2500000000000000e+00
9.9999999968377229e-01 1.6870414449665752e+00 2.0000000000000001e-01 1.0000000000000000e+00 3.6600000000000000e+02 6.7977275951117980e-02 2.0556853404959474e-01 4.8736865760693770e-16 -6.6022988901694359e-03 7.4579574841287341e-02 -1.9848741699336935e-02 2.2541727574893053e-01 -4.7023652712000452e-17 5.3439231031893476e-16 2.8022561825439334e+02 18 16 24 -3.1250000000000000e-01 2.0000000000000001e-01 1.0000000000000000e+00 -9.5000000000000000e+00
9.9999999998221722e-01 1.6869850547859107e+00 2.0000000000000001e-01 1.0000000000000000e+00 3.6700000000000000e+02 6.7981801746940254e-02 2.0557517658670832e-01 -5.9340916527865788e-16 -6.6029979329081884e-03 7.4584799679848171e-02 -1.9850180726731882e-02 2.2542535731343974e-01 5.7299131983049573e-17 -6.5070829726170611e-16 2.7899241105746478e+02 18 16 28 -3.1250000000000000e-01 2.0000000000000001e-01 1.0000000000000000e+00 -1.0750000000000000e+01
9.9999999999900002e-01 1.6869716821893450e+00 2.0000000000000001e-01 1.0000000000000000e+00 3.6800000000000000e+02 6.7982874919310779e-02 2.0557675135397868e-01 -1.5203685621162374e-16 -6.6031636582169397e-03 7.4586038577527700e-02 -1.9850521826512573e-02 2.2542727318049152e-01 1.4689300695315158e-17 -1.6672615690693817e-16 3.1167908214777708e+02 18 16 32 -3.1250000000000000e-01 2.0000000000000001e-01 1.0000000000000000e+00 -1.2000000000000000e+01
9.8999999999999999e-01 2.1260361830790653e+00 2.5000000000000000e-01 1.0000000000000000e+00 3.6900000000000000e+02 4.1069872013231798e-02 1.5357237007991401e-01 9.5557863000089135e-17 -2.7933358090167777e-03 4.3863207822248604e-02 -1.0285732201289142e-02 1.6385810228120265e-01 -6.4285181244080900e-18 1.0198638112449741e-16 1.3256750798784196e+02 18 20 0 -3.1250000000000000e-01 2.5000000000000000e-01 1.0000000000000000e+00 -2.0000000000000000e+00
9.9943765867480960e-01 1.8296875704922893e+00 2.5000000000000000e-01 1.0000000000000000e+00 3.7000000000000000e+02 5.9211732662641806e-02 1.8940751332883696e-01 -6.3085374700401258e-16 -5.2026815690811379e-03 6.4414414231722880e-02 -1.6462091347545425e-02 2.0586960467638177e-01 5.4829778542582588e-17 -6.8568352554659500e-16 2.6900896205566823e+02 18 20 4 -3.1250000000000000e-01 2.5000000000000000e-01 1.0000000000000000e+00 -3.2500000000000000e+00
9.9996837722339826e-01 1.7591229707517395e+00 2.5000000000000000e-01 1.0000000000000000e+00 3.7100000000000000e+02 6.4541365239469753e-02 1.9826111930864151e-01 3.3785143332513563e-16 -5.9737912698953326e-03 7.0515156509364893e-02 -1.8176685340915121e-02 2.1643780464955595e-01 -3.0961831200532312e-17 3.6881326452566901e-16 2.8873671318311244e+02 18 20 8 -3.1250000000000000e-01 2.5000000000000000e-01 1.0000000000000000e+00 -4.5000000000000000e+00
9.9999822172058994e-01 1.7422343690793005e+00 2.5000000000000000e-01 1.0000000000000000e+00 3.7200000000000000e+02 6.5875687153376619e-02 2.0035731275844665e-01 2.3767488027546750e-16 -6.1683249852566135e-03 7.2044012138633456e-02 -1.8589408945500287e-02 2.1894672170394588e-01 -2.2026781221759702e-17 2.5970166149722625e-16 3.2006003322731704e+02 18 20 12 -3.1250000000000000e-01 2.5000000000000000e-01 1.0000000000000000e+00 -5.7500000000000000e+00
9.9999990000000005e-01 1.7382172762885046e+00 2.5000000000000000e-01 1.0000000000000000e+00 3.7300000000000000e+02 6.6196337208663289e-02 2.0085362531300796e-01 5.4988010610762624e-16 -6.2150921983180479e-03 7.2411429406981490e-02 -1.8687388560189779e-02 2.1954101387319544e-01 -5.1173233410882778e-17 6.0105333951850767e-16 3.3098047810792923e+02 18 20 16 -3.1250000000000000e-01 2.5000000000000000e-01 1.0000000000000000e+00 -7.0000000000000000e+00
9.9999999437658671e-01 1.7372639328380530e+00 2.5000000000000000e-01 1.0000000000000000e+00 3.7400000000000000e+02 6.6272617301353337e-02 2.0097126502993590e-01 -6.1050686866874053e-16 -6.2262177748745560e-03 7.2498835076227827e-02 -1.8710625255275556e-02 2.1968189028521184e-01 5.6788908626622000e-17 -6.6729577729536316e-16 3.3289451916702092e+02 18 20 20 -3.1250000000000000e-01 2.5000000000000000e-01 1.0000000000000000e+00 -8.2500000000000000e+00
9.9999999968377229e-01 1.7370378170366068e+00 2.5000000000000000e-01 1.0000000000000000e+00 3.7500000000000000e+02 6.6290720222614424e-02 2.0099915987683389e-01 -2.6778467427068861e-16 -6.2288580445380038e-03 7.2519578267151996e-02 -1.8716135603746159e-02 2.1971529548058052e-01 2.4934901615142834e-17 -2.9271957588583107e-16 3.3510856697894633e+02 18 20 24 -3.1250000000000000e-01 2.5000000000000000e-01 1.0000000000000000e+00 -9.5000000000000000e+00
9.9999999998221722e-01 1.7369841941342423e+00 2.5000000000000000e-01 1.0000000000000000e+00 3.7600000000000000e+02 6.6295013920449203e-02 2.0100577473049364e-01 -2.2316123918840988e-16 -6.2294842591448935e-03 7.2524498179593652e-02 -1.8717442304901376e-02 2.1972321703539388e-01 2.0780535408994345e-17 -2.4394177459740518e-16 3.7093985206633806e+02 18 20 28 -3.1250000000000000e-01 2.5000000000000000e-01 1.0000000000000000e+00 -1.0750000000000000e+01
9.9999999999900002e-01 1.7369714777922083e+00 2.5000000000000000e-01 1.0000000000000000e+00 3.7700000000000000e+02 6.6296032204052516e-02 2.0100734348531371e-01 -2.5307490074851372e-16 -6.2296326826727392e-03 7.2525664886725016e-02 -1.8717751932374953e-02 2.1972509541769022e-01 2.3553798669601415e-17 -2.7662869941811550e-16 3.6843405208643526e+02 18 20 32 -3.1250000000000000e-01 2.5000000000000000e-01 1.0000000000000000e+00 -1.2000000000000000e+01
9.8999999999999999e-01 2.1722027605478198e+00 3.0000000000000004e-01 1.0000000000000000e+00 3.7800000000000000e+02 4.0455137742238842e-02 1.4977810394532415e-01 -2.6948535231489610e-17 -2.7070302817393047e-03 4.3162168023978167e-02 -9.8275024071508097e-03 1.5960560635247475e-01 1.8032444082867053e-18 -2.8751779639776176e-17 1.6138158485759050e+02 18 24 0 -3.1250000000000000e-01 3.0000000000000004e-01 1.0000000000000000e+00 -2.0000000000000000e+00
9.9943765867480960e-01 1.8775043860371321e+00 3.0000000000000004e-01 1.0000000000000000e+00 3.7900000000000000e+02 5.8100061397735950e-02 1.8502532622274701e-01 -9.5068556103689917e-17 -4.9710227300058113e-03 6.3071084127741164e-02 -1.5602862881867520e-02 2.0062818910461372e-01 8.0328518267648789e-18 -1.0310140793045472e-16 3.1119878628104925e+02 18 24 4 -3.1250000000000000e-01 3.0000000000000004e-01 1.0000000000000000e+00 -3.2500000000000000e+00
9.9996837722339826e-01 1.8084688505377779e+00 3.0000000000000004e-01 1.0000000000000000e+00 3.8000000000000000e+02 6.3259604874262881e-02 1.9383405293229891e-01 5.5951747415680909e-16 -5.6826951948762781e-03 6.8942300069138346e-02 -1.7189612276225823e-02 2.1102366520852620e-01 -4.9619188666957510e-17 6.0913666282376201e-16 4.1088678029365838e+02 18 24 8 -3.1250000000000000e-01 3.0000000000000004e-01 1.0000000000000000e+00 -4.5000000000000000e+00
9.9999822172058994e-01 1.7920697946374420e+00 3.0000000000000004e-01 1.0000000000000000e+00 3.8100000000000000e+02 6.4549267373338617e-02 1.9593218873733415e-01 5.7838502012391472e-17 -5.8610640599454054e-03 7.0410331433284165e-02 -1.7570370925841593e-02 2.1350255966317569e-01 -5.2028237242456306e-18 6.3041325736637074e-17 4.0717206708714366e+02 18 24 12 -3.1250000000000000e-01 3.0000000000000004e-01 1.0000000000000000e+00 -5.7500000000000000e+00
9.9999990000000005e-01 1.7881776876003233e+00 3.0000000000000004e-01 1.0000000000000000e+00 3.8200000000000000e+02 6.4859060380626443e-02 1.9642990863984192e-01 -2.7568742504906840e-16 -5.9038707754573315e-03 7.0762931156083675e-02 -1.7660697957309950e-02 2.1409060659715098e-01 2.4851004118615390e-17 -3.0053842916768384e-16 4.1333600012678653e+02 18 24 16 -3.1250000000000000e-01 3.0000000000000004e-01 1.0000000000000000e+00 -7.0000000000000000e+00
9.9999999437658671e-01 1.7872545128489761e+00 3.0000000000000004e-01 1.0000000000000000e+00 3.8300000000000000e+02 6.4932750891877222e-02 1.9654794110691876e-01 5.2332041030650088e-16 -5.9140498851563287e-03 7.0846800777033300e-02 -1.7682116304856919e-02 2.1423005741177542e-01 -4.7127952431424241e-17 5.7044836273792265e-16 4.1101841257140040e+02 18 24 20 -3.1250000000000000e-01 3.0000000000000004e-01 1.0000000000000000e+00 -8.2500000000000000e+00
9.9999999968377229e-01 1.7870355813855510e+00 3.0000000000000004e-01 1.0000000000000000e+00 3.8400000000000000e+02 6.4950238248175640e-02 1.9657593033739462e-01 -4.5090809788697652e-16 -5.9164653007040312e-03 7.0866703548879903e-02 -1.7687195257154557e-02 2.1426312559454833e-01 4.0587182031315019e-17 -4.9149527991828945e-16 4.5032999559771270e+02 18 24 24 -3.1250000000000000e-01 3.0000000000000004e-01 1.0000000000000000e+00 -9.5000000000000000e+00
9.9999999998221722e-01 1.7869836638172656e+00 3.0000000000000004e-01 1.0000000000000000e+00 3.8500000000000000e+02 6.4954385926024205e-02 1.9658256781065533e-01 4.3611920032526404e-16 -5.9170381763065253e-03 7.0871424102330910e-02 -1.7688399666369863e-02 2.1427096747702562e-01 -3.9290062653629060e-17 4.7540926297888975e-16 4.0561243964079767e+02 18 24 28 -3.1250000000000000e-01 3.0000000000000004e-01 1.0000000000000000e+00 -1.0750000000000000e+01
9.9999999999900002e-01 1.7869713518452222e+00 3.0000000000000004e-01 1.0000000000000000e+00 3.8600000000000000e+02 6.4955369396442794e-02 1.9658414130715923e-01 -3.4920358392859760e-16 -5.9171740381596090e-03 7.0872543434602059e-02 -1.7688685261157105e-02 2.1427282656831467e-01 3.1421417043654830e-17 -3.8062500097224947e-16 4.2026185426674783e+02 18 24 32 -3.1250000000000000e-01 3.0000000000000004e-01 1.0000000000000000e+00 -1.2000000000000000e+01
9.8999999999999999e-01 2.2200187275654910e+00 3.5000000000000003e-01 1.0000000000000000e+00 3.8700000000000000e+02 3.9912681590010740e-02 1.4593501839588982e-01 -8.2532958239189925e-17 -2.6275050844003643e-03 4.2540186674410972e-02 -9.3882817617774676e-03 1.5532330015766566e-01 5.3360812862459098e-18 -8.7869039525435404e-17 2.2029167469032109e+02 18 28 0 -3.1250000000000000e-01 3.5000000000000003e-01 1.0000000000000000e+00 -2.0000000000000000e+00
9.9943765867480960e-01 1.9261364875860196e+00 3.5000000000000003e-01 1.0000000000000000e+00 3.8800000000000000e+02 5.7155801375940923e-02 1.8065841670528049e-01 -2.5133568316130840e-16 -4.7669839713515580e-03 6.1922785347292439e-02 -1.4803884705081587e-02 1.9546230141036258e-01 2.0669545943888519e-17 -2.7200522910519323e-16 3.6872049544006586e+02 18 28 4 -3.1250000000000000e-01 3.5000000000000003e-01 1.0000000000000000e+00 -3.2500000000000000e+00
9.9996837722339826e-01 1.8580630593079894e+00 3.5000000000000003e-01 1.0000000000000000e+00 3.8900000000000000e+02 6.2199253053098605e-02 1.8946494948625808e-01 8.4139339711634379e-17 -5.4319320311228174e-03 6.7631185084220821e-02 -1.6284995622486694e-02 2.0574994510874550e-01 -7.2319908384018446e-18 9.1371330550036546e-17 3.9983305121399462e+02 18 28 8 -3.1250000000000000e-01 3.5000000000000003e-01 1.0000000000000000e+00 -4.5000000000000000e+00
9.9999822172058994e-01 1.8419681684937228e+00 3.5000000000000003e-01 1.0000000000000000e+00 3.9000000000000000e+02 6.3460860249358722e-02 1.9157717404058378e-01 4.2273424926813855e-17 -5.5980386693015444e-03 6.9058898918659753e-02 -1.6640287842789942e-02 2.0821746188337267e-01 -3.7290428540403452e-18 4.6002467780854174e-17 4.0769738492742181e+02 18 28 12 -3.1250000000000000e-01 3.5000000000000003e-01 1.0000000000000000e+00 -5.7500000000000000e+00
9.9999990000000005e-01 1.8381532715672693e+00 3.5000000000000003e-01 1.0000000000000000e+00 3.9100000000000000e+02 6.3763957557045337e-02 1.9207919585339589e-01 2.8491706393374455e-17 -5.6378519854038559e-03 6.9401809542449150e-02 -1.6724542792281531e-02 2.0880373864567806e-01 -2.4617398801391177e-18 3.0953446273513581e-17 4.1977534546516836e+02 18 28 16 -3.1250000000000000e-01 3.5000000000000003e-01 1.0000000000000000e+00 -7.0000000000000000e+00
9.9999999437658671e-01 1.8372487049037223e+00 3.5000000000000003e-01 1.0000000000000000e+00 3.9200000000000000e+02 6.3836056886611856e-02 1.9219830279431174e-01 4.8361701035482343e-16 -5.6473172799167042e-03 6.9483374166528292e-02 -1.6744521530282049e-02 2.0894282432459219e-01 -4.2152293680657270e-17 5.2576930403548037e-16 4.6134164885431528e+02 18 28 20 -3.1250000000000000e-01 3.5000000000000003e-01 1.0000000000000000e+00 -8.2500000000000000e+00
9.9999999968377229e-01 1.8370342030978464e+00 3.5000000000000003e-01 1.0000000000000000e+00 3.9300000000000000e+02 6.3853166809534470e-02 1.9222655021040438e-01 9.9692102797841389e-17 -5.6495632005191263e-03 6.9502730010053665e-02 -1.6749259122665613e-02 2.0897580933306845e-01 -8.6483378163211588e-18 1.0834044061416192e-16 4.2054492228850722e+02 18 28 24 -3.1250000000000000e-01 3.5000000000000003e-01 1.0000000000000000e+00 -9.5000000000000000e+00
9.9999999998221722e-01 1.8369833370503144e+00 3.5000000000000003e-01 1.0000000000000000e+00 3.9400000000000000e+02 6.3857224909907029e-02 1.9223324889024737e-01 0.0000000000000000e+00 -5.6500958654920287e-03 6.9507320775399076e-02 -1.6750382568358188e-02 2.0898363145860444e-01 0.0000000000000000e+00 0.0000000000000000e+00 4.5935279228631407e+02 18 28 28 -3.1250000000000000e-01 3.5000000000000003e-01 1.0000000000000000e+00 -1.0750000000000000e+01
9.9999999999900002e-01 1.8369712745346112e+00 3.5000000000000003e-01 1.0000000000000000e+00 3.9500000000000000e+02 6.3858187263350408e-02 1.9223483732300034e-01 -2.9893957016334697e-16 -5.6502221064273590e-03 6.9508409369777618e-02 -1.6750648676363975e-02 2.0898548599936514e-01 2.5991325334568676e-17 -3.2493089549791650e-16 4.6719599993154407e+02 18 28 32 -3.1250000000000000e-01 3.5000000000000003e-01 1.0000000000000000e+00 -1.2000000000000000e+01
9.8999999999999999e-01 2.2691527607697974e+00 4.0000000000000002e-01 1.0000000000000000e+00 3.9600000000000000e+02 3.9371297441716649e-02 1.4191955426396613e-01 -2.1713103411810385e-16 -2.5484444215824304e-03 4.1919741863298957e-02 -8.9574474381016369e-03 1.5087700170206525e-01 1.3648149681185461e-17 -2.3077918379928953e-16 2.1219211708102375e+02 18 32 0 -3.1250000000000000e-01 4.0000000000000002e-01 1.0000000000000000e+00 -2.0000000000000000e+00
9.9943765867480960e-01 1.9753496170912423e+00 4.0000000000000002e-01 1.0000000000000000e+00 3.9700000000000000e+02 5.6288963219914896e-02 1.7618857019563444e-01 -1.1736516438418750e-16 -4.5782541553723195e-03 6.0867217375286962e-02 -1.4048756872456767e-02 1.9023732706809265e-01 9.3583520082973682e-18 -1.2672351639248487e-16 3.7549043766409159e+02 18 32 4 -3.1250000000000000e-01 4.0000000000000002e-01 1.0000000000000000e+00 -3.2500000000000000e+00
9.9996837722339826e-01 1.9078253762660224e+00 4.0000000000000002e-01 1.0000000000000000e+00 3.9800000000000000e+02 6.1256252977427018e-02 1.8502966531406115e-01 -6.1627258401106640e-16 -5.2050130400654497e-03 6.6461266017492152e-02 -1.5440600767831852e-02 2.0047026608189183e-01 5.1427531459475541e-17 -6.6770011547053952e-16 4.6444557427614927e+02 18 32 8 -3.1250000000000000e-01 4.0000000000000002e-01 1.0000000000000000e+00 -4.5000000000000000e+00
9.9999822172058994e-01 1.8919085241023814e+00 4.0000000000000002e-01 1.0000000000000000e+00 3.9900000000000000e+02 6.2501344366181641e-02 1.8716573283971952e-01 -3.7403227083509552e-16 -5.3614815304151497e-03 6.7862825896596521e-02 -1.5775117331871640e-02 2.0294085017158858e-01 3.1525017260412936e-17 -4.0555728809550688e-16 4.4248545366339386e+02 18 32 12 -3.1250000000000000e-01 4.0000000000000002e-01 1.0000000000000000e+00 -5.7500000000000000e+00
9.9999990000000005e-01 1.8881389368427590e+00 4.0000000000000002e-01 1.0000000000000000e+00 4.0000000000000000e+02 6.2800702655757282e-02 1.8767457603275020e-01 -6.9399696969116797e-17 -5.3989989506235837e-03 6.8199701606381641e-02 -1.5854533264557807e-02 2.0352910929730780e-01 5.8420085610170874e-18 -7.5241705530133650e-17 4.9954826496262103e+02 18 32 16 -3.1250000000000000e-01 4.0000000000000002e-01 1.0000000000000000e+00 -7.0000000000000000e+00
9.9999999437658671e-01 1.8872452947900895e+00 4.0000000000000002e-01 1.0000000000000000e+00 4.0100000000000000e+02 6.2871927702188926e-02 1.8779537215784886e-01 -1.9471654156516915e-16 -5.4079184409003903e-03 6.8279846143090045e-02 -1.5873368173360040e-02 2.0366874033120963e-01 1.6499981286886082e-17 -2.1121652285205454e-16 4.6901033227611333e+02 18 32 20 -3.1250000000000000e-01 4.0000000000000002e-01 1.0000000000000000e+00 -8.2500000000000000e+00
9.9999999968377229e-01 1.8870333937987620e+00 4.0000000000000002e-01 1.0000000000000000e+00 4.0200000000000000e+02 6.2888830976649379e-02 1.8782402412446136e-01 -1.1115180806802899e-16 -5.4100348554899152e-03 6.8298865832139746e-02 -1.5877834734935026e-02 2.0370185885939662e-01 9.3754935702327748e-18 -1.2052730163826267e-16 4.7755670076608658e+02 18 32 24 -3.1250000000000000e-01 4.0000000000000002e-01 1.0000000000000000e+00 -9.5000000000000000e+00
9.9999999998221722e-01 1.8869831449465304e+00 4.0000000000000002e-01 1.0000000000000000e+00 4.0300000000000000e+02 6.2892840148590839e-02 1.8783081908709506e-01 5.6974223688045276e-16 -5.4105368048587071e-03 6.8303376953449527e-02 -1.5878893919287870e-02 2.0370971300638052e-01 -4.8081818875252613e-17 6.1782405575570479e-16 5.1632187967188656e+02 18 32 28 -3.1250000000000000e-01 4.0000000000000002e-01 1.0000000000000000e+00 -1.0750000000000000e+01
9.9999999999900002e-01 1.8869712292438403e+00 4.0000000000000002e-01 1.0000000000000000e+00 4.0400000000000000e+02 6.2893790907165473e-02 1.8783243029936794e-01 -4.4500223168775531e-16 -5.4106557939236884e-03 6.8304446701088942e-02 -1.5879144925959477e-02 2.0371157522532674e-01 3.7661598472613795e-17 -4.8266383016036599e-16 5.1940055152028799e+02 18 32 32 -3.1250000000000000e-01 4.0000000000000002e-01 1.0000000000000000e+00 -1.2000000000000000e+01
9.8999999999999999e-01 2.2043921473921273e+00 0.0000000000000000e+00 1.0000000000000000e+00 3.6450000000000000e+03 3.1879136154168944e-02 1.3589770088519174e-01 0.0000000000000000e+00 -1.9843926873811175e-03 3.3863528841550077e-02 -8.4592757646983641e-03 1.4435697664989011e-01 0.0000000000000000e+00 0.0000000000000000e+00 0.0000000000000000e+00 20 0 0 -1.2500000000000000e-01 0.0000000000000000e+00 1.0000000000000000e+00 -2.0000000000000000e+00
9.9943765867480960e-01 1.8964856545090143e+00 0.0000000000000000e+00 1.0000000000000000e+00 3.6730000000000000e+03 4.8061636697761610e-02 1.7355749080882502e-01 0.0000000000000000e+00 -3.9531986908726072e-03 5.2014835388634190e-02 -1.4275569718343262e-02 1.8783306052716842e-01 0.0000000000000000e+00 0.0000000000000000e+00 0.0000000000000000e+00 20 0 4 -1.2500000000000000e-01 0.0000000000000000e+00 1.0000000000000000e+00 -3.2500000000000000e+00
9.9996837722339826e-01 1.8023271418454110e+00 0.0000000000000000e+00 1.0000000000000000e+00 3.6650000000000000e+03 5.4578921978762907e-02 1.8663844121494702e-01 0.0000000000000000e+00 -4.8387450248025422e-03 5.9417667003565412e-02 -1.6546604368938071e-02 2.0318504558388509e-01 0.0000000000000000e+00 0.0000000000000000e+00 0.0000000000000000e+00 20 0 8 -1.2500000000000000e-01 0.0000000000000000e+00 1.0000000000000000e+00 -4.5000000000000000e+00
9.9999822172058994e-01 1.7694513173199555e+00 0.0000000000000000e+00 1.0000000000000000e+00 3.6750000000000000e+03 5.7031441668327305e-02 1.9126835260114133e-01 0.0000000000000000e+00 -5.1850910832657512e-03 6.2216532751593112e-02 -1.7389422405814359e-02 2.0865777500695579e-01 0.0000000000000000e+00 0.0000000000000000e+00 0.0000000000000000e+00 20 0 12 -1.2500000000000000e-01 0.0000000000000000e+00 1.0000000000000000e+00 -5.7500000000000000e+00
9.9999990000000005e-01 1.7573098685704158e+00 0.0000000000000000e+00 1.0000000000000000e+00 3.6490000000000000e+03 5.7957117935085678e-02 1.9297126717924232e-01 0.0000000000000000e+00 -5.3181342718241799e-03 6.3275252206909771e-02 -1.7707007284466923e-02 2.1067827446370946e-01 0.0000000000000000e+00 0.0000000000000000e+00 0.0000000000000000e+00 20 0 16 -1.2500000000000000e-01 0.0000000000000000e+00 1.0000000000000000e+00 -7.0000000000000000e+00
9.9999999437658671e-01 1.7527240296189370e+00 0.0000000000000000e+00 1.0000000000000000e+00 3.6590000000000000e+03 5.8309229334725030e-02 1.9361228714209655e-01 0.0000000000000000e+00 -5.3691232110083037e-03 6.3678352545733244e-02 -1.7827850525404938e-02 2.1144013766750153e-01 0.0000000000000000e+00 0.0000000000000000e+00 0.0000000000000000e+00 20 0 20 -1.2500000000000000e-01 0.0000000000000000e+00 1.0000000000000000e+00 -8.2500000000000000e+00
9.9999999968377229e-01 1.7509767167738945e+00 0.0000000000000000e+00 1.0000000000000000e+00 3.6690000000000000e+03 5.8443728903397912e-02 1.9385614101938017e-01 0.0000000000000000e+00 -5.3886588497457201e-03 6.3832387753143621e-02 -1.7874023945465650e-02 2.1173016496484581e-01 0.0000000000000000e+00 0.0000000000000000e+00 0.0000000000000000e+00 20 0 24 -1.2500000000000000e-01 0.0000000000000000e+00 1.0000000000000000e+00 -9.5000000000000000e+00
9.9999999998221722e-01 1.7503086954642884e+00 0.0000000000000000e+00 1.0000000000000000e+00 3.6790000000000000e+03 5.8495197801117269e-02 1.9394930851917175e-01 0.0000000000000000e+00 -5.3961433195606123e-03 6.3891341120677736e-02 -1.7891695469728613e-02 2.1184100398890010e-01 0.0000000000000000e+00 0.0000000000000000e+00 0.0000000000000000e+00 20 0 28 -1.2500000000000000e-01 0.0000000000000000e+00 1.0000000000000000e+00 -1.0750000000000000e+01
9.9999999999900002e-01 1.7500529601337069e+00 0.0000000000000000e+00 1.0000000000000000e+00 3.6620000000000000e+03 5.8514907454206469e-02 1.9398496327803733e-01 0.0000000000000000e+00 -5.3990112960772916e-03 6.3913918750283655e-02 -1.7898464742969935e-02 2.1188342802100701e-01 0.0000000000000000e+00 0.0000000000000000e+00 0.0000000000000000e+00 20 0 32 -1.2500000000000000e-01 0.0000000000000000e+00 1.0000000000000000e+00 -1.2000000000000000e+01
9.8999999999999999e-01 2.2320551510636033e+00 5.0000000000000003e-02 1.0000000000000000e+00 3.7350000000000000e+03 3.0801674593726600e-02 1.3267639804014958e-01 2.9460078385701184e-16 -1.8864561383290387e-03 3.2688130732055613e-02 -8.1175484008266709e-03 1.4079394644097615e-01 -1.8024578276213816e-17 3.1262536213322559e-16 2.9424613872542977e+01 20 4 0 -1.2500000000000000e-01 5.0000000000000003e-02 1.0000000000000000e+00 -2.0000000000000000e+00
9.9943765867480960e-01 1.9229902312564140e+00 5.0000000000000003e-02 1.0000000000000000e+00 3.7450000000000000e+03 4.6554498975151654e-02 1.7004467998068321e-01 3.1914318340838617e-16 -3.7594059682057590e-03 5.0313904943357357e-02 -1.3721522455783222e-02 1.8376620243646627e-01 -2.5751598668052754e-17 3.4489478207643780e-16 4.8102882611565292e+01 20 4 4 -1.2500000000000000e-01 5.0000000000000003e-02 1.0000000000000000e+00 -3.2500000000000000e+00
9.9996837722339826e-01 1.8342103972521484e+00 5.0000000000000003e-02 1.0000000000000000e+00 3.7280000000000000e+03 5.2529091754160762e-02 1.8235326619549388e-01 2.8343391264417344e-16 -4.5505336887288871e-03 5.7079625442889623e-02 -1.5786997998918809e-02 1.9814026419441233e-01 -2.4537924135355358e-17 3.0797183677952822e-16 5.8696568937972188e+01 20 4 8 -1.2500000000000000e-01 5.0000000000000003e-02 1.0000000000000000e+00 -4.5000000000000000e+00
9.9999822172058994e-01 1.8086819231543747e+00 5.0000000000000003e-02 1.0000000000000000e+00 3.7380000000000000e+03 5.4376491324434652e-02 1.8597035150017369e-01 -5.6096628501281702e-16 -4.8030063860705118e-03 5.9179497710505118e-02 -1.6416548209030966e-02 2.0238689970920473e-01 4.9520640807886040e-17 -6.1048692582069879e-16 6.3612784470431507e+01 20 4 12 -1.2500000000000000e-01 5.0000000000000003e-02 1.0000000000000000e+00 -5.7500000000000000e+00
9.9999990000000005e-01 1.8020286705630126e+00 5.0000000000000003e-02 1.0000000000000000e+00 3.7480000000000000e+03 5.4866913971369023e-02 1.8691517911094233e-01 -2.6120394483731264e-16 -4.8707230495178243e-03 5.9737637020886671e-02 -1.6583146660935907e-02 2.0349832577187821e-01 2.3174707267677729e-17 -2.8437865210499076e-16 6.4746555523015559e+01 20 4 16 -1.2500000000000000e-01 5.0000000000000003e-02 1.0000000000000000e+00 -7.0000000000000000e+00
9.9999999437658671e-01 1.8004034980645078e+00 5.0000000000000003e-02 1.0000000000000000e+00 3.7580000000000000e+03 5.4987251008130449e-02 1.8714601147214374e-01 4.2775724423228996e-16 -4.8873861144094286e-03 5.9874637122539875e-02 -1.6623998769084866e-02 2.0377001024122782e-01 -3.7997910108446892e-17 4.6575515434073690e-16 7.4641161029227078e+01 20 4 20 -1.2500000000000000e-01 5.0000000000000003e-02 1.0000000000000000e+00 -8.2500000000000000e+00
9.9999999968377229e-01 1.8000151608806914e+00 5.0000000000000003e-02 1.0000000000000000e+00 3.7320000000000000e+03 5.5016036906610978e-02 1.8720117007942316e-01 -3.3253607881431286e-16 -4.8913748977312084e-03 5.9907411804342010e-02 -1.6633769578865004e-02 2.0383493965828822e-01 2.9547510356424674e-17 -3.6208358917073764e-16 6.8713358295150101e+01 20 4 24 -1.2500000000000000e-01 5.0000000000000003e-02 1.0000000000000000e+00 -9.5000000000000000e+00
9.9999999998221722e-01 1.7999229016136529e+00 5.0000000000000003e-02 1.0000000000000000e+00 3.7420000000000000e+03 5.5022877457950016e-02 1.8721427433047583e-01 -3.9618144994546195e-16 -4.8923229360595235e-03 5.9915200394009584e-02 -1.6636091393283158e-02 2.0385036572375975e-01 3.5201928182586108e-17 -4.3138337812804767e-16 7.5422589903697371e+01 20 4 28 -1.2500000000000000e-01 5.0000000000000003e-02 1.0000000000000000e+00 -1.0750000000000000e+01
9.9999999999900002e-01 1.7999010130757835e+00 5.0000000000000003e-02 1.0000000000000000e+00 3.7520000000000000e+03 5.5024500496699845e-02 1.8721738338095509e-01 5.5755275204294233e-16 -4.8925481948649593e-03 5.9917048691564896e-02 -1.6636643345726482e-02 2.0385402672668165e-01 -4.9544348723715925e-17 6.0709710076665701e-16 7.1443894496187568e+01 20 4 32 -1.2500000000000000e-01 5.0000000000000003e-02 1.0000000000000000e+00 -1.2000000000000000e+01
9.8999999999999999e-01 2.2655257723122340e+00 1.0000000000000001e-01 1.0000000000000000e+00 3.8340000000000000e+03 2.9856193108833317e-02 1.2930268820455776e-01 1.2810267047933515e-16 -1.8004699714294517e-03 3.1656663080262618e-02 -7.7665115452648838e-03 1.3706919974982265e-01 -7.6976172378270052e-18 1.3580028771716086e-16 4.2950026240199804e+01 20 8 0 -1.2500000000000000e-01 1.0000000000000001e-01 1.0000000000000000e+00 -2.0000000000000000e+00
9.9943765867480960e-01 1.9594369450586488e+00 1.0000000000000001e-01 1.0000000000000000e+00 3.8080000000000000e+03 4.4922428433823290e-02 1.6566877658098073e-01 -2.4066471401374523e-16 -3.5458814562240272e-03 4.8468309890047329e-02 -1.3038273596084126e-02 1.7870705017706523e-01 1.8945157551398246e-17 -2.5960987156514354e-16 7.8193571610376239e+01 20 8 4 -1.2500000000000000e-01 1.0000000000000001e-01 1.0000000000000000e+00 -3.2500000000000000e+00
9.9996837722339826e-01 1.8778684747154817e+00 1.0000000000000001e-01 1.0000000000000000e+00 3.8090000000000000e+03 5.0224186339828482e-02 1.7689781792413881e-01 -2.2452322694488480e-16 -4.2244617965739549e-03 5.4448648136402419e-02 -1.4840318298988053e-02 1.9173813622312663e-01 1.8833256731321800e-17 -2.4335648367620691e-16 8.4430933198891580e+01 20 8 8 -1.2500000000000000e-01 1.0000000000000001e-01 1.0000000000000000e+00 -4.5000000000000000e+00
9.9999822172058994e-01 1.8567087105729090e+00 1.0000000000000001e-01 1.0000000000000000e+00 3.8190000000000000e+03 5.1700709521741391e-02 1.7989765231289170e-01 -1.6985575894559076e-17 -4.4180172223882083e-03 5.6118726744129786e-02 -1.5334078812393105e-02 1.9523173112528533e-01 1.4428556943927733e-18 -1.8428431588951868e-17 1.0288606711104512e+02 20 8 12 -1.2500000000000000e-01 1.0000000000000001e-01 1.0000000000000000e+00 -5.7500000000000000e+00
9.9999990000000005e-01 1.8515219605631803e+00 1.0000000000000001e-01 1.0000000000000000e+00 3.8290000000000000e+03 5.2068989958300629e-02 1.8063728548521246e-01 5.0372529414343803e-16 -4.4666052658942209e-03 5.6535595224194865e-02 -1.5456700270592361e-02 1.9609398575580511e-01 -4.3090148662288459e-17 5.4681544280572582e-16 9.7522918472066522e+01 20 8 16 -1.2500000000000000e-01 1.0000000000000001e-01 1.0000000000000000e+00 -7.0000000000000000e+00
9.9999999437658671e-01 1.8502808980561256e+00 1.0000000000000001e-01 1.0000000000000000e+00 3.8390000000000000e+03 5.2157478688933015e-02 1.8081448825094401e-01 2.7486590586974061e-16 -4.4782985295812568e-03 5.6635777218514316e-02 -1.5486132309209645e-02 1.9630062056015374e-01 -2.3531368932372855e-17 2.9839727480211180e-16 1.0002566647157073e+02 20 8 20 -1.2500000000000000e-01 1.0000000000000001e-01 1.0000000000000000e+00 -8.2500000000000000e+00
9.9999999968377229e-01 1.8499859467243740e+00 1.0000000000000001e-01 1.0000000000000000e+00 3.8130000000000000e+03 5.2178529771553461e-02 1.8085661466618488e-01 -2.2936345228109703e-16 -4.4810813871764095e-03 5.6659611158729951e-02 -1.5493132332966649e-02 1.9634974699915100e-01 1.9645998741296154e-17 -2.4900945102239310e-16 9.6312415063381195e+01 20 8 24 -1.2500000000000000e-01 1.0000000000000001e-01 1.0000000000000000e+00 -9.5000000000000000e+00
9.9999999998221722e-01 1.8499159659095501e+00 1.0000000000000001e-01 1.0000000000000000e+00 3.8230000000000000e+03 5.2183525555300592e-02 1.8086661030813886e-01 2.8112318521000398e-16 -4.4817418780568148e-03 5.6665267433357425e-02 -1.5494793492827562e-02 1.9636140380096562e-01 -2.4083747096568825e-17 3.0520693230656977e-16 9.9772542458958924e+01 20 8 28 -1.2500000000000000e-01 1.0000000000000001e-01 1.0000000000000000e+00 -1.0750000000000000e+01
9.9999999999900002e-01 1.8498993690610455e+00 1.0000000000000001e-01 1.0000000000000000e+00 3.8690000000000000e+03 5.2184710299780633e-02 1.8086898049853334e-01 -2.9811318378063610e-16 -4.4818987677985103e-03 5.6666609067579261e-02 -1.5495188272106018e-02 1.9636416877064006e-01 2.5534620782530434e-17 -3.2364780456316536e-16 9.9473542408086360e+01 20 8 32 -1.2500000000000000e-01 1.0000000000000001e-01 1.0000000000000000e+00 -1.2000000000000000e+01
9.8999999999999999e-01 2.3034788543821554e+00 1.5000000000000002e-01 1.0000000000000000e+00 3.9060000000000000e+03 2.9064623533639172e-02 1.2590011912638183e-01 1.2901079616966068e-16 -1.7284175042298763e-03 3.0793041037869048e-02 -7.4231777883065411e-03 1.3332329691468792e-01 -7.5869447845233806e-18 1.3659774095418407e-16 5.6154881510883570e+01 20 12 0 -1.2500000000000000e-01 1.5000000000000002e-01 1.0000000000000000e+00 -2.0000000000000000e+00
9.9943765867480960e-01 2.0012049249374355e+00 1.5000000000000002e-01 1.0000000000000000e+00 3.8980000000000000e+03 4.3435977943222459e-02 1.6106663594269940e-01 7.1527955089001074e-17 -3.3494341552406707e-03 4.6785412098462938e-02 -1.2339595071313580e-02 1.7340623101401309e-01 -5.4798810250893749e-18 7.7007836114090496e-17 9.8820784817449749e+01 20 12 4 -1.2500000000000000e-01 1.5000000000000002e-01 1.0000000000000000e+00 -3.2500000000000000e+00
9.9996837722339826e-01 1.9248152232836016e+00 1.5000000000000002e-01 1.0000000000000000e+00 3.8900000000000000e+03 4.8236474090009855e-02 1.7147520845423328e-01 1.9514317499180174e-16 -3.9419649993108086e-03 5.2178439089320426e-02 -1.3931114946086573e-02 1.8540632340031968e-01 -1.5874483901077047e-17 2.1101765889287802e-16 1.1980791583377868e+02 20 12 8 -1.2500000000000000e-01 1.5000000000000002e-01 1.0000000000000000e+00 -4.5000000000000000e+00
9.9999822172058994e-01 1.9058748701300698e+00 1.5000000000000002e-01 1.0000000000000000e+00 3.9000000000000000e+03 4.9514013247869526e-02 1.7414900540406217e-01 5.5804406752572776e-16 -4.1025182094716903e-03 5.3616531457341424e-02 -1.4347029671789281e-02 1.8849603507585069e-01 -4.5963323959762396e-17 6.0400739148549076e-16 1.2106191395316273e+02 20 12 12 -1.2500000000000000e-01 1.5000000000000002e-01 1.0000000000000000e+00 -5.7500000000000000e+00
9.9999990000000005e-01 1.9013168322387177e+00 1.5000000000000002e-01 1.0000000000000000e+00 3.9100000000000000e+03 4.9826791674446293e-02 1.7479762566161688e-01 2.7749099459832931e-17 -4.1419925724669130e-03 5.3968784246913183e-02 -1.4448337801339748e-02 1.8924596346295583e-01 -2.2884683545660590e-18 3.0037567814398952e-17 1.3702002563141286e+02 20 12 16 -1.2500000000000000e-01 1.5000000000000002e-01 1.0000000000000000e+00 -7.0000000000000000e+00
9.9999999437658671e-01 1.9002318187913305e+00 1.5000000000000002e-01 1.0000000000000000e+00 3.9200000000000000e+03 4.9901553325628567e-02 1.7495231373165535e-01 1.9423608691632780e-16 -4.1514374047018172e-03 5.4052990730330389e-02 -1.4472522356635403e-02 1.8942483608829158e-01 -1.6067727544738910e-17 2.1030381446106755e-16 1.2436680152360350e+02 20 12 20 -1.2500000000000000e-01 1.5000000000000002e-01 1.0000000000000000e+00 -8.2500000000000000e+00
9.9999999968377229e-01 1.8999742834224536e+00 1.5000000000000002e-01 1.0000000000000000e+00 3.8940000000000000e+03 4.9919315799637189e-02 1.7498904596718701e-01 2.1096361195823734e-16 -4.1536819265443120e-03 5.4072997726181404e-02 -1.4478266597220568e-02 1.8946731256440796e-01 -1.7444320594747183e-17 2.2840793255298505e-16 1.3600455044955015e+02 20 12 24 -1.2500000000000000e-01 1.5000000000000002e-01 1.0000000000000000e+00 -9.5000000000000000e+00
9.9999999998221722e-01 1.8999131986174314e+00 1.5000000000000002e-01 1.0000000000000000e+00 3.9040000000000000e+03 4.9923529872887451e-02 1.7499775944802889e-01 -7.2230923209856595e-17 -4.1542144558949405e-03 5.4077744328782318e-02 -1.4479629284086698e-02 1.8947738873211489e-01 5.9556870610056799e-18 -7.8186610270862036e-17 1.2169405916240066e+02 20 12 28 -1.2500000000000000e-01 1.5000000000000002e-01 1.0000000000000000e+00 -1.0750000000000000e+01
9.9999999999900002e-01 1.8998987126854301e+00 1.5000000000000002e-01 1.0000000000000000e+00 3.9140000000000000e+03 4.9924529221764664e-02 1.7499982566679362e-01 -4.4412226109136135e-16 -4.1543408800677299e-03 5.4078870101832391e-02 -1.4479952854368098e-02 1.8947977852116152e-01 3.6737446971697600e-17 -4.8085970806305779e-16 1.3366688342858106e+02 20 12 32 -1.2500000000000000e-01 1.5000000000000002e-01 1.0000000000000000e+00 -1.2000000000000000e+01
9.8999999999999999e-01 2.3448844397932627e+00 2.0000000000000001e-01 1.0000000000000000e+00 3.9690000000000000e+03 2.8421791097876677e-02 1.2252893470327066e-01 2.5243621502359195e-17 -1.6694736590411017e-03 3.0091264756917823e-02 -7.0963171365289049e-03 1.2962525183979845e-01 -1.4827904762181114e-18 2.6726411978577345e-17 7.4771851944737136e+01 20 16 0 -1.2500000000000000e-01 2.0000000000000001e-01 1.0000000000000000e+00 -2.0000000000000000e+00
9.9943765867480960e-01 2.0459904160971818e+00 2.0000000000000001e-01 1.0000000000000000e+00 3.9880000000000000e+03 4.2179774992856432e-02 1.5651092242811424e-01 -1.7647278964447341e-16 -3.1811245616006514e-03 4.5360899554456963e-02 -1.1674459675269288e-02 1.6818538210338396e-01 1.3194409331225265e-17 -1.8966719897569902e-16 1.2911095213890076e+02 20 16 4 -1.2500000000000000e-01 2.0000000000000001e-01 1.0000000000000000e+00 -3.2500000000000000e+00
9.9996837722339826e-01 1.9730950310597808e+00 2.0000000000000001e-01 1.0000000000000000e+00 3.9710000000000000e+03 4.6623926191226100e-02 1.6632325233753847e-01 4.4765335449122206e-16 -3.7101834286706096e-03 5.0334109619896573e-02 -1.3102752986700109e-02 1.7942600532423861e-01 -3.5298656568457462e-17 4.8295201105967993e-16 1.5144004207197577e+02 20 16 8 -1.2500000000000000e-01 2.0000000000000001e-01 1.0000000000000000e+00 -4.5000000000000000e+00
9.9999822172058994e-01 1.9554270876252520e+00 2.0000000000000001e-01 1.0000000000000000e+00 3.9810000000000000e+03 4.7780825245262497e-02 1.6879980238449457e-01 -3.8542032878346057e-16 -3.8497564098191866e-03 5.1630581655081643e-02 -1.3467246898964861e-02 1.8226704928345960e-01 3.0758112812161012e-17 -4.1617844159562469e-16 1.4157996596116573e+02 20 16 12 -1.2500000000000000e-01 2.0000000000000001e-01 1.0000000000000000e+00 -5.7500000000000000e+00
9.9999990000000005e-01 1.9512081462190081e+00 2.0000000000000001e-01 1.0000000000000000e+00 3.9910000000000000e+03 4.8061920099316799e-02 1.6939687079735552e-01 2.1501007745002049e-16 -3.8837623007491793e-03 5.1945682400065855e-02 -1.3555308699264320e-02 1.8295217949661824e-01 -1.7196930522897436e-17 2.3220700797291795e-16 1.4445732940919697e+02 20 16 16 -1.2500000000000000e-01 2.0000000000000001e-01 1.0000000000000000e+00 -7.0000000000000000e+00
9.9999999437658671e-01 1.9502059008055312e+00 2.0000000000000001e-01 1.0000000000000000e+00 4.0010000000000000e+03 4.8128973979512345e-02 1.6953903169160192e-01 -2.3655814288073334e-16 -3.8918793455817910e-03 5.2020853325094048e-02 -1.3576285963745700e-02 1.8311531765534714e-01 1.8951417130720598e-17 -2.5550956001145383e-16 1.4568436631653458e+02 20 16 20 -1.2500000000000000e-01 2.0000000000000001e-01 1.0000000000000000e+00 -8.2500000000000000e+00
9.9999999968377229e-01 1.9499681291331679e+00 2.0000000000000001e-01 1.0000000000000000e+00 3.9750000000000000e+03 4.8144897486061870e-02 1.6957277607722185e-01 -2.2080778152495654e-16 -3.8938072063540254e-03 5.2038704692416074e-02 -1.3581265815045429e-02 1.8315404189226692e-01 1.7651132084828737e-17 -2.3845891360978494e-16 1.5129603928606957e+02 20 16 24 -1.2500000000000000e-01 2.0000000000000001e-01 1.0000000000000000e+00 -9.5000000000000000e+00
9.9999999998221722e-01 1.9499117389525034e+00 2.0000000000000001e-01 1.0000000000000000e+00 3.9850000000000000e+03 4.8148674785419593e-02 1.6958077989337081e-01 -1.7711041264526036e-16 -3.8942645385242679e-03 5.2042939323943771e-02 -1.3582447008069470e-02 1.8316322690144055e-01 1.4235929825046938e-17 -1.9134634247030704e-16 1.5218176855146885e+02 20 16 28 -1.2500000000000000e-01 2.0000000000000001e-01 1.0000000000000000e+00 -1.0750000000000000e+01
9.9999999999900002e-01 1.9498983663559377e+00 2.0000000000000001e-01 1.0000000000000000e+00 3.9770000000000000e+03 4.8149570581607709e-02 1.6958267792703483e-01 1.1807524695328639e-16 -3.8943731210640533e-03 5.2043943702671625e-02 -1.3582727549226369e-02 1.8316540547625970e-01 -9.4908409093339116e-18 1.2756608786261979e-16 1.5311153597384691e+02 20 16 32 -1.2500000000000000e-01 2.0000000000000001e-01 1.0000000000000000e+00 -1.2000000000000000e+01
9.8999999999999999e-01 2.3889628672456582e+00 2.5000000000000000e-01 1.0000000000000000e+00 4.0590000000000000e+03 2.7903285850143445e-02 1.1919665833292803e-01 2.6466974907918911e-16 -1.6210478314060846e-03 2.9524333681549428e-02 -6.7881798521128031e-03 1.2598483818504080e-01 -1.5072787134224471e-17 2.7974253621341448e-16 9.0252764993347228e+01 20 20 0 -1.2500000000000000e-01 2.5000000000000000e-01 1.0000000000000000e+00 -2.0000000000000000e+00
9.9943765867480960e-01 2.0926142546588817e+00 2.5000000000000000e-01 1.0000000000000000e+00 4.0600000000000000e+03 4.1149944989310232e-02 1.5208530208613749e-01 3.8974117553849971e-16 -3.0402005693430821e-03 4.4190145558653186e-02 -1.1058772239297071e-02 1.6314407432543498e-01 -2.8361068109762164e-17 4.1810224364826216e-16 1.3150666645262390e+02 20 20 4 -1.2500000000000000e-01 2.5000000000000000e-01 1.0000000000000000e+00 -3.2500000000000000e+00
9.9996837722339826e-01 2.0220496549183320e+00 2.5000000000000000e-01 1.0000000000000000e+00 4.0520000000000000e+03 4.5340681187523733e-02 1.6146006944438801e-01 -2.2517567762699904e-16 -3.5219189414177985e-03 4.8862600128941898e-02 -1.2358575329891392e-02 1.7381864477427889e-01 1.7246952959297043e-17 -2.4242263058629535e-16 1.5851757190097123e+02 20 20 8 -1.2500000000000000e-01 2.5000000000000000e-01 1.0000000000000000e+00 -4.5000000000000000e+00
9.9999822172058994e-01 2.0051610532458932e+00 2.5000000000000000e-01 1.0000000000000000e+00 4.0620000000000000e+03 4.6419274272268170e-02 1.6380726968063788e-01 4.1040487469762758e-16 -3.6470807821971330e-03 5.0066355054465266e-02 -1.2686037408983034e-02 1.7649330708961999e-01 -3.1795342421372638e-17 4.4220021711900028e-16 1.6392224289476871e+02 20 20 12 -1.2500000000000000e-01 2.5000000000000000e-01 1.0000000000000000e+00 -5.7500000000000000e+00
9.9999990000000005e-01 2.0011439604550976e+00 2.5000000000000000e-01 1.0000000000000000e+00 4.0720000000000000e+03 4.6680407696236402e-02 1.6437168961002013e-01 1.6175896903228421e-16 -3.6774331768516899e-03 5.0357840873087895e-02 -1.2764836818306067e-02 1.7713652642832597e-01 -1.2538707347481877e-17 1.7429767637976527e-16 1.7984407051559538e+02 20 20 16 -1.2500000000000000e-01 2.5000000000000000e-01 1.0000000000000000e+00 -7.0000000000000000e+00
9.9999999437658671e-01 2.0001906170046455e+00 2.5000000000000000e-01 1.0000000000000000e+00 4.0820000000000000e+03 4.6742643032682545e-02 1.6450598770993324e-01 2.4531471763663374e-16 -3.6846695363227234e-03 5.0427312569005053e-02 -1.2783588569189265e-02 1.7728957627912204e-01 -1.9051527122116437e-17 2.6436624475875078e-16 1.7253555677831173e+02 20 20 20 -1.2500000000000000e-01 2.5000000000000000e-01 1.0000000000000000e+00 -8.2500000000000000e+00
9.9999999968377229e-01 1.9999645012031995e+00 2.5000000000000000e-01 1.0000000000000000e+00 4.0560000000000000e+03 4.6757418957564641e-02 1.6453786043969648e-01 4.1765246535901493e-16 -3.6863877350034428e-03 5.0443806692567768e-02 -1.2788039006976474e-02 1.7732589944667179e-01 -3.2437095812401022e-17 4.5008956117141729e-16 1.8355466185323894e+02 20 20 24 -1.2500000000000000e-01 2.5000000000000000e-01 1.0000000000000000e+00 -9.5000000000000000e+00
9.9999999998221722e-01 1.9999108783008350e+00 2.5000000000000000e-01 1.0000000000000000e+00 4.0660000000000000e+03 4.6760923859756415e-02 1.6454542005337500e-01 2.1383114653298268e-16 -3.6867953139076105e-03 5.0447719173664182e-02 -1.2789094600407003e-02 1.7733451465378053e-01 -1.6654646316229371e-17 2.3048579284921042e-16 1.9863461482338607e+02 20 20 28 -1.2500000000000000e-01 2.5000000000000000e-01 1.0000000000000000e+00 -1.0750000000000000e+01
9.9999999999900002e-01 1.9998981619588010e+00 2.5000000000000000e-01 1.0000000000000000e+00 4.0580000000000000e+03 4.6761755175524042e-02 1.6454721320206916e-01 2.9229456757574675e-16 -3.6868919875028810e-03 5.0448647163027022e-02 -1.2789344997371168e-02 1.7733655819943955e-01 -2.2718440457529652e-17 3.1501300803327502e-16 1.9067909609060735e+02 20 20 32 -1.2500000000000000e-01 2.5000000000000000e-01 1.0000000000000000e+00 -1.2000000000000000e+01
9.8999999999999999e-01 2.4351294447144127e+00 3.0000000000000004e-01 1.0000000000000000e+00 4.1760000000000000e+03 2.7471801456207656e-02 1.1586827102868050e-01 -1.5436754678345928e-16 -1.5796164741496035e-03 2.9051417930357246e-02 -6.4963095699076337e-03 1.2236458059858785e-01 8.6548229515250157e-18 -1.6302236973498511e-16 9.2028893266804516e+01 20 24 0 -1.2500000000000000e-01 3.0000000000000004e-01 1.0000000000000000e+00 -2.0000000000000000e+00
9.9943765867480960e-01 2.1404310702037250e+00 3.0000000000000004e-01 1.0000000000000000e+00 4.1590000000000000e+03 4.0301973334667673e-02 1.4777248339094393e-01 2.6547992184051316e-16 -2.9210201432375801e-03 4.3222993477905237e-02 -1.0491923656567851e-02 1.5826440704751157e-01 -1.8902112357316301e-17 2.8438203419782709e-16 1.6536789845023304e+02 20 24 4 -1.2500000000000000e-01 3.0000000000000004e-01 1.0000000000000000e+00 -3.2500000000000000e+00
9.9996837722339826e-01 2.0713955347043704e+00 3.0000000000000004e-01 1.0000000000000000e+00 4.1330000000000000e+03 4.4311460598984512e-02 1.5682109746772968e-01 -7.4177761680541671e-17 -3.3667027445226125e-03 4.7678163343507107e-02 -1.1688527078537113e-02 1.6850962454626606e-01 5.5856071005394767e-18 -7.9763368781081438e-17 1.8222430182527751e+02 20 24 8 -1.2500000000000000e-01 3.0000000000000004e-01 1.0000000000000000e+00 -4.5000000000000000e+00
9.9999822172058994e-01 2.0549964788040347e+00 3.0000000000000004e-01 1.0000000000000000e+00 4.1430000000000000e+03 4.5337383837246788e-02 1.5907951886396818e-01 1.7149176011868359e-16 -3.4814549325235295e-03 4.8818838769770410e-02 -1.1987854290742662e-02 1.7106737315471066e-01 -1.2966468334716703e-17 1.8445822845339899e-16 1.8319196517299861e+02 20 24 12 -1.2500000000000000e-01 3.0000000000000004e-01 1.0000000000000000e+00 -5.7500000000000000e+00
9.9999990000000005e-01 2.0511043717669160e+00 3.0000000000000004e-01 1.0000000000000000e+00 4.1530000000000000e+03 4.5585335784528398e-02 1.5962205847674957e-01 2.8354573529432082e-16 -3.5092102562194324e-03 4.9094546040747582e-02 -1.2059734651695892e-02 1.7168179312844373e-01 -2.1422392129892196e-17 3.0496812742420994e-16 1.9713041314482689e+02 20 24 16 -1.2500000000000000e-01 3.0000000000000004e-01 1.0000000000000000e+00 -7.0000000000000000e+00
9.9999999437658671e-01 2.0501811970155686e+00 3.0000000000000004e-01 1.0000000000000000e+00 4.1630000000000000e+03 4.5644403772625450e-02 1.5975111777910017e-01 2.0776464997615545e-16 -3.5158231267656760e-03 4.9160226899390924e-02 -1.2076831044264288e-02 1.7182794882336389e-01 -1.5749984561356969e-17 2.2351463453751142e-16 1.9506653008144349e+02 20 24 20 -1.2500000000000000e-01 3.0000000000000004e-01 1.0000000000000000e+00 -8.2500000000000000e+00
9.9999999968377229e-01 2.0499622655521437e+00 3.0000000000000004e-01 1.0000000000000000e+00 4.1370000000000000e+03 4.5658426235469972e-02 1.5978174534194434e-01 -2.3821251441583363e-16 -3.5173930385607520e-03 4.9175819274030468e-02 -1.2080888104829185e-02 1.7186263344677258e-01 1.7996454037048815e-17 -2.5620896845288320e-16 2.1215504271630198e+02 20 24 24 -1.2500000000000000e-01 3.0000000000000004e-01 1.0000000000000000e+00 -9.5000000000000000e+00
9.9999999998221722e-01 2.0499103479838583e+00 3.0000000000000004e-01 1.0000000000000000e+00 4.1470000000000000e+03 4.5661752337920816e-02 1.5978900953447250e-01 -1.5206009573183423e-16 -3.5177654203014507e-03 4.9179517758222109e-02 -1.2081850343693806e-02 1.7187085987816547e-01 1.1511939578285155e-17 -1.6357203531011889e-16 2.2759120272379369e+02 20 24 28 -1.2500000000000000e-01 3.0000000000000004e-01 1.0000000000000000e+00 -1.0750000000000000e+01
9.9999999999900002e-01 2.0498980360118146e+00 3.0000000000000004e-01 1.0000000000000000e+00 4.1390000000000000e+03 4.5662541149367762e-02 1.5979073219910439e-01 1.9768159182792546e-16 -3.5178536990907901e-03 4.9180394848458292e-02 -1.2082078430417625e-02 1.7187281062952092e-01 -1.4976042528373964e-17 2.1265763435629970e-16 2.2362201074697077e+02 20 24 32 -1.2500000000000000e-01 3.0000000000000004e-01 1.0000000000000000e+00 -1.2000000000000000e+01
9.8999999999999999e-01 2.4829454117320839e+00 3.5000000000000003e-01 1.0000000000000000e+00 4.2570000000000000e+03 2.7081521503235041e-02 1.1247412668033072e-01 2.3771611874430921e-16 -1.5413360164806661e-03 2.8622857519715796e-02 -6.2151607420727860e-03 1.1868928742240402e-01 -1.3115938421518865e-17 2.5083205716582792e-16 1.0985754055529833e+02 20 28 0 -1.2500000000000000e-01 3.5000000000000003e-01 1.0000000000000000e+00 -2.0000000000000000e+00
9.9943765867480960e-01 2.1890631717526121e+00 3.5000000000000003e-01 1.0000000000000000e+00 4.2220000000000000e+03 3.9571831779911811e-02 1.4349388106716682e-01 1.0437283814588566e-16 -2.8161196531382221e-03 4.2387951433049992e-02 -9.9646384020245903e-03 1.5345851946918956e-01 -7.2630867673976981e-18 1.1163592491328286e-16 2.0011322792805731e+02 20 28 4 -1.2500000000000000e-01 3.5000000000000003e-01 1.0000000000000000e+00 -3.2500000000000000e+00
9.9996837722339826e-01 2.1209897434745821e+00 3.5000000000000003e-01 1.0000000000000000e+00 4.2320000000000000e+03 4.3450749752605440e-02 1.5229563489079190e-01 4.8336839037237872e-17 -3.2333871364629320e-03 4.6684136889068355e-02 -1.1076188938373106e-02 1.6337182382916368e-01 -3.4829036552209348e-18 5.1819742692458654e-17 2.3374976110924035e+02 20 28 8 -1.2500000000000000e-01 3.5000000000000003e-01 1.0000000000000000e+00 -4.5000000000000000e+00
9.9999822172058994e-01 2.1048948526603155e+00 3.5000000000000003e-01 1.0000000000000000e+00 4.2420000000000000e+03 4.4440555928698250e-02 1.5449150706448220e-01 -2.8429983088707960e-16 -3.3402584327738610e-03 4.7780814361471864e-02 -1.1353234959081726e-02 1.6584474202356309e-01 2.0909082932935578e-17 -3.0520891382001390e-16 2.3847658239305019e+02 20 28 12 -1.2500000000000000e-01 3.5000000000000003e-01 1.0000000000000000e+00 -5.7500000000000000e+00
9.9999990000000005e-01 2.1010799557338622e+00 3.5000000000000003e-01 1.0000000000000000e+00 4.2160000000000000e+03 4.4679595005727317e-02 1.5501894230256452e-01 2.8528982141701219e-16 -3.3660707457015705e-03 4.8045665751428906e-02 -1.1419699301948610e-02 1.6643864160451133e-01 -2.1032878807789721e-17 3.0632270022479920e-16 2.4740306617971510e+02 20 28 16 -1.2500000000000000e-01 3.5000000000000003e-01 1.0000000000000000e+00 -7.0000000000000000e+00
9.9999999437658671e-01 2.1001753890703148e+00 3.5000000000000003e-01 1.0000000000000000e+00 4.2260000000000000e+03 4.4736528235789774e-02 1.5514440296123980e-01 -1.0334693298557442e-16 -3.3722185250990278e-03 4.8108746760888499e-02 -1.1435503693324958e-02 1.6657990665456268e-01 7.6175756991092588e-18 -1.1096450868468371e-16 2.5454396933130920e+02 20 28 20 -1.2500000000000000e-01 3.5000000000000003e-01 1.0000000000000000e+00 -8.2500000000000000e+00
9.9999999968377229e-01 2.0999608872644391e+00 3.5000000000000003e-01 1.0000000000000000e+00 4.2360000000000000e+03 4.4750043238638043e-02 1.5517417582764248e-01 1.9873011342602912e-17 -3.3736778999816468e-03 4.8123721138619249e-02 -1.1439253935605785e-02 1.6661342976324758e-01 -1.4982139528914681e-18 2.1371225295494178e-17 2.5610099284444004e+02 20 28 24 -1.2500000000000000e-01 3.5000000000000003e-01 1.0000000000000000e+00 -9.5000000000000000e+00
9.9999999998221722e-01 2.0999100212169068e+00 3.5000000000000003e-01 1.0000000000000000e+00 4.2460000000000000e+03 4.4753248938625374e-02 1.5518123730987923e-01 -4.7246297394381094e-16 -3.3740240559639824e-03 4.8127272994589076e-02 -1.1440143392683299e-02 1.6662138070256247e-01 3.4813925840282928e-17 -5.0727689978409330e-16 2.5529444581270218e+02 20 28 28 -1.2500000000000000e-01 3.5000000000000003e-01 1.0000000000000000e+00 -1.0750000000000000e+01
9.9999999999900002e-01 2.0998979587012041e+00 3.5000000000000003e-01 1.0000000000000000e+00 4.2290000000000000e+03 4.4754009210937862e-02 1.5518291194163883e-01 5.3685653649321889e-17 -3.3741060903052233e-03 4.8128115301243002e-02 -1.1440354184159384e-02 1.6662326612579800e-01 -3.8747965060875261e-18 5.7560450155408813e-17 2.5726585716474801e+02 20 28 32 -1.2500000000000000e-01 3.5000000000000003e-01 1.0000000000000000e+00 -1.2000000000000000e+01
9.8999999999999999e-01 2.5320794449363904e+00 4.0000000000000002e-01 1.0000000000000000e+00 4.2930000000000000e+03 2.6680670207889657e-02 1.0891505592065179e-01 9.6736002249155273e-17 -1.5022345349428464e-03 2.8182904742832575e-02 -5.9369692533001823e-03 1.1485202517395246e-01 -5.2730879692043884e-18 1.0200909021836010e-16 1.5403002246003598e+02 20 32 0 -1.2500000000000000e-01 4.0000000000000002e-01 1.0000000000000000e+00 -2.0000000000000000e+00
9.9943765867480960e-01 2.2382763012578351e+00 4.0000000000000002e-01 1.0000000000000000e+00 4.3120000000000000e+03 3.8883830467767611e-02 1.3912490954680556e-01 -3.5882036828540228e-17 -2.7184607146618508e-03 4.1602291182429453e-02 -9.4645062972054002e-03 1.4858941584400986e-01 2.3922265169729683e-18 -3.8274263345513223e-17 2.4035344948247075e+02 20 32 4 -1.2500000000000000e-01 4.0000000000000002e-01 1.0000000000000000e+00 -3.2500000000000000e+00
9.9996837722339826e-01 2.1707520604326151e+00 4.0000000000000002e-01 1.0000000000000000e+00 4.3220000000000000e+03 4.2666982945718884e-02 1.4773579271062967e-01 2.5295751243422160e-16 -3.1123205271727356e-03 4.5779303472891365e-02 -1.0503946698172071e-02 1.5823973940880201e-01 -1.7967683576137479e-17 2.7092519601035646e-16 2.6315065854229033e+02 20 32 8 -1.2500000000000000e-01 4.0000000000000002e-01 1.0000000000000000e+00 -4.5000000000000000e+00
9.9999822172058994e-01 2.1548352082689739e+00 4.0000000000000002e-01 1.0000000000000000e+00 4.2960000000000000e+03 4.3631730047513695e-02 1.4988700834823937e-01 2.2875418009426602e-16 -3.2128290398606182e-03 4.6844559087374206e-02 -1.0762510374638516e-02 1.6064951872287708e-01 -1.6478718249371396e-17 2.4523289834363686e-16 2.5700589056406170e+02 20 32 12 -1.2500000000000000e-01 4.0000000000000002e-01 1.0000000000000000e+00 -5.7500000000000000e+00
9.9999990000000005e-01 2.1510656210093515e+00 4.0000000000000002e-01 1.0000000000000000e+00 4.3060000000000000e+03 4.3864675514535344e-02 1.5040389725025402e-01 -5.3851861341562669e-16 -3.2370831962305773e-03 4.7101758710765662e-02 -1.0824512714538650e-02 1.6122840996479165e-01 3.8703588458247701e-17 -5.7722220187387414e-16 2.6738208485674113e+02 20 32 16 -1.2500000000000000e-01 4.0000000000000002e-01 1.0000000000000000e+00 -7.0000000000000000e+00
9.9999999437658671e-01 2.1501719789566822e+00 4.0000000000000002e-01 1.0000000000000000e+00 4.3160000000000000e+03 4.3920154523401950e-02 1.5052685743252331e-01 3.6766044248132146e-16 -3.2428586559429093e-03 4.7163013179344848e-02 -1.0839254535702314e-02 1.6136611196822603e-01 -2.6474777901680847e-17 3.9413522038300302e-16 2.8002237514127046e+02 20 32 20 -1.2500000000000000e-01 4.0000000000000002e-01 1.0000000000000000e+00 -8.2500000000000000e+00
9.9999999968377229e-01 2.1499600779653547e+00 4.0000000000000002e-01 1.0000000000000000e+00 4.3260000000000000e+03 4.3933324218169242e-02 1.5055603784942143e-01 2.1033609327918510e-16 -3.2442295809601267e-03 4.7177553799129218e-02 -1.0842752553348038e-02 1.6139879040276925e-01 -1.5165811917638762e-17 2.2550190519682259e-16 2.8089881591405720e+02 20 32 24 -1.2500000000000000e-01 4.0000000000000002e-01 1.0000000000000000e+00 -9.5000000000000000e+00
9.9999999998221722e-01 2.1499098291131231e+00 4.0000000000000002e-01 1.0000000000000000e+00 4.3000000000000000e+03 4.3936448013657439e-02 1.5056295887314783e-01 6.1271673193988686e-17 -3.2445547529839354e-03 4.7181002766641431e-02 -1.0843582176695721e-02 1.6140654104984348e-01 -4.3415332480537768e-18 6.5613206442042416e-17 2.7530413489602506e+02 20 32 28 -1.2500000000000000e-01 4.0000000000000002e-01 1.0000000000000000e+00 -1.0750000000000000e+01
9.9999999999900002e-01 2.1498979134104328e+00 4.0000000000000002e-01 1.0000000000000000e+00 4.3460000000000000e+03 4.3937188848886193e-02 1.5056460029159016e-01 1.2397221301029774e-16 -3.2446317359051272e-03 4.7181820584791347e-02 -1.0843778427830807e-02 1.6140837871942118e-01 -8.9107570156828227e-18 1.3288297002597994e-16 2.8923364444449544e+02 20 32 32 -1.2500000000000000e-01 4.0000000000000002e-01 1.0000000000000000e+00 -1.2000000000000000e+01
9.8999999999999999e-01 2.6092799227491299e+00 0.0000000000000000e+00 1.0000000000000000e+00 4.0500000000000000e+02 1.7883322619710037e-02 9.3079818306652989e-02 0.0000000000000000e+00 -8.5483570151000143e-04 1.8738158321220041e-02 -4.4492823548849736e-03 9.7529100661538110e-02 0.0000000000000000e+00 0.0000000000000000e+00 0.0000000000000000e+00 22 0 0 6.2500000000000000e-02 0.0000000000000000e+00 1.0000000000000000e+00 -2.0000000000000000e+00
9.9943765867480960e-01 2.3013734298660165e+00 0.0000000000000000e+00 1.0000000000000000e+00 4.0600000000000000e+02 2.7010162038614206e-02 1.2129413474346180e-01 0.0000000000000000e+00 -1.6588240182343751e-03 2.8668986056848565e-02 -7.4492564574682694e-03 1.2874339120093020e-01 0.0000000000000000e+00 0.0000000000000000e+00 0.0000000000000000e+00 22 0 4 6.2500000000000000e-02 0.0000000000000000e+00 1.0000000000000000e+00 -3.2500000000000000e+00
9.9996837722339826e-01 2.2072149172024131e+00 0.0000000000000000e+00 1.0000000000000000e+00 4.0700000000000000e+02 3.0845930637738068e-02 1.3199470470724067e-01 0.0000000000000000e+00 -2.0300070655064019e-03 3.2875937703244457e-02 -8.6867271508841888e-03 1.4068143185812490e-01 0.0000000000000000e+00 0.0000000000000000e+00 0.0000000000000000e+00 22 0 8 6.2500000000000000e-02 0.0000000000000000e+00 1.0000000000000000e+00 -4.5000000000000000e+00
9.9999822172058994e-01 2.1743390926769579e+00 0.0000000000000000e+00 1.0000000000000000e+00 4.0800000000000000e+02 3.2326255907158423e-02 1.3597071205317865e-01 0.0000000000000000e+00 -2.1782658115161247e-03 3.4504521718674540e-02 -9.1622226305322161e-03 1.4513293468371097e-01 0.0000000000000000e+00 0.0000000000000000e+00 0.0000000000000000e+00 22 0 12 6.2500000000000000e-02 0.0000000000000000e+00 1.0000000000000000e+00 -5.7500000000000000e+00
9.9999990000000005e-01 2.1621976439274180e+00 0.0000000000000000e+00 1.0000000000000000e+00 4.0900000000000000e+02 3.2891834533872712e-02 1.3746762784737585e-01 0.0000000000000000e+00 -2.2357566060791758e-03 3.5127591139951855e-02 -9.3440868056567285e-03 1.4681171465303261e-01 0.0000000000000000e+00 0.0000000000000000e+00 0.0000000000000000e+00 22 0 16 6.2500000000000000e-02 0.0000000000000000e+00 1.0000000000000000e+00 -7.0000000000000000e+00
9.9999999437658671e-01 2.1576118049759394e+00 0.0000000000000000e+00 1.0000000000000000e+00 4.1000000000000000e+02 3.3108087529031272e-02 1.3803673101111316e-01 0.0000000000000000e+00 -2.2578730054288055e-03 3.5365960534460061e-02 -9.4136941142957363e-03 1.4745042512540890e-01 0.0000000000000000e+00 0.0000000000000000e+00 0.0000000000000000e+00 22 0 20 6.2500000000000000e-02 0.0000000000000000e+00 1.0000000000000000e+00 -8.2500000000000000e+00
9.9999999968377229e-01 2.1558644921308971e+00 0.0000000000000000e+00 1.0000000000000000e+00 4.1100000000000000e+02 3.3190862970894783e-02 1.3825408941638220e-01 0.0000000000000000e+00 -2.2663589260094128e-03 3.5457221896904277e-02 -9.4403507941593478e-03 1.4769444021054151e-01 0.0000000000000000e+00 0.0000000000000000e+00 0.0000000000000000e+00 22 0 24 6.2500000000000000e-02 0.0000000000000000e+00 1.0000000000000000e+00 -9.5000000000000000e+00
9.9999999998221722e-01 2.1551964708212905e+00 0.0000000000000000e+00 1.0000000000000000e+00 4.1200000000000000e+02 3.3222564105312366e-02 1.3833726259452567e-01 0.0000000000000000e+00 -2.2696118820987321e-03 3.5492175987411084e-02 -9.4505617906639455e-03 1.4778782438518953e-01 0.0000000000000000e+00 0.0000000000000000e+00 0.0000000000000000e+00 22 0 28 6.2500000000000000e-02 0.0000000000000000e+00 1.0000000000000000e+00 -1.0750000000000000e+01
9.9999999999900002e-01 2.1549407354907091e+00 0.0000000000000000e+00 1.0000000000000000e+00 4.1300000000000000e+02 3.3234708205012405e-02 1.3836911445174585e-01 0.0000000000000000e+00 -2.2708584391200022e-03 3.5505566644132409e-02 -9.4544735981439889e-03 1.4782358804988968e-01 0.0000000000000000e+00 0.0000000000000000e+00 0.0000000000000000e+00 22 0 32 6.2500000000000000e-02 0.0000000000000000e+00 1.0000000000000000e+00 -1.2000000000000000e+01
9.8999999999999999e-01 2.6369429264206059e+00 5.0000000000000003e-02 1.0000000000000000e+00 4.1400000000000000e+02 1.7311245835132761e-02 9.0884535911885209e-02 -1.8642873373460514e-16 -8.1584829435580241e-04 1.8127094129488541e-02 -4.2773284854589659e-03 9.5161864397344351e-02 8.7729582880872046e-18 -1.9520169202269265e-16 2.5315160231664777e+01 22 4 0 6.2500000000000000e-02 5.0000000000000003e-02 1.0000000000000000e+00 -2.0000000000000000e+00
9.9943765867480960e-01 2.3278780066134166e+00 5.0000000000000003e-02 1.0000000000000000e+00 4.1500000000000000e+02 2.6154513419033541e-02 1.1856694104915161e-01 3.1592579498913877e-16 -1.5810577092499520e-03 2.7735571128283530e-02 -7.1592887280574674e-03 1.2572622977720918e-01 -1.9076177245989024e-17 3.3500197223512783e-16 2.7646706808358431e+01 22 4 4 6.2500000000000000e-02 5.0000000000000003e-02 1.0000000000000000e+00 -3.2500000000000000e+00
9.9996837722339826e-01 2.2390981726091508e+00 5.0000000000000003e-02 1.0000000000000000e+00 4.1600000000000000e+02 2.9634012780346924e-02 1.2842428907824721e-01 5.7031841062314830e-17 -1.9111107494769696e-03 3.1545123529823832e-02 -8.2733822110364480e-03 1.3669767128928392e-01 -3.6741197688867402e-18 6.0705960831201688e-17 2.9553783518262208e+01 22 4 8 6.2500000000000000e-02 5.0000000000000003e-02 1.0000000000000000e+00 -4.5000000000000000e+00
9.9999822172058994e-01 2.2135696985113773e+00 5.0000000000000003e-02 1.0000000000000000e+00 4.1700000000000000e+02 3.0730457068771793e-02 1.3142997213021798e-01 -4.4646246319439039e-16 -2.0181602458270919e-03 3.2748617314598653e-02 -8.6224793092981328e-03 1.4005245143951581e-01 2.9288835403937574e-17 -4.7575129859832646e-16 2.6866495748981833e+01 22 4 12 6.2500000000000000e-02 5.0000000000000003e-02 1.0000000000000000e+00 -5.7500000000000000e+00
9.9999990000000005e-01 2.2069164459200152e+00 5.0000000000000003e-02 1.0000000000000000e+00 4.1800000000000000e+02 3.1023512468277854e-02 1.3222541636714344e-01 1.5368830526085636e-16 -2.0470380990079244e-03 3.3070550567285598e-02 -8.7157308063093974e-03 1.4094114717345291e-01 -1.0130938783560210e-17 1.6381924404441621e-16 2.7306498800404370e+01 22 4 16 6.2500000000000000e-02 5.0000000000000003e-02 1.0000000000000000e+00 -7.0000000000000000e+00
9.9999999437658671e-01 2.2052912734215102e+00 5.0000000000000003e-02 1.0000000000000000e+00 4.1900000000000000e+02 3.1095557277147103e-02 1.3242045990686804e-01 -7.4400544650978956e-17 -2.0541552653377242e-03 3.3149712542484777e-02 -8.7386551925994534e-03 1.4115911509946785e-01 4.9088855307572887e-18 -7.9309430181736277e-17 2.8663412841968238e+01 22 4 20 6.2500000000000000e-02 5.0000000000000003e-02 1.0000000000000000e+00 -8.2500000000000000e+00
9.9999999968377229e-01 2.2049029362376937e+00 5.0000000000000003e-02 1.0000000000000000e+00 4.2000000000000000e+02 3.1112799291683844e-02 1.3246710865587966e-01 9.6929139547722770e-17 -2.0558596254981647e-03 3.3168658917181931e-02 -8.7441415525787887e-03 1.4121125020845821e-01 -6.3968802108284271e-18 1.0332601975855128e-16 3.0041788470000029e+01 22 4 24 6.2500000000000000e-02 5.0000000000000003e-02 1.0000000000000000e+00 -9.5000000000000000e+00
9.9999999998221722e-01 2.2048106769706552e+00 5.0000000000000003e-02 1.0000000000000000e+00 4.2100000000000000e+02 3.1116897106067732e-02 1.3247819374706754e-01 -6.5741475507908195e-17 -2.0562647445445826e-03 3.3173161850612254e-02 -8.7454454397981989e-03 1.4122363918686553e-01 4.3403404479704904e-18 -7.0081815955878527e-17 3.0174267820082605e+01 22 4 28 6.2500000000000000e-02 5.0000000000000003e-02 1.0000000000000000e+00 -1.0750000000000000e+01
9.9999999999900002e-01 2.2047887884327859e+00 5.0000000000000003e-02 1.0000000000000000e+00 4.2200000000000000e+02 3.1117869607144549e-02 1.3248082469071534e-01 -1.8340946933458064e-16 -2.0563609327002635e-03 3.3174230539844675e-02 -8.7457550773526720e-03 1.4122657976806807e-01 1.2108290236415850e-17 -1.9551775957099656e-16 2.9088200462982059e+01 22 4 32 6.2500000000000000e-02 5.0000000000000003e-02 1.0000000000000000e+00 -1.2000000000000000e+01
9.8999999999999999e-01 2.6704135476692361e+00 1.0000000000000001e-01 1.0000000000000000e+00 4.2300000000000000e+02 1.6815756522121059e-02 8.8548975898644564e-02 2.4388252685981909e-17 -7.8361033354188976e-04 1.7599366855662844e-02 -4.1043244578508886e-03 9.2653300356495216e-02 -1.1267004177493620e-18 2.5514953103731234e-17 3.6350503600202501e+01 22 8 0 6.2500000000000000e-02 1.0000000000000001e-01 1.0000000000000000e+00 -2.0000000000000000e+00
9.9943765867480960e-01 2.3643247204156514e+00 1.0000000000000001e-01 1.0000000000000000e+00 4.2400000000000000e+02 2.5242796005146808e-02 1.1518741248663873e-01 -3.9943433663532598e-17 -1.4996809366161238e-03 2.6742476941762926e-02 -6.8127456936798621e-03 1.2200015818031856e-01 2.3594747298466489e-18 -4.2302908393379261e-17 3.9848820326849818e+01 22 8 4 6.2500000000000000e-02 1.0000000000000001e-01 1.0000000000000000e+00 -3.2500000000000000e+00
9.9996837722339826e-01 2.2827562500724841e+00 1.0000000000000001e-01 1.0000000000000000e+00 4.2500000000000000e+02 2.8297660175279422e-02 1.2397367634371702e-01 3.0280454583328800e-16 -1.7824679197082057e-03 3.0080128094987703e-02 -7.7763819208253055e-03 1.3175005826454214e-01 -1.8993740164913871e-17 3.2179828599820165e-16 4.1491280414164066e+01 22 8 8 6.2500000000000000e-02 1.0000000000000001e-01 1.0000000000000000e+00 -4.5000000000000000e+00
9.9999822172058994e-01 2.2615964859299114e+00 1.0000000000000001e-01 1.0000000000000000e+00 4.2600000000000000e+02 2.9159798443713362e-02 1.2638458771718181e-01 3.7993267002558908e-16 -1.8641175691028818e-03 3.1023916012816215e-02 -8.0462324646541957e-03 1.3443082018183625e-01 -2.4184880624157042e-17 4.0411755064974631e-16 4.2142445544712245e+01 22 8 12 6.2500000000000000e-02 1.0000000000000001e-01 1.0000000000000000e+00 -5.7500000000000000e+00
9.9999990000000005e-01 2.2564097359201827e+00 1.0000000000000001e-01 1.0000000000000000e+00 4.2700000000000000e+02 2.9375724120281426e-02 1.2698386476241375e-01 -3.1226210076958655e-16 -1.8846954326915365e-03 3.1260419552973033e-02 -8.1136996768616503e-03 1.3509756443927520e-01 1.9945293059725149e-17 -3.3220739382931109e-16 4.2740073311142623e+01 22 8 16 6.2500000000000000e-02 1.0000000000000001e-01 1.0000000000000000e+00 -7.0000000000000000e+00
9.9999999437658671e-01 2.2551686734131282e+00 1.0000000000000001e-01 1.0000000000000000e+00 4.2800000000000000e+02 2.9427660871357970e-02 1.2712774005741653e-01 -1.7799344171628173e-16 -1.8896528111850676e-03 3.1317313682543139e-02 -8.1299212420868697e-03 1.3525766129950334e-01 1.1377674416180401e-17 -1.8937111613246222e-16 4.3280465621501207e+01 22 8 20 6.2500000000000000e-02 1.0000000000000001e-01 1.0000000000000000e+00 -8.2500000000000000e+00
9.9999999968377229e-01 2.2548737220813764e+00 1.0000000000000001e-01 1.0000000000000000e+00 4.2900000000000000e+02 2.9440019603161314e-02 1.2716196089345058e-01 -2.9543026872432361e-16 -1.8908329014182771e-03 3.1330852504579620e-02 -8.1337809296195239e-03 1.3529574182306989e-01 1.8900320219790500e-17 -3.1433058894411359e-16 4.3519978079013526e+01 22 8 24 6.2500000000000000e-02 1.0000000000000001e-01 1.0000000000000000e+00 -9.5000000000000000e+00
9.9999999998221722e-01 2.2548037412665525e+00 1.0000000000000001e-01 1.0000000000000000e+00 4.3000000000000000e+02 2.9442952745125286e-02 1.2717008179697176e-01 -2.2589944456714007e-16 -1.8911129996877023e-03 3.1334065744812990e-02 -8.1346969367166178e-03 1.3530477873368857e-01 1.4450124539984830e-17 -2.4034956910712525e-16 4.2983084769919515e+01 22 8 28 6.2500000000000000e-02 1.0000000000000001e-01 1.0000000000000000e+00 -1.0750000000000000e+01
9.9999999999900002e-01 2.2547871444180476e+00 1.0000000000000001e-01 1.0000000000000000e+00 4.3100000000000000e+02 2.9443648595015012e-02 1.2717200863242994e-01 -3.3885430097172492e-16 -1.8911794102966519e-03 3.1334828005311718e-02 -8.1349140827535020e-03 1.3530692271518310e-01 2.1675765403248898e-17 -3.6053006637497529e-16 4.7902753557078540e+01 22 8 32 6.2500000000000000e-02 1.0000000000000001e-01 1.0000000000000000e+00 -1.2000000000000000e+01
9.8999999999999999e-01 2.7083666297391575e+00 1.5000000000000002e-01 1.0000000000000000e+00 4.3200000000000000e+02 1.6407839586384063e-02 8.6163145807106351e-02 -2.9882644220012490e-16 -7.5843793665312143e-04 1.7166277523037187e-02 -3.9377803082399901e-03 9.0100926115346550e-02 1.3652991861186893e-17 -3.1247943406131198e-16 4.6936235586181283e+01 22 12 0 6.2500000000000000e-02 1.5000000000000002e-01 1.0000000000000000e+00 -2.0000000000000000e+00
9.9943765867480960e-01 2.4060927002944381e+00 1.5000000000000002e-01 1.0000000000000000e+00 4.3300000000000000e+02 2.4426943617260978e-02 1.1165372168487310e-01 1.4875263911956200e-16 -1.4284282105018079e-03 2.5855371827762787e-02 -6.4666727705870140e-03 1.1812039445545996e-01 -8.6153388031466514e-18 1.5736797792270887e-16 5.4507480359636247e+01 22 12 4 6.2500000000000000e-02 1.5000000000000002e-01 1.0000000000000000e+00 -3.2500000000000000e+00
9.9996837722339826e-01 2.3297029986406042e+00 1.5000000000000002e-01 1.0000000000000000e+00 4.3400000000000000e+02 2.7168784085405819e-02 1.1962636223634336e-01 -2.2456447058817551e-16 -1.6761615368084007e-03 2.8844945622214131e-02 -7.3134336932878692e-03 1.2693979592963059e-01 1.3735633213034449e-17 -2.3830010380120898e-16 5.1894027361646295e+01 22 12 8 6.2500000000000000e-02 1.5000000000000002e-01 1.0000000000000000e+00 -4.5000000000000000e+00
9.9999822172058994e-01 2.3107626454870722e+00 1.5000000000000002e-01 1.0000000000000000e+00 4.3500000000000000e+02 2.7905251021766896e-02 1.2171546595375092e-01 -2.4099494216158222e-16 -1.7439229656188559e-03 2.9649173987385681e-02 -7.5386848391689083e-03 1.2925415079291955e-01 1.4940309117822719e-17 -2.5593525127940567e-16 5.8604461899958551e+01 22 12 12 6.2500000000000000e-02 1.5000000000000002e-01 1.0000000000000000e+00 -5.7500000000000000e+00
9.9999990000000005e-01 2.3062046075957201e+00 1.5000000000000002e-01 1.0000000000000000e+00 4.3600000000000000e+02 2.8086036832966378e-02 1.2222506387918015e-01 4.8042479089492642e-17 -1.7606325585079786e-03 2.9846669391474356e-02 -7.5938412759481580e-03 1.2981890515512826e-01 -2.9814040110905579e-18 5.1023883100583318e-17 5.3819103235378861e+01 22 12 16 6.2500000000000000e-02 1.5000000000000002e-01 1.0000000000000000e+00 -7.0000000000000000e+00
9.9999999437658671e-01 2.3051195941483327e+00 1.5000000000000002e-01 1.0000000000000000e+00 4.3700000000000000e+02 2.8129277579625456e-02 1.2234676407997989e-01 1.8173649634495374e-16 -1.7646335969713255e-03 2.9893911176596694e-02 -7.6070258316516233e-03 1.2995378991163176e-01 -1.1310076382292414e-17 1.9304657272724628e-16 5.3601853244937956e+01 22 12 20 6.2500000000000000e-02 1.5000000000000002e-01 1.0000000000000000e+00 -8.2500000000000000e+00
9.9999999968377229e-01 2.3048620587794559e+00 1.5000000000000002e-01 1.0000000000000000e+00 4.3800000000000000e+02 2.8139552721912476e-02 1.2237567269662959e-01 2.1113462730396123e-16 -1.7655845989453850e-03 2.9905137320857915e-02 -7.6101583850150386e-03 1.2998583108164430e-01 -1.3126318361406096e-17 2.2426094566536700e-16 5.7389020490460098e+01 22 12 24 6.2500000000000000e-02 1.5000000000000002e-01 1.0000000000000000e+00 -9.5000000000000000e+00
9.9999999998221722e-01 2.3048009739744337e+00 1.5000000000000002e-01 1.0000000000000000e+00 4.3900000000000000e+02 2.8141990540334141e-02 1.2238253078991913e-01 -6.9025587754254236e-17 -1.7658102429962165e-03 2.9907800783330371e-02 -7.6109015743912574e-03 1.2999343236430982e-01 4.2857016240696676e-18 -7.3311289378323783e-17 5.3315846206620336e+01 22 12 28 6.2500000000000000e-02 1.5000000000000002e-01 1.0000000000000000e+00 -1.0750000000000000e+01
9.9999999999900002e-01 2.3047864880424322e+00 1.5000000000000002e-01 1.0000000000000000e+00 4.4000000000000000e+02 2.8142568830764918e-02 1.2238415795144361e-01 -2.6549851443650640e-16 -1.7658636794687125e-03 2.9908432510233708e-02 -7.6110774963889976e-03 1.2999523544783220e-01 1.6507886454335748e-17 -2.8200640089084068e-16 5.8302673189900815e+01 22 12 32 6.2500000000000000e-02 1.5000000000000002e-01 1.0000000000000000e+00 -1.2000000000000000e+01
9.8999999999999999e-01 2.7497722151502648e+00 2.0000000000000001e-01 1.0000000000000000e+00 4.4100000000000000e+02 1.6082735814104063e-02 8.3770027198555239e-02 1.3452112187107235e-16 -7.3947781957106097e-04 1.6822213633675153e-02 -3.7808599277077319e-03 8.7550887126262911e-02 -6.0593681502080131e-18 1.4058049002127996e-16 5.3128490229137242e+01 22 16 0 6.2500000000000000e-02 2.0000000000000001e-01 1.0000000000000000e+00 -2.0000000000000000e+00
9.9943765867480960e-01 2.4508781914541844e+00 2.0000000000000001e-01 1.0000000000000000e+00 4.4200000000000000e+02 2.3749536437339850e-02 1.0816581013806022e-01 -1.0661745118476967e-16 -1.3704142797617521e-03 2.5119950717101568e-02 -6.1429098849542793e-03 1.1430872002301422e-01 6.0645861886456076e-18 -1.1268203737341471e-16 6.8022325082682073e+01 22 16 4 6.2500000000000000e-02 2.0000000000000001e-01 1.0000000000000000e+00 -3.2500000000000000e+00
9.9996837722339826e-01 2.3779828064167834e+00 2.0000000000000001e-01 1.0000000000000000e+00 4.4300000000000000e+02 2.6270428312940131e-02 1.1554006093085527e-01 3.0786056618886977e-16 -1.5930845719148183e-03 2.7863512884854828e-02 -6.9013560549047726e-03 1.2244141698575968e-01 -1.8388906543899644e-17 3.2624947273276832e-16 6.3028682145290077e+01 22 16 8 6.2500000000000000e-02 2.0000000000000001e-01 1.0000000000000000e+00 -4.5000000000000000e+00
9.9999822172058994e-01 2.3603148629822543e+00 2.0000000000000001e-01 1.0000000000000000e+00 4.4400000000000000e+02 2.6930787941170823e-02 1.1742914205856834e-01 -1.8036638940534957e-16 -1.6522654349385533e-03 2.8583053376109373e-02 -7.0978030475537125e-03 1.2452694510612163e-01 1.0923679744107280e-17 -1.9129006914945657e-16 7.2884076105430722e+01 22 16 12 6.2500000000000000e-02 2.0000000000000001e-01 1.0000000000000000e+00 -5.7500000000000000e+00
9.9999990000000005e-01 2.3560959215760104e+00 2.0000000000000001e-01 1.0000000000000000e+00 4.4500000000000000e+02 2.7091505891757843e-02 1.1788636623301217e-01 1.3299409880730253e-16 -1.6667175926463646e-03 2.8758223484404204e-02 -7.1454699497633389e-03 1.2503183618277539e-01 -8.0393357144702078e-18 1.4103343452177272e-16 6.6193843828514218e+01 22 16 16 6.2500000000000000e-02 2.0000000000000001e-01 1.0000000000000000e+00 -7.0000000000000000e+00
9.9999999437658671e-01 2.3550936761625336e+00 2.0000000000000001e-01 1.0000000000000000e+00 4.4600000000000000e+02 2.7129860068088464e-02 1.1799533438381482e-01 -1.1684898774598433e-16 -1.6701692606482170e-03 2.8800029328736623e-02 -7.1568369508551713e-03 1.2515217133466933e-01 7.0982522803391120e-18 -1.2394724002632402e-16 6.6638342264108360e+01 22 16 20 6.2500000000000000e-02 2.0000000000000001e-01 1.0000000000000000e+00 -8.2500000000000000e+00
9.9999999968377229e-01 2.3548559044901705e+00 2.0000000000000001e-01 1.0000000000000000e+00 4.4700000000000000e+02 2.7138969026355039e-02 1.1802120567832004e-01 -1.2052123311059331e-17 -1.6709891734619628e-03 2.8809958199816989e-02 -7.1595360933127059e-03 1.2518074177163227e-01 7.4206826171073227e-19 -1.2794191572770059e-17 6.7407810798846185e+01 22 16 24 6.2500000000000000e-02 2.0000000000000001e-01 1.0000000000000000e+00 -9.5000000000000000e+00
9.9999999998221722e-01 2.3547995143095060e+00 2.0000000000000001e-01 1.0000000000000000e+00 4.4800000000000000e+02 2.7141129863429585e-02 1.1802734241760712e-01 -2.8308503403960940e-17 -1.6711836778067993e-03 2.8812313541236288e-02 -7.1601763396099347e-03 1.2518751875721681e-01 1.6954477750614040e-18 -3.0003951179022417e-17 7.5088595097884536e+01 22 16 28 6.2500000000000000e-02 2.0000000000000001e-01 1.0000000000000000e+00 -1.0750000000000000e+01
9.9999999999900002e-01 2.3547861417129399e+00 2.0000000000000001e-01 1.0000000000000000e+00 4.4900000000000000e+02 2.7141642189942940e-02 1.1802879715001270e-01 3.2654520202957826e-16 -1.6712298712855563e-03 2.8812872061228473e-02 -7.1603284765562837e-03 1.2518912562656842e-01 -1.9821122845541752e-17 3.4636632487512082e-16 7.4090528059750795e+01 22 16 32 6.2500000000000000e-02 2.0000000000000001e-01 1.0000000000000000e+00 -1.2000000000000000e+01
9.8999999999999999e-01 2.7938506426026608e+00 2.5000000000000000e-01 1.0000000000000000e+00 4.5000000000000000e+02 1.5824499522277196e-02 8.1373889885374695e-02 -4.3164755950742776e-17 -7.2518277136328238e-04 1.6549682293640559e-02 -3.6334499374874327e-03 8.5007339822861849e-02 1.9356217557001511e-18 -4.5100377706442922e-17 5.3888280664570630e+01 22 20 0 6.2500000000000000e-02 2.5000000000000000e-01 1.0000000000000000e+00 -2.0000000000000000e+00
9.9943765867480960e-01 2.4975020300158843e+00 2.5000000000000000e-01 1.0000000000000000e+00 4.5100000000000000e+02 2.3202024368495642e-02 1.0477410574107916e-01 -9.3058099662605509e-17 -1.3241264359936304e-03 2.4526150804489253e-02 -5.8462146566025794e-03 1.1062032039768172e-01 5.1924816949289892e-18 -9.8250581357534474e-17 8.8772799263708293e+01 22 20 4 6.2500000000000000e-02 2.5000000000000000e-01 1.0000000000000000e+00 -3.2500000000000000e+00
9.9996837722339826e-01 2.4269374302753346e+00 2.5000000000000000e-01 1.0000000000000000e+00 4.5200000000000000e+02 2.5566246213927776e-02 1.1169940941670073e-01 0.0000000000000000e+00 -1.5286408817363349e-03 2.7094887095664051e-02 -6.5365953736642749e-03 1.1823600479036478e-01 0.0000000000000000e+00 0.0000000000000000e+00 7.3557135091163218e+01 22 20 8 6.2500000000000000e-02 2.5000000000000000e-01 1.0000000000000000e+00 -4.5000000000000000e+00
9.9999822172058994e-01 2.4100488286028954e+00 2.5000000000000000e-01 1.0000000000000000e+00 4.5300000000000000e+02 2.6177106409972745e-02 1.1345254694012373e-01 5.0383051926116687e-17 -1.5820935406489743e-03 2.7759199950621576e-02 -6.7127305906020665e-03 1.2016527753072551e-01 -2.9810512239168159e-18 5.3364103150033373e-17 8.3104883551597595e+01 22 20 12 6.2500000000000000e-02 2.5000000000000000e-01 1.0000000000000000e+00 -5.7500000000000000e+00
9.9999990000000005e-01 2.4060317358120997e+00 2.5000000000000000e-01 1.0000000000000000e+00 4.5400000000000000e+02 2.6325140491016169e-02 1.1387528277515352e-01 2.7623534342504554e-16 -1.5950796906404803e-03 2.7920220181656505e-02 -6.7552687554317077e-03 1.2063055153058541e-01 -1.6416425178551218e-17 2.9265176860359665e-16 7.8271507512778044e+01 22 20 16 6.2500000000000000e-02 2.5000000000000000e-01 1.0000000000000000e+00 -7.0000000000000000e+00
9.9999999437658671e-01 2.4050783923616481e+00 2.5000000000000000e-01 1.0000000000000000e+00 4.5500000000000000e+02 2.6360429590306059e-02 1.1397593692147620e-01 -2.0246193507751578e-16 -1.5981771576583609e-03 2.7958606747964437e-02 -6.7654005838468810e-03 1.2074133750532340e-01 1.2017765598398855e-17 -2.1447970067591519e-16 1.0694457611348480e+02 22 20 20 6.2500000000000000e-02 2.5000000000000000e-01 1.0000000000000000e+00 -8.2500000000000000e+00
9.9999999968377229e-01 2.4048522765602018e+00 2.5000000000000000e-01 1.0000000000000000e+00 4.5600000000000000e+02 2.6368808270160370e-02 1.1399982834558312e-01 -6.2336196922416494e-17 -1.5989127001200755e-03 2.7967720970280489e-02 -6.7678057339567209e-03 1.2076763407954008e-01 3.7155693784271236e-18 -6.6051766300843760e-17 1.4343803973682225e+02 22 20 24 6.2500000000000000e-02 2.5000000000000000e-01 1.0000000000000000e+00 -9.5000000000000000e+00
9.9999999998221722e-01 2.4047986536578376e+00 2.5000000000000000e-01 1.0000000000000000e+00 4.5700000000000000e+02 2.6370795757972094e-02 1.1400549519547218e-01 -1.1675287328594042e-16 -1.5990871850851145e-03 2.7969882943057255e-02 -6.7683762357712684e-03 1.2077387143124310e-01 6.8868764700173805e-18 -1.2363974975595870e-16 1.4845989590138197e+02 22 20 28 6.2500000000000000e-02 2.5000000000000000e-01 1.0000000000000000e+00 -1.0750000000000000e+01
9.9999999999900002e-01 2.4047859373158031e+00 2.5000000000000000e-01 1.0000000000000000e+00 4.5800000000000000e+02 2.6371267237366356e-02 1.1400683976149179e-01 1.5188762216155079e-16 -1.5991285529491435e-03 2.7970395790315423e-02 -6.7685114586318240e-03 1.2077535122012396e-01 -9.0174687165746979e-18 1.6090509087812617e-16 1.5443514882214367e+02 22 20 32 6.2500000000000000e-02 2.5000000000000000e-01 1.0000000000000000e+00 -1.2000000000000000e+01
9.8999999999999999e-01 2.8400172200714149e+00 3.0000000000000004e-01 1.0000000000000000e+00 4.5900000000000000e+02 1.5609723546855383e-02 7.8948550103212473e-02 -1.3330868714067406e-16 -7.1367058947200248e-04 1.6323394136327246e-02 -3.4931848797094900e-03 8.2441734982921830e-02 5.8882094441896463e-18 -1.3919689658486294e-16 7.6215824912302196e+01 22 24 0 6.2500000000000000e-02 3.0000000000000004e-01 1.0000000000000000e+00 -2.0000000000000000e+00
9.9943765867480960e-01 2.5453188455607272e+00 3.0000000000000004e-01 1.0000000000000000e+00 4.6000000000000000e+02 2.2752941791198810e-02 1.0145306334867291e-01 -1.2505829627632384e-16 -1.2863341583142637e-03 2.4039275949512977e-02 -5.5734690013160820e-03 1.0702653234998923e-01 6.8541052147859369e-18 -1.3191240149110949e-16 8.9890156612731516e+01 22 24 4 6.2500000000000000e-02 3.0000000000000004e-01 1.0000000000000000e+00 -3.2500000000000000e+00
9.9996837722339826e-01 2.4762833100613730e+00 3.0000000000000004e-01 1.0000000000000000e+00 4.6100000000000000e+02 2.5004491464798165e-02 1.0803151537941388e-01 -4.0957222301913128e-16 -1.4773354696328950e-03 2.6481826934431102e-02 -6.2099056101822267e-03 1.1424142098959579e-01 2.3507631198238260e-17 -4.3307985421736883e-16 8.5930840316228569e+01 22 24 8 6.2500000000000000e-02 3.0000000000000004e-01 1.0000000000000000e+00 -4.5000000000000000e+00
9.9999822172058994e-01 2.4598842541610368e+00 3.0000000000000004e-01 1.0000000000000000e+00 4.6200000000000000e+02 2.5581708793476148e-02 1.0968640725058208e-01 2.0620276055352321e-16 -1.5267415810526364e-03 2.7108450374528723e-02 -6.3708252721974556e-03 1.1605723252277964e-01 -1.1994868507266851e-17 2.1819762906078946e-16 8.7346893493086100e+01 22 24 12 6.2500000000000000e-02 3.0000000000000004e-01 1.0000000000000000e+00 -5.7500000000000000e+00
9.9999990000000005e-01 2.4559921471239186e+00 3.0000000000000004e-01 1.0000000000000000e+00 4.6300000000000000e+02 2.5721267451483742e-02 1.1008470087319523e-01 2.3301460179791796e-16 -1.5387086315250735e-03 2.7259976083008841e-02 -6.4095866142776202e-03 1.1649428748747261e-01 -1.3548817374637043e-17 2.4656341917255402e-16 9.9585690760053694e+01 22 24 16 6.2500000000000000e-02 3.0000000000000004e-01 1.0000000000000000e+00 -7.0000000000000000e+00
9.9999999437658671e-01 2.4550689723725712e+00 3.0000000000000004e-01 1.0000000000000000e+00 4.6400000000000000e+02 2.5754516356096872e-02 1.1017948837659504e-01 3.7492219116196703e-17 -1.5415608796611538e-03 2.7296077235758099e-02 -6.4188127860115634e-03 1.1659830116260660e-01 -2.1659349453308615e-18 3.9658154061527667e-17 9.1702857916243374e+01 22 24 20 6.2500000000000000e-02 3.0000000000000004e-01 1.0000000000000000e+00 -8.2500000000000000e+00
9.9999999968377229e-01 2.4548500409091458e+00 3.0000000000000004e-01 1.0000000000000000e+00 4.6500000000000000e+02 2.5762409666434890e-02 1.1020198520436249e-01 6.3556600608825023e-17 -1.5422380688091002e-03 2.7304647735243975e-02 -6.4210025989023889e-03 1.1662298780326466e-01 -3.6483220850491651e-18 6.7204922693874118e-17 9.4642103710211813e+01 22 24 24 6.2500000000000000e-02 3.0000000000000004e-01 1.0000000000000000e+00 -9.5000000000000000e+00
9.9999999998221722e-01 2.4547981233408604e+00 3.0000000000000004e-01 1.0000000000000000e+00 4.6600000000000000e+02 2.5764281956363811e-02 1.1020732111586128e-01 -1.0932540392442572e-16 -1.5423987039185501e-03 2.7306680660282464e-02 -6.4215220045651424e-03 1.1662884312042583e-01 6.3884198877812307e-18 -1.1571382381220672e-16 1.0436152578704059e+02 22 24 28 6.2500000000000000e-02 3.0000000000000004e-01 1.0000000000000000e+00 -1.0750000000000000e+01
9.9999999999900002e-01 2.4547858113688172e+00 3.0000000000000004e-01 1.0000000000000000e+00 4.6700000000000000e+02 2.5764726002876888e-02 1.1020858671623739e-01 1.4682733258051748e-16 -1.5424367483379711e-03 2.7307162751214729e-02 -6.4216449462769611e-03 1.1663023166251449e-01 -8.5553496903893723e-18 1.5538268227090723e-16 1.0265909628104419e+02 22 24 32 6.2500000000000000e-02 3.0000000000000004e-01 1.0000000000000000e+00 -1.2000000000000000e+01
9.8999999999999999e-01 2.8878331870890861e+00 3.5000000000000003e-01 1.0000000000000000e+00 4.6800000000000000e+02 1.5410134039834831e-02 7.6443951389333145e-02 5.4208919441743938e-17 -7.0295871153676858e-04 1.6113092751371624e-02 -3.3562598043837934e-03 7.9800211193716664e-02 -2.3566047716334836e-18 5.6565524213377024e-17 8.7405726827681065e+01 22 28 0 6.2500000000000000e-02 3.5000000000000003e-01 1.0000000000000000e+00 -2.0000000000000000e+00
9.9943765867480960e-01 2.5939509471096147e+00 3.5000000000000003e-01 1.0000000000000000e+00 4.6900000000000000e+02 2.2360218305664533e-02 9.8134040545042947e-02 -9.9299316794374684e-18 -1.2532910315640987e-03 2.3613509337228566e-02 -5.3178381877279877e-03 1.0345187873277102e-01 5.5657302391947047e-19 -1.0486504703356908e-17 1.1942335138376802e+02 22 28 4 6.2500000000000000e-02 3.5000000000000003e-01 1.0000000000000000e+00 -3.2500000000000000e+00
9.9996837722339826e-01 2.5258775188315843e+00 3.5000000000000003e-01 1.0000000000000000e+00 4.7000000000000000e+02 2.4528717411644141e-02 1.0443490447997403e-01 -2.7827048526766952e-16 -1.4338514434927244e-03 2.5962568855136797e-02 -5.9101971036251075e-03 1.1034510158359891e-01 1.5747928570841994e-17 -2.9401841383851175e-16 9.8944843992590904e+01 22 28 8 6.2500000000000000e-02 3.5000000000000003e-01 1.0000000000000000e+00 -4.5000000000000000e+00
9.9999822172058994e-01 2.5097826280173177e+00 3.5000000000000003e-01 1.0000000000000000e+00 4.7100000000000000e+02 2.5082200552398678e-02 1.0601506055847823e-01 -1.6351790267609325e-16 -1.4802518863957078e-03 2.6562452438794255e-02 -6.0591685661081631e-03 1.1207422912458605e-01 9.3871619238309703e-18 -1.7290506459992405e-16 1.0092869971599430e+02 22 28 12 6.2500000000000000e-02 3.5000000000000003e-01 1.0000000000000000e+00 -5.7500000000000000e+00
9.9999990000000005e-01 2.5059677310908643e+00 3.5000000000000003e-01 1.0000000000000000e+00 4.7200000000000000e+02 2.5215852987409706e-02 1.0639502132663382e-01 -2.1139170026944903e-16 -1.4914703509638168e-03 2.6707323338373501e-02 -6.0949974907916725e-03 1.1249001881742486e-01 1.2151582258243782e-17 -2.2354328252769349e-16 1.1509923561103642e+02 22 28 16 6.2500000000000000e-02 3.5000000000000003e-01 1.0000000000000000e+00 -7.0000000000000000e+00
9.9999999437658671e-01 2.5050631644273174e+00 3.5000000000000003e-01 1.0000000000000000e+00 4.7300000000000000e+02 2.5247684897650998e-02 1.0648542557825093e-01 1.1212224436741191e-17 -1.4941429691600896e-03 2.6741827866811060e-02 -6.1035224658335325e-03 1.1258894804408441e-01 -6.6353277057733066e-19 1.1875757207318507e-17 1.1847269481047988e+02 22 28 20 6.2500000000000000e-02 3.5000000000000003e-01 1.0000000000000000e+00 -8.2500000000000000e+00
9.9999999968377229e-01 2.5048486626214412e+00 3.5000000000000003e-01 1.0000000000000000e+00 4.7400000000000000e+02 2.5255241220546648e-02 1.0650688079123746e-01 2.4867396297764753e-17 -1.4947774416362123e-03 2.6750018662182816e-02 -6.1055456706120437e-03 1.1261242646184889e-01 -1.3837778866497279e-18 2.6251174184414360e-17 1.3938293052837253e+02 22 28 24 6.2500000000000000e-02 3.5000000000000003e-01 1.0000000000000000e+00 -9.5000000000000000e+00
9.9999999998221722e-01 2.5047977965739094e+00 3.5000000000000003e-01 1.0000000000000000e+00 4.7500000000000000e+02 2.5257033553072138e-02 1.0651196961183024e-01 -2.3650408212245581e-16 -1.4949279380020938e-03 2.6751961491074283e-02 -6.1060255443725377e-03 1.1261799515620226e-01 1.3558100296623515e-17 -2.5006218241907990e-16 1.5090348493959755e+02 22 28 28 6.2500000000000000e-02 3.5000000000000003e-01 1.0000000000000000e+00 -1.0750000000000000e+01
9.9999999999900002e-01 2.5047857340582063e+00 3.5000000000000003e-01 1.0000000000000000e+00 4.7600000000000000e+02 2.5257458467700965e-02 1.0651317580887780e-01 -2.3650676041792664e-16 -1.4949636794799623e-03 2.6752422147180929e-02 -6.1061396519354189e-03 1.1261931546081297e-01 1.3558353666310726e-17 -2.5006511408423616e-16 1.3009061463549733e+02 22 28 32 6.2500000000000000e-02 3.5000000000000003e-01 1.0000000000000000e+00 -1.2000000000000000e+01
9.8999999999999999e-01 2.9369672202933925e+00 4.0000000000000002e-01 1.0000000000000000e+00 4.7700000000000000e+02 1.5194163435456823e-02 7.3790790308373572e-02 -1.7637547047039186e-16 -6.9109519320008025e-04 1.5885258628656876e-02 -3.2180037921504395e-03 7.7008794100523748e-02 7.6537608132653276e-18 -1.8402923128365712e-16 1.0339157244004309e+02 22 32 0 6.2500000000000000e-02 4.0000000000000002e-01 1.0000000000000000e+00 -2.0000000000000000e+00
9.9943765867480960e-01 2.6431640766148377e+00 4.0000000000000002e-01 1.0000000000000000e+00 4.7800000000000000e+02 2.1976360469694579e-02 9.4720004417401873e-02 3.5905825815573084e-16 -1.2212329658501558e-03 2.3197593435544846e-02 -5.0707181734503635e-03 9.9790722590852157e-02 -1.9181988277484842e-17 3.7824024643321508e-16 1.0639855363126844e+02 22 32 4 6.2500000000000000e-02 4.0000000000000002e-01 1.0000000000000000e+00 -3.2500000000000000e+00
9.9996837722339826e-01 2.5756398357896177e+00 4.0000000000000002e-01 1.0000000000000000e+00 4.7900000000000000e+02 2.4080848065529143e-02 1.0078869511709114e-01 -5.5453216766308279e-17 -1.3931599369398379e-03 2.5474008002468938e-02 -5.6255530869802903e-03 1.0641424820407192e-01 3.1169347209570353e-18 -5.8570151487265170e-17 1.2094195897504687e+02 22 32 8 6.2500000000000000e-02 4.0000000000000002e-01 1.0000000000000000e+00 -4.5000000000000000e+00
9.9999822172058994e-01 2.5597229836259765e+00 4.0000000000000002e-01 1.0000000000000000e+00 4.8000000000000000e+02 2.4616765508190797e-02 1.0230890604244715e-01 -1.1273264237722179e-16 -1.4371677182231767e-03 2.6053933226414024e-02 -5.7646711385935696e-03 1.0807357718104055e-01 6.3965178547824435e-18 -1.1912916023200432e-16 1.2228650039900094e+02 22 32 12 6.2500000000000000e-02 4.0000000000000002e-01 1.0000000000000000e+00 -5.7500000000000000e+00
9.9999990000000005e-01 2.5559533963663541e+00 4.0000000000000002e-01 1.0000000000000000e+00 4.8100000000000000e+02 2.4746093072125868e-02 1.0267432678687095e-01 -6.7575506493221669e-17 -1.4477965517143657e-03 2.6193889623840103e-02 -5.7981032406958493e-03 1.0847243002756707e-01 3.8607767401386421e-18 -7.1436283233360337e-17 1.3088675216957927e+02 22 32 16 6.2500000000000000e-02 4.0000000000000002e-01 1.0000000000000000e+00 -7.0000000000000000e+00
9.9999999437658671e-01 2.5550597543136844e+00 4.0000000000000002e-01 1.0000000000000000e+00 4.8200000000000000e+02 2.4776890044840093e-02 1.0276126398756354e-01 -2.9743988064690576e-16 -1.4503280505169943e-03 2.6227218095356896e-02 -5.8060563502001670e-03 1.0856732033776371e-01 1.6760698762382368e-17 -3.1420057940928853e-16 1.3182310261018574e+02 22 32 20 6.2500000000000000e-02 4.0000000000000002e-01 1.0000000000000000e+00 -8.2500000000000000e+00
9.9999999968377229e-01 2.5548478533223573e+00 4.0000000000000002e-01 1.0000000000000000e+00 4.8300000000000000e+02 2.4784200416936578e-02 1.0278189597254271e-01 1.3693299290801281e-16 -1.4509289844920239e-03 2.6235129401428602e-02 -5.8079437452852010e-03 1.0858983971782737e-01 -7.7377354460919687e-18 1.4467072835410474e-16 1.4857656524516642e+02 22 32 24 6.2500000000000000e-02 4.0000000000000002e-01 1.0000000000000000e+00 -9.5000000000000000e+00
9.9999999998221722e-01 2.5547976044701253e+00 4.0000000000000002e-01 1.0000000000000000e+00 4.8400000000000000e+02 2.4785934393393400e-02 1.0278678950586087e-01 -4.5646504134682462e-17 -1.4510715257194827e-03 2.6237005919112839e-02 -5.8083914049710111e-03 1.0859518091083188e-01 2.5794439495334714e-18 -4.8225948084215933e-17 1.3462145490385592e+02 22 32 28 6.2500000000000000e-02 4.0000000000000002e-01 1.0000000000000000e+00 -1.0750000000000000e+01
9.9999999999900002e-01 2.5547856887674354e+00 4.0000000000000002e-01 1.0000000000000000e+00 4.8500000000000000e+02 2.4786345509119123e-02 1.0278794956343569e-01 1.6057338003050527e-16 -1.4511053388109865e-03 2.6237450847930121e-02 -5.8084976116192944e-03 1.0859644717505533e-01 -9.0291240123964128e-18 1.6960250404290206e-16 1.3499170652218163e+02 22 32 32 6.2500000000000000e-02 4.0000000000000002e-01 1.0000000000000000e+00 -1.2000000000000000e+01
9.8999999999999999e-01 3.2327773480985944e+00 0.0000000000000000e+00 1.0000000000000000e+00 4.3830000000000000e+03 7.8801945352992720e-03 5.3605099858586594e-02 0.0000000000000000e+00 -2.5990433690192886e-04 8.1400988722012020e-03 -1.7680017759585094e-03 5.5373101634545140e-02 0.0000000000000000e+00 0.0000000000000000e+00 0.0000000000000000e+00 24 0 0 2.5000000000000000e-01 0.0000000000000000e+00 1.0000000000000000e+00 -2.0000000000000000e+00
9.9943765867480960e-01 2.9248708552154810e+00 0.0000000000000000e+00 1.0000000000000000e+00 4.4290000000000000e+03 1.1500610341994939e-02 6.9022362419394315e-02 0.0000000000000000e+00 -4.7084497316891795e-04 1.1971455315163838e-02 -2.8258354482930542e-03 7.1848197867687327e-02 0.0000000000000000e+00 0.0000000000000000e+00 0.0000000000000000e+00 24 0 4 2.5000000000000000e-01 0.0000000000000000e+00 1.0000000000000000e+00 -3.2500000000000000e+00
9.9996837722339826e-01 2.8307123425518776e+00 0.0000000000000000e+00 1.0000000000000000e+00 4.4120000000000000e+03 1.3004478978126444e-02 7.4939128039755262e-02 0.0000000000000000e+00 -5.6529959837239743e-04 1.3569778576498843e-02 -3.2575744906432674e-03 7.8196702530398565e-02 0.0000000000000000e+00 0.0000000000000000e+00 0.0000000000000000e+00 24 0 8 2.5000000000000000e-01 0.0000000000000000e+00 1.0000000000000000e+00 -4.5000000000000000e+00
9.9999822172058994e-01 2.7978365180264224e+00 0.0000000000000000e+00 1.0000000000000000e+00 4.3770000000000000e+03 1.3584336637405783e-02 7.7157199882496169e-02 0.0000000000000000e+00 -6.0278800310755603e-04 1.4187124640513334e-02 -3.4237545552627271e-03 8.0580954437758909e-02 0.0000000000000000e+00 0.0000000000000000e+00 0.0000000000000000e+00 24 0 12 2.5000000000000000e-01 0.0000000000000000e+00 1.0000000000000000e+00 -5.7500000000000000e+00
9.9999990000000005e-01 2.7856950692768825e+00 0.0000000000000000e+00 1.0000000000000000e+00 4.3870000000000000e+03 1.3806023406124109e-02 7.7996257458084112e-02 0.0000000000000000e+00 -6.1729994672745194e-04 1.4423323352851561e-02 -3.4873970699237466e-03 8.1483654528007848e-02 0.0000000000000000e+00 0.0000000000000000e+00 0.0000000000000000e+00 24 0 16 2.5000000000000000e-01 0.0000000000000000e+00 1.0000000000000000e+00 -7.0000000000000000e+00
9.9999999437658671e-01 2.7811092303254039e+00 0.0000000000000000e+00 1.0000000000000000e+00 4.3970000000000000e+03 1.3890824437965072e-02 7.8315922994947107e-02 0.0000000000000000e+00 -6.2287941577566933e-04 1.4513703853740741e-02 -3.5117696994067778e-03 8.1827692694353804e-02 0.0000000000000000e+00 0.0000000000000000e+00 0.0000000000000000e+00 24 0 20 2.5000000000000000e-01 0.0000000000000000e+00 1.0000000000000000e+00 -8.2500000000000000e+00
9.9999999968377229e-01 2.7793619174803617e+00 0.0000000000000000e+00 1.0000000000000000e+00 4.4070000000000000e+03 1.3923290371804634e-02 7.8438116968177138e-02 0.0000000000000000e+00 -6.2501977734443067e-04 1.4548310149149059e-02 -3.5211055069314197e-03 8.1959222475108603e-02 0.0000000000000000e+00 0.0000000000000000e+00 0.0000000000000000e+00 24 0 24 2.5000000000000000e-01 0.0000000000000000e+00 1.0000000000000000e+00 -9.5000000000000000e+00
9.9999999998221722e-01 2.7786938961707550e+00 0.0000000000000000e+00 1.0000000000000000e+00 4.3810000000000000e+03 1.3935725123058164e-02 7.8484890629583887e-02 0.0000000000000000e+00 -6.2584018271158144e-04 1.4561565305769738e-02 -3.5246819134258415e-03 8.2009572543009640e-02 0.0000000000000000e+00 0.0000000000000000e+00 0.0000000000000000e+00 24 0 28 2.5000000000000000e-01 0.0000000000000000e+00 1.0000000000000000e+00 -1.0750000000000000e+01
9.9999999999900002e-01 2.7784381608401736e+00 0.0000000000000000e+00 1.0000000000000000e+00 4.3820000000000000e+03 1.3940488759418737e-02 7.8502805096013706e-02 0.0000000000000000e+00 -6.2615455257909963e-04 1.4566643311997822e-02 -3.5260520380168059e-03 8.2028857134030492e-02 0.0000000000000000e+00 0.0000000000000000e+00 0.0000000000000000e+00 24 0 32 2.5000000000000000e-01 0.0000000000000000e+00 1.0000000000000000e+00 -1.2000000000000000e+01
9.8999999999999999e-01 3.2604403517700704e+00 5.0000000000000003e-02 1.0000000000000000e+00 4.4640000000000000e+03 7.6589455026244606e-03 5.2439015539972871e-02 -4.6575201952923413e-17 -2.4982755538184386e-04 7.9087730580063055e-03 -1.7073678778140211e-03 5.4146383417786922e-02 1.5164473035636138e-18 -4.8091649256487055e-17 1.4932376088574529e+01 24 4 0 2.5000000000000000e-01 5.0000000000000003e-02 1.0000000000000000e+00 -2.0000000000000000e+00
9.9943765867480960e-01 2.9513754319628811e+00 5.0000000000000003e-02 1.0000000000000000e+00 4.4650000000000000e+03 1.1172724277147482e-02 6.7526818787193660e-02 4.5090804309453276e-17 -4.5190259775829448e-04 1.1624626874905746e-02 -2.7267501128907072e-03 7.0253568900084051e-02 -1.8197854034813917e-18 4.6910589712934668e-17 2.0154591483995318e+01 24 4 4 2.5000000000000000e-01 5.0000000000000003e-02 1.0000000000000000e+00 -3.2500000000000000e+00
9.9996837722339826e-01 2.8625955979586153e+00 5.0000000000000003e-02 1.0000000000000000e+00 4.4750000000000000e+03 1.2537264820113627e-02 7.2949473929447103e-02 -1.2958429694522363e-16 -5.3635862091144120e-04 1.3073623441025056e-02 -3.1159165062371237e-03 7.6065390435684013e-02 5.5349795968544478e-18 -1.3511927654207769e-16 1.9552399353124201e+01 24 4 8 2.5000000000000000e-01 5.0000000000000003e-02 1.0000000000000000e+00 -4.5000000000000000e+00
9.9999822172058994e-01 2.8370671238608418e+00 5.0000000000000003e-02 1.0000000000000000e+00 4.4850000000000000e+03 1.2966405728283007e-02 7.4613168447970127e-02 1.1092119081034315e-16 -5.6357396334521224e-04 1.3529979691628242e-02 -3.2379215087632862e-03 7.7851089956733316e-02 -4.8143322452977018e-18 1.1573552305564071e-16 2.0593789096921682e+01 24 4 12 2.5000000000000000e-01 5.0000000000000003e-02 1.0000000000000000e+00 -5.7500000000000000e+00
9.9999990000000005e-01 2.8304138712694797e+00 5.0000000000000003e-02 1.0000000000000000e+00 4.4590000000000000e+03 1.3081090857363311e-02 7.5054544228064152e-02 -1.1618342605646702e-17 -5.7090448723310077e-04 1.3651995344596400e-02 -3.2705304731113793e-03 7.8325074701175709e-02 5.0706504527040576e-19 -1.2125407650917097e-17 2.0825710155069828e+01 24 4 16 2.5000000000000000e-01 5.0000000000000003e-02 1.0000000000000000e+00 -7.0000000000000000e+00
9.9999999437658671e-01 2.8287886987709747e+00 5.0000000000000003e-02 1.0000000000000000e+00 4.4690000000000000e+03 1.3109285405743701e-02 7.5162846457553278e-02 3.3379009093416413e-17 -5.7271048741889055e-04 1.3681995893162610e-02 -3.2785483034817580e-03 7.8441394761035232e-02 -1.4559679255484772e-18 3.4834977018964978e-17 2.0317356436513364e+01 24 4 20 2.5000000000000000e-01 5.0000000000000003e-02 1.0000000000000000e+00 -8.2500000000000000e+00
9.9999999968377229e-01 2.8284003615871582e+00 5.0000000000000003e-02 1.0000000000000000e+00 4.4790000000000000e+03 1.3116033089948898e-02 7.5188753931065139e-02 -7.2605717416997552e-17 -5.7314293540012260e-04 1.3689176025348993e-02 -3.2804672515321718e-03 7.8469221182597276e-02 3.1681668126568415e-18 -7.5773884229654215e-17 2.3077554583549500e+01 24 4 24 2.5000000000000000e-01 5.0000000000000003e-02 1.0000000000000000e+00 -9.5000000000000000e+00
9.9999999998221722e-01 2.8283081023201198e+00 5.0000000000000003e-02 1.0000000000000000e+00 4.4890000000000000e+03 1.3117636778103047e-02 7.5194910562633929e-02 7.2611897784900495e-17 -5.7324571949591760e-04 1.3690882497598960e-02 -3.2809232858528620e-03 7.8475833848487220e-02 -3.1686174978070188e-18 7.5780515282707597e-17 2.3232231449335814e+01 24 4 28 2.5000000000000000e-01 5.0000000000000003e-02 1.0000000000000000e+00 -1.0750000000000000e+01
9.9999999999900002e-01 2.8282862137822504e+00 5.0000000000000003e-02 1.0000000000000000e+00 4.4720000000000000e+03 1.3118017428125439e-02 7.5196372129669745e-02 -1.7279505740773726e-16 -5.7327022861811301e-04 1.3691287656743543e-02 -3.2810321862938598e-03 7.8477404315963603e-02 7.5399380783768802e-18 -1.8033499548611399e-16 2.2404721736907959e+01 24 4 32 2.5000000000000000e-01 5.0000000000000003e-02 1.0000000000000000e+00 -1.2000000000000000e+01
9.8999999999999999e-01 3.2939109730187006e+00 1.0000000000000001e-01 1.0000000000000000e+00 4.5540000000000000e+03 7.4745140083948827e-03 5.1175739727868430e-02 0.0000000000000000e+00 -2.4240674822726183e-04 7.7169207566221464e-03 -1.6479502539663018e-03 5.2823689981834725e-02 0.0000000000000000e+00 0.0000000000000000e+00 2.1399985761381686e+01 24 8 0 2.5000000000000000e-01 1.0000000000000001e-01 1.0000000000000000e+00 -2.0000000000000000e+00
9.9943765867480960e-01 2.9878221457651160e+00 1.0000000000000001e-01 1.0000000000000000e+00 4.5640000000000000e+03 1.0833799177846258e-02 6.5658825577978266e-02 -1.2625585051555863e-16 -4.3365698675170962e-04 1.1267456164597959e-02 -2.6114424477408872e-03 6.8270268025719352e-02 5.0240184299296980e-18 -1.3127986894548798e-16 2.5267230831086636e+01 24 8 4 2.5000000000000000e-01 1.0000000000000001e-01 1.0000000000000000e+00 -3.2500000000000000e+00
9.9996837722339826e-01 2.9062536754219486e+00 1.0000000000000001e-01 1.0000000000000000e+00 4.5650000000000000e+03 1.2033609481749552e-02 7.0462922194525379e-02 4.1979815693882024e-17 -5.0681588582907836e-04 1.2540425367578611e-02 -2.9493933914058641e-03 7.3412315585931406e-02 -1.7599367132810162e-18 4.3739752407162964e-17 2.7276414059102535e+01 24 8 8 2.5000000000000000e-01 1.0000000000000001e-01 1.0000000000000000e+00 -4.5000000000000000e+00
9.9999822172058994e-01 2.8850939112793759e+00 1.0000000000000001e-01 1.0000000000000000e+00 4.5390000000000000e+03 1.2371158548369033e-02 7.1785691921518832e-02 2.0891455154617054e-17 -5.2780115028977189e-04 1.2898959698658848e-02 -3.0439778480822618e-03 7.4829669769601065e-02 -8.8301612577566873e-19 2.1774471280392727e-17 2.7493217311799526e+01 24 8 12 2.5000000000000000e-01 1.0000000000000001e-01 1.0000000000000000e+00 -5.7500000000000000e+00
9.9999990000000005e-01 2.8799071612696472e+00 1.0000000000000001e-01 1.0000000000000000e+00 4.5490000000000000e+03 1.2455645920320047e-02 7.2114887862600133e-02 1.8662124346104058e-16 -5.3308219908618356e-04 1.2988728119406249e-02 -3.0676294687947405e-03 7.5182517331394791e-02 -7.9370708288816339e-18 1.9455831428992247e-16 2.9137887608259916e+01 24 8 16 2.5000000000000000e-01 1.0000000000000001e-01 1.0000000000000000e+00 -7.0000000000000000e+00
9.9999999437658671e-01 2.8786660987625927e+00 1.0000000000000001e-01 1.0000000000000000e+00 4.5590000000000000e+03 1.2475964937338638e-02 7.2193947143703335e-02 -3.2614597084118405e-16 -5.3435400835333562e-04 1.3010318945691979e-02 -3.0733165227043867e-03 7.5267263666407694e-02 1.3885567911219184e-17 -3.4003153875240301e-16 3.0276719726622105e+01 24 8 20 2.5000000000000000e-01 1.0000000000000001e-01 1.0000000000000000e+00 -8.2500000000000000e+00
9.9999999968377229e-01 2.8783711474308409e+00 1.0000000000000001e-01 1.0000000000000000e+00 4.5690000000000000e+03 1.2480799842775708e-02 7.2212752923756049e-02 -3.2068904387008623e-17 -5.3465673434727114e-04 1.3015456577122985e-02 -3.0746696967796760e-03 7.5287422620535852e-02 1.3654276361928179e-18 -3.3434332023201497e-17 3.0716500034555793e+01 24 8 24 2.5000000000000000e-01 1.0000000000000001e-01 1.0000000000000000e+00 -9.5000000000000000e+00
9.9999999998221722e-01 2.8783011666160170e+00 1.0000000000000001e-01 1.0000000000000000e+00 4.5430000000000000e+03 1.2481947293960403e-02 7.2217215634373569e-02 -5.5430981111650027e-18 -5.3472858943513551e-04 1.3016675883395541e-02 -3.0749908625434057e-03 7.5292206496916675e-02 2.3746719676648787e-19 -5.7805653079314915e-18 2.8009787399321795e+01 24 8 28 2.5000000000000000e-01 1.0000000000000001e-01 1.0000000000000000e+00 -1.0750000000000000e+01
9.9999999999900002e-01 2.8782845697675121e+00 1.0000000000000001e-01 1.0000000000000000e+00 4.5620000000000000e+03 1.2482219488359394e-02 7.2218274347665354e-02 -1.9797135734049932e-16 -5.3474565267162973e-04 1.3016965141031032e-02 -3.0750671646566472e-03 7.5293341512321851e-02 8.4310996586951629e-18 -2.0640245699919502e-16 3.0936975525692105e+01 24 8 32 2.5000000000000000e-01 1.0000000000000001e-01 1.0000000000000000e+00 -1.2000000000000000e+01
9.8999999999999999e-01 3.3318640550886220e+00 1.5000000000000002e-01 1.0000000000000000e+00 4.6260000000000000e+03 7.3298738301888497e-03 4.9862900658269024e-02 -4.4287152308325716e-17 -2.3753998938298550e-04 7.5674138195718334e-03 -1.5919113854268383e-03 5.1454812043695869e-02 1.4139013386110462e-18 -4.5701053646936768e-17 3.0144951234571636e+01 24 12 0 2.5000000000000000e-01 1.5000000000000002e-01 1.0000000000000000e+00 -2.0000000000000000e+00
9.9943765867480960e-01 3.0295901256439026e+00 1.5000000000000002e-01 1.0000000000000000e+00 4.6180000000000000e+03 1.0540499063773284e-02 6.3689998554274596e-02 2.2159140716589927e-16 -4.1914111721516009e-04 1.0959640180988463e-02 -2.4985003422664121e-03 6.6188498896541062e-02 -8.6903202948978339e-18 2.3028172746079623e-16 3.4316375115886331e+01 24 12 4 2.5000000000000000e-01 1.5000000000000002e-01 1.0000000000000000e+00 -3.2500000000000000e+00
9.9996837722339826e-01 2.9532004239900687e+00 1.5000000000000002e-01 1.0000000000000000e+00 4.6190000000000000e+03 1.1620099047620586e-02 6.8023048298430894e-02 -2.0113739118422572e-16 -4.8417976929502352e-04 1.2104278816915618e-02 -2.7973423394614255e-03 7.0820390637892264e-02 8.2658488221376320e-18 -2.0940324000636339e-16 3.6667059033177793e+01 24 12 8 2.5000000000000000e-01 1.5000000000000002e-01 1.0000000000000000e+00 -4.5000000000000000e+00
9.9999822172058994e-01 2.9342600708365367e+00 1.5000000000000002e-01 1.0000000000000000e+00 4.6290000000000000e+03 1.1908886410048766e-02 6.9159967366912448e-02 -6.6714998478488747e-17 -5.0185139421764745e-04 1.2410737804266386e-02 -2.8767287791207456e-03 7.2036696146033002e-02 2.7779152100655979e-18 -6.9492913688554442e-17 4.0264269583858550e+01 24 12 12 2.5000000000000000e-01 1.5000000000000002e-01 1.0000000000000000e+00 -5.7500000000000000e+00
9.9999990000000005e-01 2.9297020329451846e+00 1.5000000000000002e-01 1.0000000000000000e+00 4.6390000000000000e+03 1.1979708551616536e-02 6.9437425227785385e-02 4.1476529913272602e-17 -5.0620261267645143e-04 1.2485911164292969e-02 -2.8961657972748976e-03 7.2333591025059943e-02 -1.7357542170816276e-18 4.3212284130354289e-17 4.0608321172185242e+01 24 12 16 2.5000000000000000e-01 1.5000000000000002e-01 1.0000000000000000e+00 -7.0000000000000000e+00
9.9999999437658671e-01 2.9286170194977972e+00 1.5000000000000002e-01 1.0000000000000000e+00 4.6490000000000000e+03 1.1996644093157333e-02 6.9503694664082682e-02 4.6848581433580261e-17 -5.0724412929528001e-04 1.2503888222452597e-02 -2.9008119613743149e-03 7.2404506625456722e-02 -1.9640042255897928e-18 4.8812585659170208e-17 3.6955548360943794e+01 24 12 20 2.5000000000000000e-01 1.5000000000000002e-01 1.0000000000000000e+00 -8.2500000000000000e+00
9.9999999968377229e-01 2.9283594841289204e+00 1.5000000000000002e-01 1.0000000000000000e+00 4.6230000000000000e+03 1.2000668208184967e-02 6.9519436743890231e-02 1.4370542413958680e-16 -5.0749166565471028e-04 1.2508159873839677e-02 -2.9019158537891008e-03 7.2421352597678873e-02 -5.9928044471906661e-18 1.4969822858677733e-16 3.6849965346977115e+01 24 12 24 2.5000000000000000e-01 1.5000000000000002e-01 1.0000000000000000e+00 -9.5000000000000000e+00
9.9999999998221722e-01 2.9282983993238982e+00 1.5000000000000002e-01 1.0000000000000000e+00 4.6330000000000000e+03 1.2001622932409362e-02 6.9523171315715129e-02 1.8524694129519738e-16 -5.0755039355053369e-04 1.2509173325959874e-02 -2.9021777263848279e-03 7.2425349042099477e-02 -7.7329548801281088e-18 1.9297989617532556e-16 3.6803253351710737e+01 24 12 28 2.5000000000000000e-01 1.5000000000000002e-01 1.0000000000000000e+00 -1.0750000000000000e+01
9.9999999999900002e-01 2.9282839133918968e+00 1.5000000000000002e-01 1.0000000000000000e+00 4.6250000000000000e+03 1.2001849388750020e-02 6.9524057148581536e-02 -1.4904452621163069e-16 -5.0756430489671297e-04 1.2509413693646743e-02 -2.9022397214484891e-03 7.2426296870029869e-02 6.2188628923579585e-18 -1.5526338910398843e-16 4.1000978008843958e+01 24 12 32 2.5000000000000000e-01 1.5000000000000002e-01 1.0000000000000000e+00 -1.2000000000000000e+01
9.8999999999999999e-01 3.3732696404997293e+00 2.0000000000000001e-01 1.0000000000000000e+00 4.7250000000000000e+03 7.2213248991429427e-03 4.8521851654449402e-02 -4.3096061523372777e-17 -2.3479818177998089e-04 7.4561230809229093e-03 -1.5398144124972686e-03 5.0061666066946675e-02 1.3676299315233008e-18 -4.4463691454896082e-17 3.3067426480352879e+01 24 16 0 2.5000000000000000e-01 2.0000000000000001e-01 1.0000000000000000e+00 -2.0000000000000000e+00
9.9943765867480960e-01 3.0743756168036489e+00 2.0000000000000001e-01 1.0000000000000000e+00 4.7170000000000000e+03 1.0306248264096454e-02 6.1725320888678804e-02 5.0246204314268664e-17 -4.0871566367439488e-04 1.0714963927770894e-02 -2.3942691309877515e-03 6.4119590019666370e-02 -1.9450319569629717e-18 5.2191236271231547e-17 4.4239510790444911e+01 24 16 4 2.5000000000000000e-01 2.0000000000000001e-01 1.0000000000000000e+00 -3.2500000000000000e+00
9.9996837722339826e-01 3.0014802317662479e+00 2.0000000000000001e-01 1.0000000000000000e+00 4.7000000000000000e+03 1.1302017571243217e-02 6.5709796711070939e-02 -8.2523931049557953e-17 -4.6817297262793245e-04 1.1770190543871186e-02 -2.6640684385317837e-03 6.8373865149602767e-02 3.3413415780747092e-18 -8.5865272627632854e-17 4.7558622252196074e+01 24 16 8 2.5000000000000000e-01 2.0000000000000001e-01 1.0000000000000000e+00 -4.5000000000000000e+00
9.9999822172058994e-01 2.9838122883317189e+00 2.0000000000000001e-01 1.0000000000000000e+00 4.7100000000000000e+03 1.1561558237713401e-02 6.6730123593042881e-02 1.0826778491368252e-16 -4.8386847522846008e-04 1.2045426712941839e-02 -2.7338058360219372e-03 6.9463929429064666e-02 -4.4264531567387734e-18 1.1269423807042077e-16 4.5021489839069545e+01 24 16 12 2.5000000000000000e-01 2.0000000000000001e-01 1.0000000000000000e+00 -5.7500000000000000e+00
9.9999990000000005e-01 2.9795933469254750e+00 2.0000000000000001e-01 1.0000000000000000e+00 4.7200000000000000e+03 1.1624647019555472e-02 6.6977061610809879e-02 -5.4325200427946762e-17 -4.8769548093794795e-04 1.2112342500493409e-02 -2.7507219198727429e-03 6.9727783530682583e-02 2.2265515470498819e-18 -5.6551751974996447e-17 4.4771832667291164e+01 24 16 16 2.5000000000000000e-01 2.0000000000000001e-01 1.0000000000000000e+00 -7.0000000000000000e+00
9.9999999437658671e-01 2.9785911015119981e+00 2.0000000000000001e-01 1.0000000000000000e+00 4.7300000000000000e+03 1.1639698248618479e-02 6.7035912402472947e-02 3.4938989768514312e-17 -4.8860917158741776e-04 1.2128307420205865e-02 -2.7547555962237047e-03 6.9790667998696695e-02 -1.4403432969927768e-18 3.6379333065507052e-17 4.4233152191154659e+01 24 16 20 2.5000000000000000e-01 2.0000000000000001e-01 1.0000000000000000e+00 -8.2500000000000000e+00
9.9999999968377229e-01 2.9783533298396350e+00 2.0000000000000001e-01 1.0000000000000000e+00 4.7040000000000000e+03 1.1643272601757780e-02 6.7049884752504757e-02 6.9893564140122409e-17 -4.8882619208356611e-04 1.2132098793841316e-02 -2.7557133954211350e-03 6.9805598147926085e-02 -2.8817300434844188e-18 7.2775294183606597e-17 4.4683113137260079e+01 24 16 24 2.5000000000000000e-01 2.0000000000000001e-01 1.0000000000000000e+00 -9.5000000000000000e+00
9.9999999998221722e-01 2.9782969396589705e+00 2.0000000000000001e-01 1.0000000000000000e+00 4.7140000000000000e+03 1.1644120508755325e-02 6.7053199086576420e-02 1.6832355664939448e-16 -4.8887767355674692e-04 1.2132998182312090e-02 -2.7559405853790579e-03 6.9809139671955414e-02 -6.9090902622019428e-18 1.7523264691159618e-16 4.5039201950654387e+01 24 16 28 2.5000000000000000e-01 2.0000000000000001e-01 1.0000000000000000e+00 -1.0750000000000000e+01
9.9999999999900002e-01 2.9782835670624044e+00 2.0000000000000001e-01 1.0000000000000000e+00 4.7240000000000000e+03 1.1644321565536700e-02 6.7053984940783920e-02 1.2428292232188237e-16 -4.8888985324388326e-04 1.2133211418780586e-02 -2.7559942830072651e-03 6.9809979223791271e-02 -5.1127400025987454e-18 1.2939566232448102e-16 4.4974830536171794e+01 24 16 32 2.5000000000000000e-01 2.0000000000000001e-01 1.0000000000000000e+00 -1.2000000000000000e+01
9.8999999999999999e-01 3.4173480679521253e+00 2.5000000000000000e-01 1.0000000000000000e+00 4.7880000000000000e+03 7.1403877174024940e-03 4.7152369129106100e-02 -1.2563915009461892e-16 -2.3356355409935575e-04 7.3739512715018576e-03 -1.4910464728667876e-03 4.8643415601972891e-02 3.9729458999108149e-18 -1.2961209599452953e-16 4.1280867233872414e+01 24 20 0 2.5000000000000000e-01 2.5000000000000000e-01 1.0000000000000000e+00 -2.0000000000000000e+00
9.9943765867480960e-01 3.1209994553653488e+00 2.5000000000000000e-01 1.0000000000000000e+00 4.8070000000000000e+03 1.0124213754496932e-02 5.9786542742911564e-02 -2.6550558526366592e-17 -4.0160975981452047e-04 1.0525823514311432e-02 -2.2992796321710260e-03 6.2085822375082540e-02 1.0210852750751736e-18 -2.7571643801441743e-17 5.1834255572408438e+01 24 20 4 2.5000000000000000e-01 2.5000000000000000e-01 1.0000000000000000e+00 -3.2500000000000000e+00
9.9996837722339826e-01 3.0504348556247991e+00 2.5000000000000000e-01 1.0000000000000000e+00 4.7900000000000000e+03 1.1061252573141250e-02 6.3506607417354755e-02 -8.4607797324693633e-17 -4.5720387577365113e-04 1.1518456448914931e-02 -2.5470226093366869e-03 6.6053630026691443e-02 3.3933157741517218e-18 -8.8001113098845511e-17 5.4542142428457737e+01 24 20 8 2.5000000000000000e-01 2.5000000000000000e-01 1.0000000000000000e+00 -4.5000000000000000e+00
9.9999822172058994e-01 3.0335462539523599e+00 2.5000000000000000e-01 1.0000000000000000e+00 4.8000000000000000e+03 1.1301955429494713e-02 6.4446608559679222e-02 -5.7240086945568455e-17 -4.7163366053059241e-04 1.1773589090025302e-02 -2.6100610007815175e-03 6.7056669560460691e-02 2.3181998549950556e-18 -5.9558286800563468e-17 5.0603150406852365e+01 24 20 12 2.5000000000000000e-01 2.5000000000000000e-01 1.0000000000000000e+00 -5.7500000000000000e+00
9.9999990000000005e-01 3.0295291611615642e+00 2.5000000000000000e-01 1.0000000000000000e+00 4.8100000000000000e+03 1.1360200962664786e-02 6.4673160869781490e-02 -5.7441305818334501e-17 -4.7513375375530782e-04 1.1835334716420086e-02 -2.6252777361826366e-03 6.7298438605964142e-02 2.3317150309966165e-18 -5.9773020849331131e-17 5.0884864971973002e+01 24 20 16 2.5000000000000000e-01 2.5000000000000000e-01 1.0000000000000000e+00 -7.0000000000000000e+00
9.9999999437658671e-01 3.0285758177111126e+00 2.5000000000000000e-01 1.0000000000000000e+00 4.7840000000000000e+03 1.1374080701771989e-02 6.4727095930711923e-02 3.3795711399379826e-17 -4.7596828655810863e-04 1.1850048988330156e-02 -2.6289016921343051e-03 6.7355997622845915e-02 -1.3788392555246953e-18 3.5174550654904491e-17 6.6227102599106729e+01 24 20 20 2.5000000000000000e-01 2.5000000000000000e-01 1.0000000000000000e+00 -8.2500000000000000e+00
9.9999999968377229e-01 3.0283497019096663e+00 2.5000000000000000e-01 1.0000000000000000e+00 4.7940000000000000e+03 1.1377375932966406e-02 6.4739897904450588e-02 -5.0525698882381694e-18 -4.7616644199818440e-04 1.1853542374964596e-02 -2.6297619450768835e-03 6.7369659849527294e-02 2.1146037898408940e-19 -5.2640302672222620e-18 1.6407353068329394e+02 24 20 24 2.5000000000000000e-01 2.5000000000000000e-01 1.0000000000000000e+00 -9.5000000000000000e+00
9.9999999998221722e-01 3.0282960790073021e+00 2.5000000000000000e-01 1.0000000000000000e+00 4.8040000000000000e+03 1.1378157568435751e-02 6.4742934397017449e-02 5.0529170041161426e-18 -4.7621344672881384e-04 1.1854371015164532e-02 -2.6299659937707317e-03 6.7372900390788054e-02 -2.1148125327777383e-19 5.2643982573939016e-18 2.1797974323388189e+02 24 20 28 2.5000000000000000e-01 2.5000000000000000e-01 1.0000000000000000e+00 -1.0750000000000000e+01
9.9999999999900002e-01 3.0282833626652677e+00 2.5000000000000000e-01 1.0000000000000000e+00 4.8140000000000000e+03 1.1378342941063487e-02 6.4743654432278128e-02 1.0490183470634400e-16 -4.7622460820360692e-04 1.1854567549267076e-02 -2.6300144618832772e-03 6.7373668894161548e-02 -4.2488717571513216e-18 1.0915070646349519e-16 2.3145859440881759e+02 24 20 32 2.5000000000000000e-01 2.5000000000000000e-01 1.0000000000000000e+00 -1.2000000000000000e+01
9.8999999999999999e-01 3.4635146454208794e+00 3.0000000000000004e-01 1.0000000000000000e+00 4.8600000000000000e+03 7.0753473288056546e-03 4.5737381957325685e-02 -9.8415303665531856e-17 -2.3313026351297748e-04 7.3084775923186246e-03 -1.4442038236332801e-03 4.7181585780959046e-02 3.1032460399831077e-18 -1.0151854970551528e-16 4.5579278699122369e+01 24 24 0 2.5000000000000000e-01 3.0000000000000004e-01 1.0000000000000000e+00 -2.0000000000000000e+00
9.9943765867480960e-01 3.1688162709101917e+00 3.0000000000000004e-01 1.0000000000000000e+00 4.8790000000000000e+03 9.9784286735035092e-03 5.7853631345361818e-02 5.5815659367398529e-17 -3.9664835967279452e-04 1.0375077033176300e-02 -2.2114515291177593e-03 6.0065082874479474e-02 -2.1403107810106420e-18 5.7955970148409359e-17 5.3912687037140131e+01 24 24 4 2.5000000000000000e-01 3.0000000000000004e-01 1.0000000000000000e+00 -3.2500000000000000e+00
9.9996837722339826e-01 3.0997807354108375e+00 3.0000000000000004e-01 1.0000000000000000e+00 4.8710000000000000e+03 1.0873567967826892e-02 6.1365684488759370e-02 2.7251838336521392e-17 -4.4949669998764751e-04 1.1323064667814525e-02 -2.4418665802329615e-03 6.3807551068992607e-02 -1.0844066001749304e-18 2.8336244936696445e-17 6.2496249203570187e+01 24 24 8 2.5000000000000000e-01 3.0000000000000004e-01 1.0000000000000000e+00 -4.5000000000000000e+00
9.9999822172058994e-01 3.0833816795105013e+00 3.0000000000000004e-01 1.0000000000000000e+00 4.8810000000000000e+03 1.1101542740120899e-02 6.2246403704655028e-02 -1.3328470584246438e-16 -4.6307032183604300e-04 1.1564613061956918e-02 -2.4999399838762587e-03 6.4746343688531369e-02 5.3453373272317547e-18 -1.3863004316969603e-16 5.8822238764725626e+01 24 24 12 2.5000000000000000e-01 3.0000000000000004e-01 1.0000000000000000e+00 -5.7500000000000000e+00
9.9999990000000005e-01 3.0794895724733831e+00 3.0000000000000004e-01 1.0000000000000000e+00 4.8910000000000000e+03 1.1156569348733266e-02 6.2458191272441933e-02 2.2782496744126380e-17 -4.6635268378514543e-04 1.1622922032518414e-02 -2.5139191195955525e-03 6.4972110392037305e-02 -9.0930216059455534e-19 2.3691798904721036e-17 5.9534902852028608e+01 24 24 16 2.5000000000000000e-01 3.0000000000000004e-01 1.0000000000000000e+00 -7.0000000000000000e+00
9.9999999437658671e-01 3.0785663977220357e+00 3.0000000000000004e-01 1.0000000000000000e+00 4.8650000000000000e+03 1.1169673737876551e-02 6.2508582831938761e-02 0.0000000000000000e+00 -4.6713470369031735e-04 1.1636808441566861e-02 -2.5172460037313897e-03 6.5025828835670152e-02 0.0000000000000000e+00 0.0000000000000000e+00 6.5833062797784805e+01 24 24 20 2.5000000000000000e-01 3.0000000000000004e-01 1.0000000000000000e+00 -8.2500000000000000e+00
9.9999999968377229e-01 3.0783474662586103e+00 3.0000000000000004e-01 1.0000000000000000e+00 4.8750000000000000e+03 1.1172784417514780e-02 6.2520542095487228e-02 2.2802985134783308e-17 -4.6732035601560921e-04 1.1640104773530400e-02 -2.5180356045922891e-03 6.5038577700079606e-02 -9.1070051436789907e-19 2.3713685649151189e-17 6.1428906809538603e+01 24 24 24 2.5000000000000000e-01 3.0000000000000004e-01 1.0000000000000000e+00 -9.5000000000000000e+00
9.9999999998221722e-01 3.0782955486903250e+00 3.0000000000000004e-01 1.0000000000000000e+00 4.8850000000000000e+03 1.1173522250320100e-02 6.2523378605173929e-02 -8.8259914073170275e-17 -4.6736439118539382e-04 1.1640886641505475e-02 -2.5182228782167620e-03 6.5041601483390873e-02 3.5624983078344758e-18 -9.1822412381005143e-17 6.6594784934073687e+01 24 24 28 2.5000000000000000e-01 3.0000000000000004e-01 1.0000000000000000e+00 -1.0750000000000000e+01
9.9999999999900002e-01 3.0782832367182817e+00 3.0000000000000004e-01 1.0000000000000000e+00 4.8950000000000000e+03 1.1173697202143378e-02 6.2524051181336512e-02 1.8443955867700604e-16 -4.6737485764035549e-04 1.1641072059783717e-02 -2.5182674331223351e-03 6.5042318614458763e-02 -7.4132354994985452e-18 1.9185279417650402e-16 6.0125784994103014e+01 24 24 32 2.5000000000000000e-01 3.0000000000000004e-01 1.0000000000000000e+00 -1.2000000000000000e+01
9.8999999999999999e-01 3.5113306124385506e+00 3.5000000000000003e-01 1.0000000000000000e+00 4.9770000000000000e+03 7.0123374802569206e-03 4.4246815057691548e-02 -1.4785395486638999e-16 -2.3276752029705044e-04 7.2451050005539457e-03 -1.3973865700034631e-03 4.5644201627695100e-02 4.6544057493209929e-18 -1.5250836061571090e-16 5.4327816324308515e+01 24 28 0 2.5000000000000000e-01 3.5000000000000003e-01 1.0000000000000000e+00 -2.0000000000000000e+00
9.9943765867480960e-01 3.2174483724590792e+00 3.5000000000000003e-01 1.0000000000000000e+00 4.9510000000000000e+03 9.8486320420325454e-03 5.5883430411294899e-02 6.5704342921887972e-17 -3.9255296477339491e-04 1.0241185006805887e-02 -2.1275340459776296e-03 5.8010964457272357e-02 -2.4857876683208971e-18 6.8190130590208873e-17 6.7226815892383456e+01 24 28 4 2.5000000000000000e-01 3.5000000000000003e-01 1.0000000000000000e+00 -3.2500000000000000e+00
9.9996837722339826e-01 3.1493749441810488e+00 3.5000000000000003e-01 1.0000000000000000e+00 4.9520000000000000e+03 1.0712799897570950e-02 5.9224531104119744e-02 6.9388047981718650e-17 -4.4334599523184099e-04 1.1156145892802831e-02 -2.3437644321546531e-03 6.1568295536274582e-02 -2.7287511388253296e-18 7.2116799120544063e-17 6.5314814046956599e+01 24 28 8 2.5000000000000000e-01 3.5000000000000003e-01 1.0000000000000000e+00 -4.5000000000000000e+00
9.9999822172058994e-01 3.1332800533667822e+00 3.5000000000000003e-01 1.0000000000000000e+00 4.9620000000000000e+03 1.0931757715548142e-02 6.0058766757665534e-02 1.8670015191786599e-16 -4.5630392421668758e-04 1.1388061639764869e-02 -2.3979413391451900e-03 6.2456708096810712e-02 -7.4542991219745631e-18 1.9415445103984092e-16 6.6862460564821959e+01 24 28 12 2.5000000000000000e-01 3.5000000000000003e-01 1.0000000000000000e+00 -5.7500000000000000e+00
9.9999990000000005e-01 3.1294651564403289e+00 3.5000000000000003e-01 1.0000000000000000e+00 4.9720000000000000e+03 1.0984530839983081e-02 6.0259127772484135e-02 1.2126093574831273e-17 -4.5943148064211297e-04 1.1443962320625225e-02 -2.4109607523367530e-03 6.2670088524821088e-02 -4.5859596582894860e-19 1.2584689540660224e-17 6.7397256816737354e+01 24 28 16 2.5000000000000000e-01 3.5000000000000003e-01 1.0000000000000000e+00 -7.0000000000000000e+00
9.9999999437658671e-01 3.1285605897767819e+00 3.5000000000000003e-01 1.0000000000000000e+00 4.9460000000000000e+03 1.0997094018640513e-02 6.0306785843041291e-02 5.3563185747266299e-17 -4.6017626968481199e-04 1.1457270288325303e-02 -2.4140579488001936e-03 6.2720843791841660e-02 -2.1441141740298818e-18 5.5707299921296336e-17 6.6033029506914318e+01 24 28 20 2.5000000000000000e-01 3.5000000000000003e-01 1.0000000000000000e+00 -8.2500000000000000e+00
9.9999999968377229e-01 3.1283460879709057e+00 3.5000000000000003e-01 1.0000000000000000e+00 4.9560000000000000e+03 1.1000075968977920e-02 6.0318095542882672e-02 -1.2904806190114263e-16 -4.6035306374654341e-04 1.1460429032724484e-02 -2.4147929639269155e-03 6.2732888506809581e-02 5.1574796681777561e-18 -1.3420554156931919e-16 6.7142498400062323e+01 24 28 24 2.5000000000000000e-01 3.5000000000000003e-01 1.0000000000000000e+00 -9.5000000000000000e+00
9.9999999998221722e-01 3.1282952219233739e+00 3.5000000000000003e-01 1.0000000000000000e+00 4.9660000000000000e+03 1.1000783252503437e-02 6.0320777944009973e-02 1.3882436221581792e-16 -4.6039499709519502e-04 1.1461178249598650e-02 -2.4149672903068325e-03 6.2735745234317117e-02 -5.5667610293094884e-18 1.4439112324512728e-16 7.5294579929672182e+01 24 28 28 2.5000000000000000e-01 3.5000000000000003e-01 1.0000000000000000e+00 -1.0750000000000000e+01
9.9999999999900002e-01 3.1282831594076708e+00 3.5000000000000003e-01 1.0000000000000000e+00 4.9760000000000000e+03 1.1000950972796080e-02 6.0321414101343271e-02 -8.5249671001020118e-17 -4.6040491955319133e-04 1.1461355892349296e-02 -2.4150084880246937e-03 6.2736422589368138e-02 3.4218984906197241e-18 -8.8671569491639699e-17 6.6415313269011676e+01 24 28 32 2.5000000000000000e-01 3.5000000000000003e-01 1.0000000000000000e+00 -1.2000000000000000e+01
9.8999999999999999e-01 3.5604646456428570e+00 4.0000000000000002e-01 1.0000000000000000e+00 5.0310000000000000e+03 6.9360284322161755e-03 4.2640433745537769e-02 -6.1604307719208999e-18 -2.3175271656094277e-04 7.1677811487771276e-03 -1.3484017361537887e-03 4.3988835481691427e-02 2.0583776155630919e-19 -6.3662685334772182e-18 6.1415017867460847e+01 24 32 0 2.5000000000000000e-01 4.0000000000000002e-01 1.0000000000000000e+00 -2.0000000000000000e+00
9.9943765867480960e-01 3.2666615019643022e+00 4.0000000000000002e-01 1.0000000000000000e+00 5.0770000000000000e+03 9.7123260435931936e-03 5.3818219545069684e-02 1.0960672997790750e-17 -3.8806753806301360e-04 1.0100393581656134e-02 -2.0437793506985443e-03 5.5861998895768400e-02 -3.9061053791900084e-19 1.1351283535709767e-17 7.0148576211184263e+01 24 32 4 2.5000000000000000e-01 4.0000000000000002e-01 1.0000000000000000e+00 -3.2500000000000000e+00
9.9996837722339826e-01 3.1991372611390823e+00 4.0000000000000002e-01 1.0000000000000000e+00 5.0420000000000000e+03 1.0552002249836939e-02 5.7011239951686672e-02 -9.6586275669401344e-17 -4.3717933596734330e-04 1.0989181585804267e-02 -2.2478095425904655e-03 5.9259049494277120e-02 3.7987652287772302e-18 -1.0038504089817887e-16 7.6235738976858556e+01 24 32 8 2.5000000000000000e-01 4.0000000000000002e-01 1.0000000000000000e+00 -4.5000000000000000e+00
9.9999822172058994e-01 3.1832204089754410e+00 4.0000000000000002e-01 1.0000000000000000e+00 5.0520000000000000e+03 1.0764115638932840e-02 5.7806672500409190e-02 -1.2357636996501179e-16 -4.4965277610069633e-04 1.1213768415033486e-02 -2.2987421861545656e-03 6.0105414686563864e-02 4.9045470594465068e-18 -1.2848091702445848e-16 8.2366488211788237e+01 24 32 12 2.5000000000000000e-01 4.0000000000000002e-01 1.0000000000000000e+00 -5.7500000000000000e+00
9.9999990000000005e-01 3.1794508217158186e+00 4.0000000000000002e-01 1.0000000000000000e+00 5.0260000000000000e+03 1.0815196379774383e-02 5.7997589483211057e-02 1.3358343044870378e-16 -4.5265976095359148e-04 1.1267856140727960e-02 -2.3109695987897716e-03 6.0308559082000883e-02 -5.3324046311431338e-18 1.3891583507984710e-16 8.0210455543361604e+01 24 32 16 2.5000000000000000e-01 4.0000000000000002e-01 1.0000000000000000e+00 -7.0000000000000000e+00
9.9999999437658671e-01 3.1785571796631489e+00 4.0000000000000002e-01 1.0000000000000000e+00 5.0360000000000000e+03 1.0827354162784320e-02 5.8042993858412405e-02 -1.0310506911965761e-16 -4.5337562520202877e-04 1.1280729787986382e-02 -2.3138776624390912e-03 6.0356871520851542e-02 4.1102724112091437e-18 -1.0721534153086683e-16 9.8392144389450550e+01 24 32 20 2.5000000000000000e-01 4.0000000000000002e-01 1.0000000000000000e+00 -8.2500000000000000e+00
9.9999999968377229e-01 3.1783452786718218e+00 4.0000000000000002e-01 1.0000000000000000e+00 5.0460000000000000e+03 1.0830239747533483e-02 5.8053768318638302e-02 -2.5781052101442682e-17 -4.5354554118634603e-04 1.1283785288719841e-02 -2.3145677520098342e-03 6.0368336070648211e-02 1.0278745641344829e-18 -2.6808926665577198e-17 1.1747609663754702e+02 24 32 24 2.5000000000000000e-01 4.0000000000000002e-01 1.0000000000000000e+00 -9.5000000000000000e+00
9.9999999998221722e-01 3.1782950298195898e+00 4.0000000000000002e-01 1.0000000000000000e+00 5.0560000000000000e+03 1.0830924173364027e-02 5.8056323775505160e-02 1.7566541210775007e-16 -4.5358584335252220e-04 1.1284510016716520e-02 -2.3147314239364979e-03 6.0371055199441664e-02 -6.9941981647239087e-18 1.8265961027247292e-16 1.1167762711644173e+02 24 32 28 2.5000000000000000e-01 4.0000000000000002e-01 1.0000000000000000e+00 -1.0750000000000000e+01
9.9999999999900002e-01 3.1782831141168999e+00 4.0000000000000002e-01 1.0000000000000000e+00 5.0660000000000000e+03 1.0831086454467703e-02 5.8056929704504018e-02 -1.8047719227155598e-16 -4.5359538727396924e-04 1.1284681841741724e-02 -2.3147701249924954e-03 6.0371699829496708e-02 7.1957510505471476e-18 -1.8767294332210396e-16 1.1007505484763533e+02 24 32 32 2.5000000000000000e-01 4.0000000000000002e-01 1.0000000000000000e+00 -1.2000000000000000e+01
9.8999999999999999e-01 4.1929175723240331e+00 0.0000000000000000e+00 1.0000000000000000e+00 4.8600000000000000e+02 2.6633984299889030e-03 2.5503839993440185e-02 0.0000000000000000e+00 -5.3824462608788907e-05 2.7172228925976933e-03 -5.1540560610496963e-04 2.6019245599545153e-02 0.0000000000000000e+00 0.0000000000000000e+00 0.0000000000000000e+00 26 0 0 4.3750000000000000e-01 0.0000000000000000e+00 1.0000000000000000e+00 -2.0000000000000000e+00
9.9943765867480960e-01 3.8850110794409201e+00 0.0000000000000000e+00 1.0000000000000000e+00 4.8700000000000000e+02 3.6586814480243689e-03 3.1673066686566671e-02 0.0000000000000000e+00 -8.8463045318212924e-05 3.7471444933425808e-03 -7.6582123190132049e-04 3.2438887918467989e-02 0.0000000000000000e+00 0.0000000000000000e+00 0.0000000000000000e+00 26 0 4 4.3750000000000000e-01 0.0000000000000000e+00 1.0000000000000000e+00 -3.2500000000000000e+00
9.9996837722339826e-01 3.7908525667773167e+00 0.0000000000000000e+00 1.0000000000000000e+00 4.8800000000000000e+02 4.0545530086591496e-03 3.3980400844644404e-02 0.0000000000000000e+00 -1.0296173158603546e-04 4.1575147402451856e-03 -8.6290175599632762e-04 3.4843302600640724e-02 0.0000000000000000e+00 0.0000000000000000e+00 0.0000000000000000e+00 26 0 8 4.3750000000000000e-01 0.0000000000000000e+00 1.0000000000000000e+00 -4.5000000000000000e+00
9.9999822172058994e-01 3.7579767422518611e+00 0.0000000000000000e+00 1.0000000000000000e+00 4.8900000000000000e+02 4.2050716601251667e-03 3.4839122382317025e-02 0.0000000000000000e+00 -1.0859360658596723e-04 4.3136652667111301e-03 -8.9970070799532938e-04 3.5738823090312372e-02 0.0000000000000000e+00 0.0000000000000000e+00 0.0000000000000000e+00 26 0 12 4.3750000000000000e-01 0.0000000000000000e+00 1.0000000000000000e+00 -5.7500000000000000e+00
9.9999990000000005e-01 3.7458352935023216e+00 0.0000000000000000e+00 1.0000000000000000e+00 4.9000000000000000e+02 4.2623474772626258e-03 3.5163299627405928e-02 0.0000000000000000e+00 -1.1075744655408384e-04 4.3731049238167133e-03 -9.1372120642985275e-04 3.6077020833835786e-02 0.0000000000000000e+00 0.0000000000000000e+00 0.0000000000000000e+00 26 0 16 4.3750000000000000e-01 0.0000000000000000e+00 1.0000000000000000e+00 -7.0000000000000000e+00
9.9999999437658671e-01 3.7412494545508426e+00 0.0000000000000000e+00 1.0000000000000000e+00 4.9100000000000000e+02 4.2842202964102332e-03 3.5286725837910531e-02 0.0000000000000000e+00 -1.1158709549494633e-04 4.3958073919051792e-03 -9.1908047984325244e-04 3.6205806317753796e-02 0.0000000000000000e+00 0.0000000000000000e+00 0.0000000000000000e+00 26 0 20 4.3750000000000000e-01 0.0000000000000000e+00 1.0000000000000000e+00 -8.2500000000000000e+00
9.9999999968377229e-01 3.7395021417057999e+00 0.0000000000000000e+00 1.0000000000000000e+00 4.9200000000000000e+02 4.2925890553843563e-03 3.5333895650165564e-02 0.0000000000000000e+00 -1.1190502951249510e-04 4.4044940848968527e-03 -9.2113188206625462e-04 3.6255027532231837e-02 0.0000000000000000e+00 0.0000000000000000e+00 0.0000000000000000e+00 26 0 24 4.3750000000000000e-01 0.0000000000000000e+00 1.0000000000000000e+00 -9.5000000000000000e+00
9.9999999998221722e-01 3.7388341203961941e+00 0.0000000000000000e+00 1.0000000000000000e+00 4.9300000000000000e+02 4.2957936109470195e-03 3.5351949914601409e-02 0.0000000000000000e+00 -1.1202684709121808e-04 4.4078204580382373e-03 -9.2191754216664433e-04 3.6273867456768034e-02 0.0000000000000000e+00 0.0000000000000000e+00 0.0000000000000000e+00 26 0 28 4.3750000000000000e-01 0.0000000000000000e+00 1.0000000000000000e+00 -1.0750000000000000e+01
9.9999999999900002e-01 3.7385783850656127e+00 0.0000000000000000e+00 1.0000000000000000e+00 4.9400000000000000e+02 4.2970210992898028e-03 3.5358864242847524e-02 0.0000000000000000e+00 -1.1207353889630149e-04 4.4090946381861043e-03 -9.2221866159902354e-04 3.6281082904446545e-02 0.0000000000000000e+00 0.0000000000000000e+00 0.0000000000000000e+00 26 0 32 4.3750000000000000e-01 0.0000000000000000e+00 1.0000000000000000e+00 -1.2000000000000000e+01
9.8999999999999999e-01 4.2205805759955091e+00 5.0000000000000003e-02 1.0000000000000000e+00 4.9500000000000000e+02 2.6031035034259674e-03 2.5029911334479946e-02 1.1880261848462635e-16 -5.2217539487968857e-05 2.6553210429139367e-03 -5.0089244648946428e-04 2.5530803780969408e-02 -2.3772825010405077e-18 1.2117990098566683e-16 1.0031838686205447e+01 26 4 0 4.3750000000000000e-01 5.0000000000000003e-02 1.0000000000000000e+00 -2.0000000000000000e+00
9.9943765867480960e-01 3.9115156561883193e+00 5.0000000000000003e-02 1.0000000000000000e+00 4.9600000000000000e+02 3.5745435767235278e-03 3.1081629779396248e-02 -9.8208531099651447e-17 -8.5741844923114185e-05 3.6602854216466426e-03 -7.4387087401903769e-04 3.1825500653415204e-02 2.3504922288781212e-18 -1.0055902332852970e-16 1.1693276361562312e+01 26 4 4 4.3750000000000000e-01 5.0000000000000003e-02 1.0000000000000000e+00 -3.2500000000000000e+00
9.9996837722339826e-01 3.8227358221840539e+00 5.0000000000000003e-02 1.0000000000000000e+00 4.9700000000000000e+02 3.9359562422814076e-03 3.3201130146980597e-02 8.6717666220971196e-17 -9.8853980435410915e-05 4.0348102227168196e-03 -8.3202995410150546e-04 3.4033160101082031e-02 -2.1730731632690340e-18 8.8890739384240141e-17 1.1946831272915006e+01 26 4 8 4.3750000000000000e-01 5.0000000000000003e-02 1.0000000000000000e+00 -4.5000000000000000e+00
9.9999822172058994e-01 3.7972073480862800e+00 5.0000000000000003e-02 1.0000000000000000e+00 4.9800000000000000e+02 4.0481677193652367e-03 3.3846841008045046e-02 3.0062033758366843e-17 -1.0299786728507724e-04 4.1511655866503161e-03 -8.5928301133565807e-04 3.4706124019380703e-02 -7.6319662708326958e-19 3.0825230385450112e-17 1.5157985042780638e+01 26 4 12 4.3750000000000000e-01 5.0000000000000003e-02 1.0000000000000000e+00 -5.7500000000000000e+00
9.9999990000000005e-01 3.7905540954949180e+00 5.0000000000000003e-02 1.0000000000000000e+00 4.9900000000000000e+02 4.0780497182330384e-03 3.4017845263737190e-02 -2.8402898170849988e-17 -1.0410798106302148e-04 4.1821576992960470e-03 -8.6653932470669994e-04 3.4884384588443770e-02 7.2340829697664866e-19 -2.9126306467826650e-17 1.2111377185210586e+01 26 4 16 4.3750000000000000e-01 5.0000000000000003e-02 1.0000000000000000e+00 -7.0000000000000000e+00
9.9999999437658671e-01 3.7889289229964134e+00 5.0000000000000003e-02 1.0000000000000000e+00 5.0000000000000000e+02 4.0853894139672208e-03 3.4059787289674209e-02 5.4428320703355461e-18 -1.0438109553536712e-04 4.1897705095025788e-03 -8.6832176207358969e-04 3.4928109051747772e-02 -1.3906355471875508e-19 5.5818956250543039e-18 1.3667709628120065e+01 26 4 20 4.3750000000000000e-01 5.0000000000000003e-02 1.0000000000000000e+00 -8.2500000000000000e+00
9.9999999968377229e-01 3.7885405858125969e+00 5.0000000000000003e-02 1.0000000000000000e+00 5.0100000000000000e+02 4.0871456058249314e-03 3.4069819362980737e-02 9.4410349489108682e-17 -1.0444647083313096e-04 4.1915920766580515e-03 -8.6874826151138202e-04 3.4938567624492101e-02 -2.4075774754870556e-18 9.6817926964595782e-17 1.3573175062425435e+01 26 4 24 4.3750000000000000e-01 5.0000000000000003e-02 1.0000000000000000e+00 -9.5000000000000000e+00
9.9999999998221722e-01 3.7884483265455584e+00 5.0000000000000003e-02 1.0000000000000000e+00 5.0200000000000000e+02 4.0875629690348848e-03 3.4072203313527026e-02 7.9285974455036570e-17 -1.0446200879886317e-04 4.1920249778337453e-03 -8.6884961972346611e-04 3.4941052933250470e-02 -2.0220146074012844e-18 8.1307989062437780e-17 1.3595113597810268e+01 26 4 28 4.3750000000000000e-01 5.0000000000000003e-02 1.0000000000000000e+00 -1.0750000000000000e+01
9.9999999999900002e-01 3.7884264380076891e+00 5.0000000000000003e-02 1.0000000000000000e+00 5.0300000000000000e+02 4.0876618403949266e-03 3.4072767636596960e-02 5.0839904921929372e-17 -1.0446572655878525e-04 4.1921275669537135e-03 -8.6887392846689878e-04 3.4941641565063894e-02 -1.2967489149482668e-18 5.2136653836877621e-17 1.2227645177394152e+01 26 4 32 4.3750000000000000e-01 5.0000000000000003e-02 1.0000000000000000e+00 -1.2000000000000000e+01
9.8999999999999999e-01 4.2540511972441397e+00 1.0000000000000001e-01 1.0000000000000000e+00 5.0400000000000000e+02 2.5565264035381620e-03 2.4502335037988848e-02 6.3399194444696405e-18 -5.1304043908557558e-05 2.6078304474467231e-03 -4.8720701258411065e-04 2.4989542050573015e-02 -1.2522908796603050e-19 6.4651485324356653e-18 1.3264971521683037e+01 26 8 0 4.3750000000000000e-01 1.0000000000000001e-01 1.0000000000000000e+00 -2.0000000000000000e+00
9.9943765867480960e-01 3.9479623699905542e+00 1.0000000000000001e-01 1.0000000000000000e+00 5.0500000000000000e+02 3.4924135446558389e-03 3.0328468710722402e-02 2.6937091411414117e-17 -8.3529941484638520e-05 3.5759434861404814e-03 -7.1911775901169748e-04 3.1047586469734125e-02 -6.3870487477730496e-19 2.7575796286191445e-17 1.5272237577475607e+01 26 8 4 4.3750000000000000e-01 1.0000000000000001e-01 1.0000000000000000e+00 -3.2500000000000000e+00
9.9996837722339826e-01 3.8663938996473872e+00 1.0000000000000001e-01 1.0000000000000000e+00 5.0600000000000000e+02 3.8129578795573901e-03 3.2211469237322050e-02 8.2442008626423359e-17 -9.5092534006058208e-05 3.9080504135634514e-03 -7.9652511962889844e-04 3.3007994356950926e-02 -2.0379101294315652e-18 8.4479918755855119e-17 1.5781174705363810e+01 26 8 8 4.3750000000000000e-01 1.0000000000000001e-01 1.0000000000000000e+00 -4.5000000000000000e+00
9.9999822172058994e-01 3.8452341355048145e+00 1.0000000000000001e-01 1.0000000000000000e+00 5.0700000000000000e+02 3.9020707508102995e-03 3.2726317412302287e-02 -6.5735552138632997e-17 -9.8351474514991245e-05 4.0004222253252862e-03 -8.1791211360760061e-04 3.3544229525909929e-02 1.6414224068741711e-18 -6.7376974545507194e-17 1.7890206962823868e+01 26 8 12 4.3750000000000000e-01 1.0000000000000001e-01 1.0000000000000000e+00 -5.7500000000000000e+00
9.9999990000000005e-01 3.8400473854950858e+00 1.0000000000000001e-01 1.0000000000000000e+00 5.0800000000000000e+02 3.9243073389805460e-03 3.2854226338531023e-02 4.7256107335493499e-17 -9.9167918180950861e-05 4.0234752571614999e-03 -8.2324281616217394e-04 3.3677469154693190e-02 -1.1848585600875061e-18 4.8440965895580933e-17 1.6096467377617955e+01 26 8 16 4.3750000000000000e-01 1.0000000000000001e-01 1.0000000000000000e+00 -7.0000000000000000e+00
9.9999999437658671e-01 3.8388063229880309e+00 1.0000000000000001e-01 1.0000000000000000e+00 5.0900000000000000e+02 3.9296512112641313e-03 3.2884932101376184e-02 2.9207687025746217e-17 -9.9364322569443141e-05 4.0290155338335793e-03 -8.2452358297001110e-04 3.3709455684346204e-02 -7.3232405292778955e-19 2.9940011078674015e-17 1.9487170931883156e+01 26 8 20 4.3750000000000000e-01 1.0000000000000001e-01 1.0000000000000000e+00 -8.2500000000000000e+00
9.9999999968377229e-01 3.8385113716562795e+00 1.0000000000000001e-01 1.0000000000000000e+00 5.1000000000000000e+02 3.9309225586554690e-03 3.2892235344202478e-02 1.0399528792251946e-16 -9.9411060086216602e-05 4.0303336187416773e-03 -8.2482827136746094e-04 3.3717063615570010e-02 -2.6082287261790222e-18 1.0660351664869838e-16 1.8802808485925198e+01 26 8 24 4.3750000000000000e-01 1.0000000000000001e-01 1.0000000000000000e+00 -9.5000000000000000e+00
9.9999999998221722e-01 3.8384413908414556e+00 1.0000000000000001e-01 1.0000000000000000e+00 5.1100000000000000e+02 3.9312242797697626e-03 3.2893968480969767e-02 -1.0225499530082800e-16 -9.9422152545525065e-05 4.0306464323152892e-03 -8.2490057961450791e-04 3.3718869060584543e-02 2.5643061262410587e-18 -1.0481930142706894e-16 2.2126981833949685e+01 26 8 28 4.3750000000000000e-01 1.0000000000000001e-01 1.0000000000000000e+00 -1.0750000000000000e+01
9.9999999999900002e-01 3.8384247939929512e+00 1.0000000000000001e-01 1.0000000000000000e+00 5.1200000000000000e+02 3.9312957702919721e-03 3.2894378938721415e-02 -7.8277731853974072e-17 -9.9424794427692049e-05 4.0307205647196727e-03 -8.2491781724188678e-04 3.3719296755963399e-02 1.9641459434416368e-18 -8.0241877797415678e-17 2.0175213895738125e+01 26 8 32 4.3750000000000000e-01 1.0000000000000001e-01 1.0000000000000000e+00 -1.2000000000000000e+01
9.8999999999999999e-01 4.2920042793140603e+00 1.5000000000000002e-01 1.0000000000000000e+00 5.1300000000000000e+02 2.5239083175429993e-03 2.3939580717197026e-02 -6.4908697359522563e-17 -5.1026891702402220e-05 2.5749352092454027e-03 -4.7473122825959741e-04 2.4414311945456606e-02 1.2875985883109509e-18 -6.6196295947833397e-17 1.7868010273203254e+01 26 12 0 4.3750000000000000e-01 1.5000000000000002e-01 1.0000000000000000e+00 -2.0000000000000000e+00
9.9943765867480960e-01 3.9897303498693413e+00 1.5000000000000002e-01 1.0000000000000000e+00 5.1400000000000000e+02 3.4262341541821829e-03 2.9518317299157801e-02 -2.6217532410972845e-17 -8.2212535498983418e-05 3.5084466896811643e-03 -6.9547193124477370e-04 3.0213789230402573e-02 6.1770316083877725e-19 -2.6835235571811621e-17 2.0538012647069991e+01 26 12 4 4.3750000000000000e-01 1.5000000000000002e-01 1.0000000000000000e+00 -3.2500000000000000e+00
9.9996837722339826e-01 3.9133406482155069e+00 1.5000000000000002e-01 1.0000000000000000e+00 5.1500000000000000e+02 3.7174175822146222e-03 3.1221097663742342e-02 -7.9887985479321225e-17 -9.2711734668151225e-05 3.8101293168827689e-03 -7.6479772764562290e-04 3.1985895391388020e-02 1.9554859494063827e-18 -8.1843471428727562e-17 2.0239622326567769e+01 26 12 8 4.3750000000000000e-01 1.5000000000000002e-01 1.0000000000000000e+00 -4.5000000000000000e+00
9.9999822172058994e-01 3.8944002950619754e+00 1.5000000000000002e-01 1.0000000000000000e+00 5.1600000000000000e+02 3.7944258504277665e-03 3.1664698918359914e-02 1.4061951122794587e-17 -9.5518345851798009e-05 3.8899441962795601e-03 -7.8299089560887754e-04 3.2447689813968734e-02 -3.4771780815073929e-19 1.4409668930945301e-17 2.0087513955309987e+01 26 12 12 4.3750000000000000e-01 1.5000000000000002e-01 1.0000000000000000e+00 -5.7500000000000000e+00
9.9999990000000005e-01 3.8898422571706233e+00 1.5000000000000002e-01 1.0000000000000000e+00 5.1700000000000000e+02 3.8132575939825606e-03 3.1772767014627140e-02 4.2329828994827766e-17 -9.6206622168667368e-05 3.9094642161512311e-03 -7.8743211375999179e-04 3.2560199128387160e-02 -1.0490703156307191e-18 4.3378899310458639e-17 2.2587236099876463e+01 26 12 16 4.3750000000000000e-01 1.5000000000000002e-01 1.0000000000000000e+00 -7.0000000000000000e+00
9.9999999437658671e-01 3.8887572437232363e+00 1.5000000000000002e-01 1.0000000000000000e+00 5.1800000000000000e+02 3.8177576982975732e-03 3.1798567699478204e-02 1.4121400804024999e-17 -9.6371209604905240e-05 3.9141289079024739e-03 -7.8849297485339225e-04 3.2587060674331640e-02 -3.5016122217496826e-19 1.4471562026199987e-17 2.0357233396731317e+01 26 12 20 4.3750000000000000e-01 1.5000000000000002e-01 1.0000000000000000e+00 -8.2500000000000000e+00
9.9999999968377229e-01 3.8884997083543591e+00 1.5000000000000002e-01 1.0000000000000000e+00 5.1900000000000000e+02 3.8188268096774583e-03 3.1804695952642979e-02 -1.6958997804638979e-18 -9.6410317933505932e-05 3.9152371276109446e-03 -7.8874498470832472e-04 3.2593440937351281e-02 4.2814781912483965e-20 -1.7387145623763732e-18 2.0480832752771676e+01 26 12 24 4.3750000000000000e-01 1.5000000000000002e-01 1.0000000000000000e+00 -9.5000000000000000e+00
9.9999999998221722e-01 3.8884386235493369e+00 1.5000000000000002e-01 1.0000000000000000e+00 5.2000000000000000e+02 3.8190804475944904e-03 3.1806149755031793e-02 -7.5711876820402255e-17 -9.6419596311983407e-05 3.9155000439064658e-03 -7.8880476962940181e-04 3.2594954524661185e-02 1.8799551413741552e-18 -7.7591831961776497e-17 2.1165522517636418e+01 26 12 28 4.3750000000000000e-01 1.5000000000000002e-01 1.0000000000000000e+00 -1.0750000000000000e+01
9.9999999999900002e-01 3.8884241376173359e+00 1.5000000000000002e-01 1.0000000000000000e+00 5.2100000000000000e+02 3.8191406271303316e-03 3.1806494794482637e-02 -9.2090291416038993e-17 -9.6421802624119460e-05 3.9155624297544456e-03 -7.8881900818686792e-04 3.2595313802669446e-02 2.2808625418642602e-18 -9.4371153957903190e-17 2.0799851357936859e+01 26 12 32 4.3750000000000000e-01 1.5000000000000002e-01 1.0000000000000000e+00 -1.2000000000000000e+01
9.8999999999999999e-01 4.3334098647251684e+00 2.0000000000000001e-01 1.0000000000000000e+00 5.2200000000000000e+02 2.5034131518774810e-03 2.3349051551928665e-02 -1.9626384940343280e-17 -5.1266790590858127e-05 2.5546799424683458e-03 -4.6343274952841238e-04 2.3812484301457125e-02 3.8884393858838628e-19 -2.0015228878931647e-17 2.0148698797449470e+01 26 16 0 4.3750000000000000e-01 2.0000000000000001e-01 1.0000000000000000e+00 -2.0000000000000000e+00
9.9943765867480960e-01 4.0345158410290871e+00 2.0000000000000001e-01 1.0000000000000000e+00 5.2300000000000000e+02 3.3783673983703872e-03 2.8690422327389661e-02 6.7399209475329825e-18 -8.1762043987811936e-05 3.4601294423582036e-03 -6.7408390185778541e-04 2.9364506229247446e-02 -1.5411482130757700e-19 6.8940357688405494e-18 2.4738082870841026e+01 26 16 4 4.3750000000000000e-01 2.0000000000000001e-01 1.0000000000000000e+00 -3.2500000000000000e+00
9.9996837722339826e-01 3.9616204559916861e+00 2.0000000000000001e-01 1.0000000000000000e+00 5.2400000000000000e+02 3.6495367718230591e-03 3.0259472781215015e-02 -1.0196465555253927e-17 -9.1581679958239754e-05 3.7411184517812928e-03 -7.3752061693562214e-04 3.0996993398150669e-02 2.4618407624427898e-19 -1.0442649631498218e-17 2.3421257542446256e+01 26 16 8 4.3750000000000000e-01 2.0000000000000001e-01 1.0000000000000000e+00 -4.5000000000000000e+00
9.9999822172058994e-01 3.9439525125571575e+00 2.0000000000000001e-01 1.0000000000000000e+00 5.2500000000000000e+02 3.7194336573992924e-03 3.0658316791996518e-02 -1.3449851644090196e-16 -9.4134144269972911e-05 3.8135678016692621e-03 -7.5372617434583879e-04 3.1412042966342348e-02 3.3054126543367791e-18 -1.3780392909523859e-16 2.3543337231501937e+01 26 16 12 4.3750000000000000e-01 2.0000000000000001e-01 1.0000000000000000e+00 -5.7500000000000000e+00
9.9999990000000005e-01 3.9397335711509136e+00 2.0000000000000001e-01 1.0000000000000000e+00 5.2600000000000000e+02 3.7363773143033649e-03 3.0754669014284388e-02 -8.1946899970522532e-17 -9.4754167239800927e-05 3.8311314815431654e-03 -7.5764602765310859e-04 3.1512315041937494e-02 2.0187745545990482e-18 -8.3965674525121809e-17 2.4075226714834571e+01 26 16 16 4.3750000000000000e-01 2.0000000000000001e-01 1.0000000000000000e+00 -7.0000000000000000e+00
9.9999999437658671e-01 3.9387313257374368e+00 2.0000000000000001e-01 1.0000000000000000e+00 5.2700000000000000e+02 3.7404169267059254e-03 3.0777621879992945e-02 1.1802885164327847e-16 -9.4902063401201465e-05 3.8353189901071251e-03 -7.5858009568095493e-04 3.1536201975673916e-02 -2.9054601706435221e-18 1.2093431181392182e-16 2.3883645068854094e+01 26 16 20 4.3750000000000000e-01 2.0000000000000001e-01 1.0000000000000000e+00 -8.2500000000000000e+00
9.9999999968377229e-01 3.9384935540650732e+00 2.0000000000000001e-01 1.0000000000000000e+00 5.2800000000000000e+02 3.7413760995086329e-03 3.0783070782987591e-02 -4.1011288742326481e-17 -9.4937184316559115e-05 3.8363132838251930e-03 -7.5880185549645647e-04 3.1541872638483980e-02 1.0109271493205509e-18 -4.2022215891647015e-17 2.3921405204571784e+01 26 16 24 4.3750000000000000e-01 2.0000000000000001e-01 1.0000000000000000e+00 -9.5000000000000000e+00
9.9999999998221722e-01 3.9384371638844087e+00 2.0000000000000001e-01 1.0000000000000000e+00 5.2900000000000000e+02 3.7416036209945015e-03 3.0784363228722088e-02 -1.0438321094898503e-16 -9.4945515031995276e-05 3.8365491360264877e-03 -7.5885445380172623e-04 3.1543217682523710e-02 2.5694997619919817e-18 -1.0695271071097676e-16 2.3886713633313775e+01 26 16 28 4.3750000000000000e-01 2.0000000000000001e-01 1.0000000000000000e+00 -1.0750000000000000e+01
9.9999999999900002e-01 3.9384237912878435e+00 2.0000000000000001e-01 1.0000000000000000e+00 5.3000000000000000e+02 3.7416575792417442e-03 3.0784669712979981e-02 2.9003909054559827e-17 -9.4947479432924361e-05 3.8366050586746713e-03 -7.5886681376437790e-04 3.1543536526744326e-02 -7.1617427853073828e-19 2.9720083333090533e-17 2.6455823480151594e+01 26 16 32 4.3750000000000000e-01 2.0000000000000001e-01 1.0000000000000000e+00 -1.2000000000000000e+01
9.8999999999999999e-01 4.3774882921775635e+00 2.5000000000000000e-01 1.0000000000000000e+00 5.3100000000000000e+02 2.4916731245352708e-03 2.2728955194588740e-02 -3.1387576408326598e-17 -5.1867195042229793e-05 2.5435403195774925e-03 -4.5297293850922834e-04 2.3181928133097912e-02 6.2651484470151419e-19 -3.2014091253028041e-17 2.5276894793845713e+01 26 20 0 4.3750000000000000e-01 2.5000000000000000e-01 1.0000000000000000e+00 -2.0000000000000000e+00
9.9943765867480960e-01 4.0811396795907875e+00 2.5000000000000000e-01 1.0000000000000000e+00 5.3200000000000000e+02 3.3456169664806152e-03 2.7850899248864146e-02 -6.4252742606204389e-18 -8.1974300802303013e-05 3.4275912672829230e-03 -6.5478410363423731e-04 2.8505683352498451e-02 1.4516694532008578e-19 -6.5704412059405226e-18 2.9765295839868486e+01 26 20 4 4.3750000000000000e-01 2.5000000000000000e-01 1.0000000000000000e+00 -3.2500000000000000e+00
9.9996837722339826e-01 4.0105750798502378e+00 2.5000000000000000e-01 1.0000000000000000e+00 5.3300000000000000e+02 3.6031605587620386e-03 2.9317773347694021e-02 6.4004989020141753e-18 -9.1371390535230419e-05 3.6945319492972593e-03 -7.1382960684840510e-04 3.0031602954542377e-02 -1.6230819450276787e-19 6.5628070965169260e-18 2.7656538131646812e+01 26 20 8 4.3750000000000000e-01 2.5000000000000000e-01 1.0000000000000000e+00 -4.5000000000000000e+00
9.9999822172058994e-01 3.9936864781777990e+00 2.5000000000000000e-01 1.0000000000000000e+00 5.3400000000000000e+02 3.6685918994465998e-03 2.9685595359174848e-02 5.7619756581601374e-17 -9.3774523269684785e-05 3.7623664227162913e-03 -7.2868216084677364e-04 3.0414277520021672e-02 -1.4193323019978217e-18 5.9039088883599028e-17 2.7998139300383627e+01 26 20 12 4.3750000000000000e-01 2.5000000000000000e-01 1.0000000000000000e+00 -5.7500000000000000e+00
9.9999990000000005e-01 3.9896693853870029e+00 2.5000000000000000e-01 1.0000000000000000e+00 5.3500000000000000e+02 3.6843819641006847e-03 2.9774076892378085e-02 3.4758456017783734e-17 -9.4355335758416350e-05 3.7787372998590971e-03 -7.3225753455566215e-04 3.0506334426933714e-02 -8.4985645027645698e-19 3.5608312468060109e-17 2.8694541047327220e+01 26 20 16 4.3750000000000000e-01 2.5000000000000000e-01 1.0000000000000000e+00 -7.0000000000000000e+00
9.9999999437658671e-01 3.9887160419365513e+00 2.5000000000000000e-01 1.0000000000000000e+00 5.3600000000000000e+02 3.6881422336880521e-03 2.9795131999967864e-02 1.3231696627244045e-17 -9.4493701117843434e-05 3.7826359348059071e-03 -7.3310847352645264e-04 3.0528240473494325e-02 -3.2556556274274790e-19 1.3557262189986796e-17 2.9011050557717681e+01 26 20 20 4.3750000000000000e-01 2.5000000000000000e-01 1.0000000000000000e+00 -8.2500000000000000e+00
9.9999999968377229e-01 3.9884899261351050e+00 2.5000000000000000e-01 1.0000000000000000e+00 5.3700000000000000e+02 3.6890348320541737e-03 2.9800129077969244e-02 2.4829570987654145e-17 -9.4526548579349233e-05 3.7835613806335208e-03 -7.3331043776180091e-04 3.0533439515731054e-02 -6.0933228549242489e-19 2.5438903273146590e-17 2.9167594991624355e+01 26 20 24 4.3750000000000000e-01 2.5000000000000000e-01 1.0000000000000000e+00 -9.5000000000000000e+00
9.9999999998221722e-01 3.9884363032327403e+00 2.5000000000000000e-01 1.0000000000000000e+00 5.3800000000000000e+02 3.6892465528337737e-03 2.9801314319304727e-02 -1.1583326998380015e-16 -9.4534340916090198e-05 3.7837808937498615e-03 -7.3335834910824853e-04 3.0534672668412990e-02 2.8471254066096054e-18 -1.1868039539040992e-16 3.2659730071201921e+01 26 20 28 4.3750000000000000e-01 2.5000000000000000e-01 1.0000000000000000e+00 -1.0750000000000000e+01
9.9999999999900002e-01 3.9884235868907068e+00 2.5000000000000000e-01 1.0000000000000000e+00 5.3900000000000000e+02 3.6892967928356373e-03 2.9801595646853314e-02 -8.3194363701838790e-18 -9.4536184805666176e-05 3.7838329776412921e-03 -7.3336967788792515e-04 3.0534965324741200e-02 1.9973406194348046e-19 -8.5191704321273736e-18 3.2835189414210618e+01 26 20 32 4.3750000000000000e-01 2.5000000000000000e-01 1.0000000000000000e+00 -1.2000000000000000e+01
9.8999999999999999e-01 4.4236548696463185e+00 3.0000000000000004e-01 1.0000000000000000e+00 5.4000000000000000e+02 2.4842361844877011e-03 2.2070237970278128e-02 5.2315440159868493e-17 -5.2652105887982020e-05 2.5368882903756902e-03 -4.4280351884865612e-04 2.2513041489126740e-02 -1.0533680203238398e-18 5.3368808180192411e-17 2.7413840845227242e+01 26 24 0 4.3750000000000000e-01 3.0000000000000004e-01 1.0000000000000000e+00 -2.0000000000000000e+00
9.9943765867480960e-01 4.1289564951356308e+00 3.0000000000000004e-01 1.0000000000000000e+00 5.4100000000000000e+02 3.3221534434332086e-03 2.6988928670012138e-02 -6.2878125034216721e-17 -8.2578810255873702e-05 3.4047322536890838e-03 -6.3679778066860521e-04 2.7625726450680725e-02 1.4873198334507555e-18 -6.4365444867667307e-17 3.3994121381081641e+01 26 24 4 4.3750000000000000e-01 3.0000000000000004e-01 1.0000000000000000e+00 -3.2500000000000000e+00
9.9996837722339826e-01 4.0599209596362762e+00 3.0000000000000004e-01 1.0000000000000000e+00 5.4200000000000000e+02 3.5702723137756246e-03 2.8374309944625146e-02 5.9832585595198788e-17 -9.1716471780535686e-05 3.6619887855561611e-03 -6.9243895829983876e-04 2.9066748902924974e-02 -1.4560627583373709e-18 6.1288648353535817e-17 3.2022760034538805e+01 26 24 8 4.3750000000000000e-01 3.0000000000000004e-01 1.0000000000000000e+00 -4.5000000000000000e+00
9.9999822172058994e-01 4.0435219037359404e+00 3.0000000000000004e-01 1.0000000000000000e+00 5.4300000000000000e+02 3.6327687218409466e-03 2.8718942331599204e-02 8.4436586680634418e-17 -9.4029768653903579e-05 3.7267984904948460e-03 -7.0630427746920402e-04 2.9425246609068381e-02 -2.0703619424734396e-18 8.6506948623107515e-17 3.2247882667928934e+01 26 24 12 4.3750000000000000e-01 3.0000000000000004e-01 1.0000000000000000e+00 -5.7500000000000000e+00
9.9999990000000005e-01 4.0396297966988213e+00 3.0000000000000004e-01 1.0000000000000000e+00 5.4400000000000000e+02 3.6478124403453486e-03 2.8801651221355268e-02 -2.5581005066537504e-17 -9.4587221628999245e-05 3.7423996619743486e-03 -7.0963279685083334e-04 2.9511284018206092e-02 6.3028053607435316e-19 -2.6211285602611848e-17 3.2867013796232641e+01 26 24 16 4.3750000000000000e-01 3.0000000000000004e-01 1.0000000000000000e+00 -7.0000000000000000e+00
9.9999999437658671e-01 4.0387066219474743e+00 3.0000000000000004e-01 1.0000000000000000e+00 5.4500000000000000e+02 3.6513927048038718e-03 2.8821321091347680e-02 -6.3996188551457935e-17 -9.4719924070994337e-05 3.7461126288748630e-03 -7.1042443634994682e-04 2.9531745527697641e-02 1.5774591329841150e-18 -6.5573647684442084e-17 3.4986774795688689e+01 26 24 20 4.3750000000000000e-01 3.0000000000000004e-01 1.0000000000000000e+00 -8.2500000000000000e+00
9.9999999968377229e-01 4.0384876904840494e+00 3.0000000000000004e-01 1.0000000000000000e+00 5.4600000000000000e+02 3.6522424448620092e-03 2.8825988746086877e-02 1.2801310565396518e-17 -9.4751421565857433e-05 3.7469938664278718e-03 -7.1061229482392114e-04 2.9536601040910757e-02 -3.1557525251809488e-19 1.3116885817914595e-17 4.3092702874913812e+01 26 24 24 4.3750000000000000e-01 3.0000000000000004e-01 1.0000000000000000e+00 -9.5000000000000000e+00
9.9999999998221722e-01 4.0384357729157641e+00 3.0000000000000004e-01 1.0000000000000000e+00 5.4700000000000000e+02 3.6524439904286774e-03 2.8827095795984480e-02 -7.8432824131595756e-17 -9.4758892388899135e-05 3.7472028828175793e-03 -7.1065684974911151e-04 2.9537752645733592e-02 1.9356516349249533e-18 -8.0368475766520688e-17 3.7784788552671671e+01 26 24 28 4.3750000000000000e-01 3.0000000000000004e-01 1.0000000000000000e+00 -1.0750000000000000e+01
9.9999999999900002e-01 4.0384234609437204e+00 3.0000000000000004e-01 1.0000000000000000e+00 5.4800000000000000e+02 3.6524917643094754e-03 2.8827358224381271e-02 1.6220321815960561e-18 -9.4760661443483123e-05 3.7472524257529520e-03 -7.1066739772047722e-04 2.9538025622101758e-02 -4.2082187265305714e-20 1.6641143688613587e-18 4.3553681261837482e+01 26 24 32 4.3750000000000000e-01 3.0000000000000004e-01 1.0000000000000000e+00 -1.2000000000000000e+01
9.8999999999999999e-01 4.4714708366639897e+00 3.5000000000000003e-01 1.0000000000000000e+00 5.4900000000000000e+02 2.4758880744416662e-03 2.1358210547312004e-02 -6.1864053097990692e-18 -5.3437244845679230e-05 2.5293253192873472e-03 -4.3224119970149626e-04 2.1790451747013457e-02 1.2076094131983403e-19 -6.3071662511188949e-18 3.0729253317229450e+01 26 28 0 4.3750000000000000e-01 3.5000000000000003e-01 1.0000000000000000e+00 -2.0000000000000000e+00
9.9943765867480960e-01 4.1775885966845179e+00 3.5000000000000003e-01 1.0000000000000000e+00 5.5000000000000000e+02 3.3008034611791896e-03 2.6084158383518116e-02 9.1203695088178214e-17 -8.3284563027606522e-05 3.3840880242067863e-03 -6.1906933402622105e-04 2.6703227717544239e-02 -2.1623903153332424e-18 9.3366085403511207e-17 3.5533541527576745e+01 26 28 4 4.3750000000000000e-01 3.5000000000000003e-01 1.0000000000000000e+00 -3.2500000000000000e+00
9.9996837722339826e-01 4.1095151684064879e+00 3.5000000000000003e-01 1.0000000000000000e+00 5.5100000000000000e+02 3.5421121941175771e-03 2.7401121714061543e-02 3.9651655083980935e-17 -9.2257410455613150e-05 3.6343696045731890e-03 -6.7193033431837219e-04 2.8073052048379839e-02 -9.7713207474929774e-19 4.0628787158730005e-17 3.6321921752765775e+01 26 28 8 4.3750000000000000e-01 3.5000000000000003e-01 1.0000000000000000e+00 -4.5000000000000000e+00
9.9999822172058994e-01 4.0934202775922213e+00 3.5000000000000003e-01 1.0000000000000000e+00 5.5200000000000000e+02 3.6025740723902243e-03 2.7727186521785744e-02 -8.4593546203542071e-17 -9.4514257588739967e-05 3.6970883299789772e-03 -6.8502544828871954e-04 2.8412211970074448e-02 2.0875141084319096e-18 -8.6681060311973994e-17 3.7393366090022027e+01 26 28 12 4.3750000000000000e-01 3.5000000000000003e-01 1.0000000000000000e+00 -5.7500000000000000e+00
9.9999990000000005e-01 4.0896053806657680e+00 3.5000000000000003e-01 1.0000000000000000e+00 5.5300000000000000e+02 3.6171063619215996e-03 2.7805333875344784e-02 -4.2966923376438528e-17 -9.5057113972251119e-05 3.7121634758938600e-03 -6.8816382583533305e-04 2.8493497701180100e-02 1.0535691641121843e-18 -4.4020492540550719e-17 3.8807576546445489e+01 26 28 16 4.3750000000000000e-01 3.5000000000000003e-01 1.0000000000000000e+00 -7.0000000000000000e+00
9.9999999437658671e-01 4.0887008140022205e+00 3.5000000000000003e-01 1.0000000000000000e+00 5.5400000000000000e+02 3.6205636315173630e-03 2.7823912692780006e-02 -1.0206610170605554e-16 -9.5186283179677793e-05 3.7157499146970446e-03 -6.8890993369755040e-04 2.8512822626477530e-02 2.5320421474804890e-18 -1.0459814385353541e-16 5.1944618063978851e+01 26 28 20 4.3750000000000000e-01 3.5000000000000003e-01 1.0000000000000000e+00 -8.2500000000000000e+00
9.9999999968377229e-01 4.0884863121963448e+00 3.5000000000000003e-01 1.0000000000000000e+00 5.5500000000000000e+02 3.6213841071608723e-03 2.7828321086923364e-02 -1.3272439313897616e-16 -9.5216938721735223e-05 3.7166010458826136e-03 -6.8908696990356132e-04 2.8517408056826916e-02 3.2816073376443677e-18 -1.3600600047662120e-16 5.9268046345561743e+01 26 28 24 4.3750000000000000e-01 3.5000000000000003e-01 1.0000000000000000e+00 -9.5000000000000000e+00
9.9999999998221722e-01 4.0884354461488126e+00 3.5000000000000003e-01 1.0000000000000000e+00 5.5600000000000000e+02 3.6215787102013286e-03 2.7829366651880297e-02 2.1500834838476202e-17 -9.5224209865800826e-05 3.7168029200671244e-03 -6.8912895925435109e-04 2.8518495611134724e-02 -5.2749338176431783e-19 2.2028328220240613e-17 6.6445338808931410e+01 26 28 28 4.3750000000000000e-01 3.5000000000000003e-01 1.0000000000000000e+00 -1.0750000000000000e+01
9.9999999999900002e-01 4.0884233836331099e+00 3.5000000000000003e-01 1.0000000000000000e+00 5.5700000000000000e+02 3.6216248377713908e-03 2.7829614373535018e-02 3.5468169860146206e-17 -9.5225933050471599e-05 3.7168507708218636e-03 -6.8913891417729045e-04 2.8518753287712348e-02 -8.7582865825614985e-19 3.6343998518402318e-17 7.2076307711191475e+01 26 28 32 4.3750000000000000e-01 3.5000000000000003e-01 1.0000000000000000e+00 -1.2000000000000000e+01
9.8999999999999999e-01 4.5206048698682952e+00 4.0000000000000002e-01 1.0000000000000000e+00 5.5800000000000000e+02 2.4608691479463107e-03 2.0573824681692242e-02 -1.0229458981942385e-17 -5.4036357712842172e-05 2.5149055056591482e-03 -4.2052152169529496e-04 2.0994346203387533e-02 2.1074603369448129e-19 -1.0440205015636870e-17 3.9896896657533944e+01 26 32 0 4.3750000000000000e-01 4.0000000000000002e-01 1.0000000000000000e+00 -2.0000000000000000e+00
9.9943765867480960e-01 4.2268017261897404e+00 4.0000000000000002e-01 1.0000000000000000e+00 5.5900000000000000e+02 3.2736221955267119e-03 2.5110239802788138e-02 7.6604525578001406e-17 -8.3798165835555709e-05 3.3574203613622650e-03 -6.0041415601554777e-04 2.5710653958803686e-02 -1.8292482756413731e-18 7.8433773853642923e-17 4.2991957764141262e+01 26 32 4 4.3750000000000000e-01 4.0000000000000002e-01 1.0000000000000000e+00 -3.2500000000000000e+00
9.9996837722339826e-01 4.1592774853645205e+00 4.0000000000000002e-01 1.0000000000000000e+00 5.6000000000000000e+02 3.5095134674621082e-03 2.6366262086129851e-02 5.6986325419922454e-17 -9.2648206932126814e-05 3.6021616743942214e-03 -6.5085006360212684e-04 2.7017112149731983e-02 -1.4040333833691441e-18 5.8390358803291296e-17 4.2758042315952480e+01 26 32 8 4.3750000000000000e-01 4.0000000000000002e-01 1.0000000000000000e+00 -4.5000000000000000e+00
9.9999822172058994e-01 4.1433606332008797e+00 4.0000000000000002e-01 1.0000000000000000e+00 5.6100000000000000e+02 3.5684283023060875e-03 2.6676380279077098e-02 -4.8971471064358279e-17 -9.4864706282240407e-05 3.6632930085883325e-03 -6.6329807012482553e-04 2.7339678349201924e-02 1.2203824558827651e-18 -5.0191853520241094e-17 4.3355117873288691e+01 26 32 12 4.3750000000000000e-01 4.0000000000000002e-01 1.0000000000000000e+00 -5.7500000000000000e+00
9.9999990000000005e-01 4.1395910459412573e+00 4.0000000000000002e-01 1.0000000000000000e+00 5.6200000000000000e+02 3.5825761553945727e-03 2.6750648342904866e-02 -4.9109680556386795e-17 -9.5397235837177933e-05 3.6779733912317516e-03 -6.6627829595897496e-04 2.7416926638863824e-02 1.2259128910554848e-18 -5.0335593447442341e-17 5.0962318131700158e+01 26 32 16 4.3750000000000000e-01 4.0000000000000002e-01 1.0000000000000000e+00 -7.0000000000000000e+00
9.9999999437658671e-01 4.1386974038885880e+00 4.0000000000000002e-01 1.0000000000000000e+00 5.6300000000000000e+02 3.5859412281167859e-03 2.6768301525222842e-02 1.2757769699388293e-16 -9.5523911492626345e-05 3.6814651396094187e-03 -6.6698662579779938e-04 2.7435288151020632e-02 -3.1733749231890538e-18 1.3075107191707183e-16 7.8681274173781276e+01 26 32 20 4.3750000000000000e-01 4.0000000000000002e-01 1.0000000000000000e+00 -8.2500000000000000e+00
9.9999999968377229e-01 4.1384855028972600e+00 4.0000000000000002e-01 1.0000000000000000e+00 5.6400000000000000e+02 3.5867397820990533e-03 2.6772490094784381e-02 -3.8853786787274737e-17 -9.5553973210393158e-05 3.6822937553094453e-03 -6.6715468801775571e-04 2.7439644782802142e-02 9.7369757167078401e-19 -3.9827484358945431e-17 3.4598837172146887e+02 26 32 24 4.3750000000000000e-01 4.0000000000000002e-01 1.0000000000000000e+00 -9.5000000000000000e+00
9.9999999998221722e-01 4.1384352540450289e+00 4.0000000000000002e-01 1.0000000000000000e+00 5.6500000000000000e+02 3.5869291833303027e-03 2.6773483510626833e-02 -3.2483612317877214e-17 -9.5561102790208733e-05 3.6824902861205227e-03 -6.6719454435937666e-04 2.7440678054986237e-02 8.0400638480147684e-19 -3.3287618702678821e-17 4.7731665976718068e+02 26 32 28 4.3750000000000000e-01 4.0000000000000002e-01 1.0000000000000000e+00 -1.0750000000000000e+01
9.9999999999900002e-01 4.1384233383423386e+00 4.0000000000000002e-01 1.0000000000000000e+00 5.6600000000000000e+02 3.5869741162607130e-03 2.6773719265150955e-02 5.6263726163955991e-17 -9.5562798810825704e-05 3.6825369150715469e-03 -6.6720403069554638e-04 2.7440923295846544e-02 -1.3966137383718965e-18 5.7660339902327936e-17 5.2795350397843868e+02 26 32 32 4.3750000000000000e-01 4.0000000000000002e-01 1.0000000000000000e+00 -1.2000000000000000e+01
9.8999999999999999e-01 5.6714629723454939e+00 0.0000000000000000e+00 1.0000000000000000e+00 5.1120000000000000e+03 6.9733921214745363e-04 1.0108974171912524e-02 0.0000000000000000e+00 -7.6315047048195364e-06 7.0497071685227271e-04 -1.1063006727569034e-04 1.0219604239188215e-02 0.0000000000000000e+00 0.0000000000000000e+00 0.0000000000000000e+00 28 0 0 6.2500000000000000e-01 0.0000000000000000e+00 1.0000000000000000e+00 -2.0000000000000000e+00
9.9943765867480960e-01 5.3635564794623809e+00 0.0000000000000000e+00 1.0000000000000000e+00 5.1130000000000000e+03 8.9316683476018538e-04 1.1987270361860956e-02 0.0000000000000000e+00 -1.1295169222601751e-05 9.0446200398278760e-04 -1.5159345598703551e-04 1.2138863817847992e-02 0.0000000000000000e+00 0.0000000000000000e+00 0.0000000000000000e+00 28 0 4 6.2500000000000000e-01 0.0000000000000000e+00 1.0000000000000000e+00 -3.2500000000000000e+00
9.9996837722339826e-01 5.2693979667987776e+00 0.0000000000000000e+00 1.0000000000000000e+00 5.1050000000000000e+03 9.6684842506992216e-04 1.2661808890993706e-02 0.0000000000000000e+00 -1.2706019216385006e-05 9.7955444428630663e-04 -1.6639752717343030e-04 1.2828206418167142e-02 0.0000000000000000e+00 0.0000000000000000e+00 0.0000000000000000e+00 28 0 8 6.2500000000000000e-01 0.0000000000000000e+00 1.0000000000000000e+00 -4.5000000000000000e+00
9.9999822172058994e-01 5.2365221422733219e+00 0.0000000000000000e+00 1.0000000000000000e+00 5.1150000000000000e+03 9.9434615749982840e-04 1.2909563037348399e-02 0.0000000000000000e+00 -1.3239459214434546e-05 1.0075856167142635e-03 -1.7188745792400288e-04 1.3081450495272396e-02 0.0000000000000000e+00 0.0000000000000000e+00 0.0000000000000000e+00 28 0 12 6.2500000000000000e-01 0.0000000000000000e+00 1.0000000000000000e+00 -5.7500000000000000e+00
9.9999990000000005e-01 5.2243806935237824e+00 0.0000000000000000e+00 1.0000000000000000e+00 5.1250000000000000e+03 1.0047411342845678e-03 1.3002673319460929e-02 0.0000000000000000e+00 -1.3442500612801721e-05 1.0181836348973697e-03 -1.7396365899697476e-04 1.3176636978457900e-02 0.0000000000000000e+00 0.0000000000000000e+00 0.0000000000000000e+00 28 0 16 6.2500000000000000e-01 0.0000000000000000e+00 1.0000000000000000e+00 -7.0000000000000000e+00
9.9999999437658671e-01 5.2197948545723030e+00 0.0000000000000000e+00 1.0000000000000000e+00 5.1350000000000000e+03 1.0087012301559588e-03 1.3038066231498920e-02 0.0000000000000000e+00 -1.3520082521787319e-05 1.0222213126777470e-03 -1.7475514662269179e-04 1.3212821378121617e-02 0.0000000000000000e+00 0.0000000000000000e+00 0.0000000000000000e+00 28 0 20 6.2500000000000000e-01 0.0000000000000000e+00 1.0000000000000000e+00 -8.2500000000000000e+00
9.9999999968377229e-01 5.2180475417272607e+00 0.0000000000000000e+00 1.0000000000000000e+00 5.1090000000000000e+03 1.0102150207180068e-03 1.3051584127817867e-02 0.0000000000000000e+00 -1.3549774636437716e-05 1.0237647953544446e-03 -1.7505780448081947e-04 1.3226641932298690e-02 0.0000000000000000e+00 0.0000000000000000e+00 0.0000000000000000e+00 28 0 24 6.2500000000000000e-01 0.0000000000000000e+00 1.0000000000000000e+00 -9.5000000000000000e+00
9.9999999998221722e-01 5.2173795204176550e+00 0.0000000000000000e+00 1.0000000000000000e+00 5.1190000000000000e+03 1.0107944766348435e-03 1.3056756892443110e-02 0.0000000000000000e+00 -1.3561145677083380e-05 1.0243556223119266e-03 -1.7517367415596750e-04 1.3231930566599081e-02 0.0000000000000000e+00 0.0000000000000000e+00 0.0000000000000000e+00 28 0 28 6.2500000000000000e-01 0.0000000000000000e+00 1.0000000000000000e+00 -1.0750000000000000e+01
9.9999999999900002e-01 5.2171237850870735e+00 0.0000000000000000e+00 1.0000000000000000e+00 5.1110000000000000e+03 1.0110164051812052e-03 1.3058737762942611e-02 0.0000000000000000e+00 -1.3565501581180222e-05 1.0245819067623855e-03 -1.7521805468593318e-04 1.3233955817628543e-02 0.0000000000000000e+00 0.0000000000000000e+00 0.0000000000000000e+00 28 0 32 6.2500000000000000e-01 0.0000000000000000e+00 1.0000000000000000e+00 -1.2000000000000000e+01
9.8999999999999999e-01 5.6991259760169699e+00 5.0000000000000003e-02 1.0000000000000000e+00 5.2020000000000000e+03 6.8564464767918395e-04 9.9582556557443799e-03 -2.1502794648570599e-17 -7.4762645487139281e-06 6.9312091222789736e-04 -1.0825681051065036e-04 1.0066512466254991e-02 2.3373815037067587e-19 -2.1736532798941279e-17 7.9013638142496347e+00 28 4 0 6.2500000000000000e-01 5.0000000000000003e-02 1.0000000000000000e+00 -2.0000000000000000e+00
9.9943765867480960e-01 5.3900610562097802e+00 5.0000000000000003e-02 1.0000000000000000e+00 5.2300000000000000e+03 8.7812671478208456e-04 1.1808774950459280e-02 -2.5440814487401784e-17 -1.1061962092212628e-05 8.8918867687429713e-04 -1.4832341265734735e-04 1.1957098363116645e-02 3.1951913963648664e-19 -2.5760333627038285e-17 7.5411024559289217e+00 28 4 4 6.2500000000000000e-01 5.0000000000000003e-02 1.0000000000000000e+00 -3.2500000000000000e+00
9.9996837722339826e-01 5.3012812222055148e+00 5.0000000000000003e-02 1.0000000000000000e+00 5.1950000000000000e+03 9.4594151348966968e-04 1.2431524977705879e-02 -3.8224860312774994e-17 -1.2354456342296109e-05 9.5829596983196578e-04 -1.6189302569013530e-04 1.2593418003396003e-02 4.9777814025759850e-19 -3.8722638453032582e-17 8.2931216293945909e+00 28 4 8 6.2500000000000000e-01 5.0000000000000003e-02 1.0000000000000000e+00 -4.5000000000000000e+00
9.9999822172058994e-01 5.2757527481077409e+00 5.0000000000000003e-02 1.0000000000000000e+00 5.2050000000000000e+03 9.6664684210265534e-04 1.2618989384896993e-02 2.2845105532494325e-17 -1.2753127044045280e-05 9.7939996914669990e-04 -1.6600535881969777e-04 1.2784994743716692e-02 -3.0054828062856994e-19 2.3145653813122915e-17 7.7857930175960064e+00 28 4 12 6.2500000000000000e-01 5.0000000000000003e-02 1.0000000000000000e+00 -5.7500000000000000e+00
9.9999990000000005e-01 5.2690994955163788e+00 5.0000000000000003e-02 1.0000000000000000e+00 5.2150000000000000e+03 9.7213460790920576e-04 1.2668471337116715e-02 5.0201668345080670e-17 -1.2859204711470450e-05 9.8499381262067624e-04 -1.6709433722232131e-04 1.2835565674339027e-02 -6.6213249562770680e-19 5.0863800840708340e-17 7.8893411727622151e+00 28 4 16 6.2500000000000000e-01 5.0000000000000003e-02 1.0000000000000000e+00 -7.0000000000000000e+00
9.9999999437658671e-01 5.2674743230178738e+00 5.0000000000000003e-02 1.0000000000000000e+00 5.1890000000000000e+03 9.7348088630396488e-04 1.2680597466160275e-02 6.4959412243795571e-18 -1.2885256972654689e-05 9.8636614327661867e-04 -1.6736146211407038e-04 1.2847958928274339e-02 -8.5767826644991226e-20 6.5817090510245484e-18 8.6951610688120127e+00 28 4 20 6.2500000000000000e-01 5.0000000000000003e-02 1.0000000000000000e+00 -8.2500000000000000e+00
9.9999999968377229e-01 5.2670859858340577e+00 5.0000000000000003e-02 1.0000000000000000e+00 5.1990000000000000e+03 9.7380291894041352e-04 1.2683497306558579e-02 -5.5461132232406072e-17 -1.2891490447425738e-05 9.8669440938783872e-04 -1.6742535780076907e-04 1.2850922664359330e-02 7.3206800493290263e-19 -5.6193200237338908e-17 8.7771967090666294e+00 28 4 24 6.2500000000000000e-01 5.0000000000000003e-02 1.0000000000000000e+00 -9.5000000000000000e+00
9.9999999998221722e-01 5.2669937265670193e+00 5.0000000000000003e-02 1.0000000000000000e+00 5.2090000000000000e+03 9.7387944420740857e-04 1.2684186355248860e-02 -5.0263703311973354e-17 -1.2892972063948535e-05 9.8677241627135475e-04 -1.6744054460802115e-04 1.2851626899856864e-02 6.6350122259006560e-19 -5.0927204534563524e-17 8.2110774368047714e+00 28 4 28 6.2500000000000000e-01 5.0000000000000003e-02 1.0000000000000000e+00 -1.0750000000000000e+01
9.9999999999900002e-01 5.2669718380291499e+00 5.0000000000000003e-02 1.0000000000000000e+00 5.2190000000000000e+03 9.7389758695579326e-04 1.2684349654887808e-02 -3.5095389123804406e-17 -1.2893322310609444e-05 9.8679090926639913e-04 -1.6744413022413258e-04 1.2851793785111905e-02 4.6333814486337858e-19 -3.5558727268667741e-17 7.9477541102096438e+00 28 4 32 6.2500000000000000e-01 5.0000000000000003e-02 1.0000000000000000e+00 -1.2000000000000000e+01
9.8999999999999999e-01 5.7325965972655997e+00 1.0000000000000001e-01 1.0000000000000000e+00 5.2830000000000000e+03 6.7784141561710539e-04 9.7832093911190080e-03 -2.9810279980768147e-17 -7.4416435376566054e-06 6.8528305915476265e-04 -1.0616626998778158e-04 9.8893756611067585e-03 3.2342155746396828e-19 -3.0133701538232088e-17 9.6216063220053911e+00 28 8 0 6.2500000000000000e-01 1.0000000000000001e-01 1.0000000000000000e+00 -2.0000000000000000e+00
9.9943765867480960e-01 5.4265077700120150e+00 1.0000000000000001e-01 1.0000000000000000e+00 5.2660000000000000e+03 8.6493037567323522e-04 1.1573498155762217e-02 4.3714531569775077e-18 -1.0945084026892418e-05 8.7587545970012706e-04 -1.4482026497895258e-04 1.1718318420741166e-02 -5.4591929610289455e-20 4.4260450865877994e-18 1.0308494343422353e+01 28 8 4 6.2500000000000000e-01 1.0000000000000001e-01 1.0000000000000000e+00 -3.2500000000000000e+00
9.9996837722339826e-01 5.3449392996688481e+00 1.0000000000000001e-01 1.0000000000000000e+00 5.2850000000000000e+03 9.2572462450874707e-04 1.2130086284522576e-02 1.4927208349409604e-17 -1.2106948284230026e-05 9.3783157279297654e-04 -1.5688948134221089e-04 1.2286975765864804e-02 -1.9288908211742840e-19 1.5120097431527037e-17 1.0469039873220026e+01 28 8 8 6.2500000000000000e-01 1.0000000000000001e-01 1.0000000000000000e+00 -4.5000000000000000e+00
9.9999822172058994e-01 5.3237795355262758e+00 1.0000000000000001e-01 1.0000000000000000e+00 5.2950000000000000e+03 9.4237264632908923e-04 1.2280609658670932e-02 3.1048127343206720e-17 -1.2427329430345089e-05 9.5479997575943320e-04 -1.6016426675883040e-04 1.2440773925429766e-02 -4.0468796439778891e-19 3.1452815307604560e-17 1.0313201742246747e+01 28 8 12 6.2500000000000000e-01 1.0000000000000001e-01 1.0000000000000000e+00 -5.7500000000000000e+00
9.9999990000000005e-01 5.3185927855165467e+00 1.0000000000000001e-01 1.0000000000000000e+00 5.2690000000000000e+03 9.4651062171671903e-04 1.2317900622436989e-02 -3.9552732743345986e-17 -1.2507141964275878e-05 9.5901776368099534e-04 -1.6097675923523296e-04 1.2478877381672231e-02 5.1707915306818206e-19 -4.0069811896414215e-17 1.1680661559104919e+01 28 8 16 6.2500000000000000e-01 1.0000000000000001e-01 1.0000000000000000e+00 -7.0000000000000000e+00
9.9999999437658671e-01 5.3173517230094918e+00 1.0000000000000001e-01 1.0000000000000000e+00 5.2790000000000000e+03 9.4750410267774256e-04 1.2326846543855099e-02 4.6326668450278722e-18 -1.2526315387141858e-05 9.6003041806488562e-04 -1.6117175246005601e-04 1.2488018296315136e-02 -6.0449033194919060e-20 4.6931158782228002e-18 1.0423567824065685e+01 28 8 20 6.2500000000000000e-01 1.0000000000000001e-01 1.0000000000000000e+00 -8.2500000000000000e+00
9.9999999968377229e-01 5.3170567716777404e+00 1.0000000000000001e-01 1.0000000000000000e+00 5.2890000000000000e+03 9.4774040506611940e-04 1.2328973946714044e-02 4.8434716109066641e-17 -1.2530876501457047e-05 9.6027128156757726e-04 -1.6121812797222491e-04 1.2490192074686256e-02 -6.3322742549370344e-19 4.9067943534560369e-17 1.0680212591774762e+01 28 8 24 6.2500000000000000e-01 1.0000000000000001e-01 1.0000000000000000e+00 -9.5000000000000000e+00
9.9999999998221722e-01 5.3169867908629165e+00 1.0000000000000001e-01 1.0000000000000000e+00 5.2990000000000000e+03 9.4779648182694921e-04 1.2329478777988781e-02 -3.2010518548854447e-17 -1.2531958850403301e-05 9.6032844067735191e-04 -1.6122913188458838e-04 1.2490707909873373e-02 4.1847009129313209e-19 -3.2428988640147570e-17 1.1734231011942029e+01 28 8 28 6.2500000000000000e-01 1.0000000000000001e-01 1.0000000000000000e+00 -1.0750000000000000e+01
9.9999999999900002e-01 5.3169701940144121e+00 1.0000000000000001e-01 1.0000000000000000e+00 5.3090000000000000e+03 9.4780978747729494e-04 1.2329598565247912e-02 4.2127053857825555e-18 -1.2532214607243956e-05 9.6034200208453913e-04 -1.6123173123426917e-04 1.2490830296482160e-02 -5.4905008278777080e-20 4.2676103940613297e-18 1.1787681104615331e+01 28 8 32 6.2500000000000000e-01 1.0000000000000001e-01 1.0000000000000000e+00 -1.2000000000000000e+01
9.8999999999999999e-01 5.7705496793355220e+00 1.5000000000000002e-01 1.0000000000000000e+00 5.3460000000000000e+03 6.7381902769208851e-04 9.5892628568859592e-03 1.7931659939405325e-17 -7.5160215147902280e-06 6.8133504920687993e-04 -1.0439283079063137e-04 9.6936556876765986e-03 -1.9545227112644885e-19 1.8127112210531735e-17 1.1992670040577650e+01 28 12 0 6.2500000000000000e-01 1.5000000000000002e-01 1.0000000000000000e+00 -2.0000000000000000e+00
9.9943765867480960e-01 5.4682757498908021e+00 1.5000000000000002e-01 1.0000000000000000e+00 5.3650000000000000e+03 8.5595349274332684e-04 1.1311768575362926e-02 -1.8953378343776438e-17 -1.0972929617912750e-05 8.6692642236123969e-04 -1.4163567389265892e-04 1.1453404249255578e-02 2.3697661909100953e-19 -1.9190354962867456e-17 1.2280293478630483e+01 28 12 4 6.2500000000000000e-01 1.5000000000000002e-01 1.0000000000000000e+00 -3.2500000000000000e+00
9.9996837722339826e-01 5.3918860482369677e+00 1.5000000000000002e-01 1.0000000000000000e+00 5.3750000000000000e+03 9.1180565310653989e-04 1.1817924610515489e-02 3.1084353762083583e-17 -1.2051537971155500e-05 9.2385719107769548e-04 -1.5259792096940908e-04 1.1970522531484860e-02 -4.0125058291331508e-19 3.1485604344996869e-17 1.2340876399539411e+01 28 12 8 6.2500000000000000e-01 1.5000000000000002e-01 1.0000000000000000e+00 -4.5000000000000000e+00
9.9999822172058994e-01 5.3729456950834358e+00 1.5000000000000002e-01 1.0000000000000000e+00 5.3490000000000000e+03 9.2637088756526720e-04 1.1948426627979110e-02 3.5908997434733904e-17 -1.2334066307703532e-05 9.3870495387297047e-04 -1.5542624509121074e-04 1.2103852873070298e-02 -4.6672955132514606e-19 3.6375726986059115e-17 1.3758102774620056e+01 28 12 12 6.2500000000000000e-01 1.5000000000000002e-01 1.0000000000000000e+00 -5.7500000000000000e+00
9.9999990000000005e-01 5.3683876571920841e+00 1.5000000000000002e-01 1.0000000000000000e+00 5.3590000000000000e+03 9.2992017483058587e-04 1.1980136828845248e-02 1.1466434027763355e-17 -1.2403002528535478e-05 9.4232317735912111e-04 -1.5611379121120635e-04 1.2136250620056452e-02 -1.4967297955669562e-19 1.1616107007320049e-17 1.2448705367743969e+01 28 12 16 6.2500000000000000e-01 1.5000000000000002e-01 1.0000000000000000e+00 -7.0000000000000000e+00
9.9999999437658671e-01 5.3673026437446971e+00 1.5000000000000002e-01 1.0000000000000000e+00 5.3690000000000000e+03 9.3076760604514971e-04 1.1987702762848522e-02 -4.6259109627946818e-17 -1.2419467211628024e-05 9.4318707325677744e-04 -1.5627785823420806e-04 1.2143980621082724e-02 6.0255038969952388e-19 -4.6861660017646315e-17 1.3717618401162326e+01 28 12 20 6.2500000000000000e-01 1.5000000000000002e-01 1.0000000000000000e+00 -8.2500000000000000e+00
9.9999999968377229e-01 5.3670451083758195e+00 1.5000000000000002e-01 1.0000000000000000e+00 5.3790000000000000e+03 9.3096889368268591e-04 1.1989499579812801e-02 -3.6030552043105485e-17 -1.2423378331663138e-05 9.4339227201434912e-04 -1.5631682347841356e-04 1.2145816403291196e-02 4.6937903757267187e-19 -3.6499931080678108e-17 1.3871626104228199e+01 28 12 24 6.2500000000000000e-01 1.5000000000000002e-01 1.0000000000000000e+00 -9.5000000000000000e+00
9.9999999998221722e-01 5.3669840235707973e+00 1.5000000000000002e-01 1.0000000000000000e+00 5.3530000000000000e+03 9.3101664500102894e-04 1.1989925817529432e-02 6.5649600211748082e-18 -1.2424306183452270e-05 9.4344095118448028e-04 -1.5632606699777856e-04 1.2146251884527240e-02 -8.5975220519845073e-20 6.6509352416946612e-18 1.2523305543698370e+01 28 12 28 6.2500000000000000e-01 1.5000000000000002e-01 1.0000000000000000e+00 -1.0750000000000000e+01
9.9999999999900002e-01 5.3669695376387967e+00 1.5000000000000002e-01 1.0000000000000000e+00 5.3630000000000000e+03 9.3102796180180017e-04 1.1990026797526114e-02 -4.9111820546895865e-18 -1.2424526259170319e-05 9.4345248806097120e-04 -1.5632825917390791e-04 1.2146355056700035e-02 6.3906095044580234e-20 -4.9750881497341702e-18 1.2495698032900691e+01 28 12 32 6.2500000000000000e-01 1.5000000000000002e-01 1.0000000000000000e+00 -1.2000000000000000e+01
9.8999999999999999e-01 5.8119552647466293e+00 2.0000000000000001e-01 1.0000000000000000e+00 5.4810000000000000e+03 6.7297187129652795e-04 9.3781782651374771e-03 4.5812225531577279e-17 -7.6794498812720574e-06 6.8065132117780028e-04 -1.0289180772004859e-04 9.4810700728575146e-03 -5.0262455749484913e-19 4.6314850089072137e-17 1.5487699248827994e+01 28 16 0 6.2500000000000000e-01 2.0000000000000001e-01 1.0000000000000000e+00 -2.0000000000000000e+00
9.9943765867480960e-01 5.5130612410505480e+00 2.0000000000000001e-01 1.0000000000000000e+00 5.4460000000000000e+03 8.5133294717446289e-04 1.1034538685221269e-02 1.1342033274900880e-18 -1.1132136441993106e-05 8.6246508361645597e-04 -1.3889188398469399e-04 1.1173430569205936e-02 -1.4830985029403444e-20 1.1490343125194923e-18 1.6489267027005553e+01 28 16 4 6.2500000000000000e-01 2.0000000000000001e-01 1.0000000000000000e+00 -3.2500000000000000e+00
9.9996837722339826e-01 5.4401658560131469e+00 2.0000000000000001e-01 1.0000000000000000e+00 5.4380000000000000e+03 9.0392720873484008e-04 1.1503202776059384e-02 3.0650689389391641e-17 -1.2164855669344598e-05 9.1609206440418400e-04 -1.4906808202562593e-04 1.1652270858085042e-02 -3.9719716056374752e-19 3.1047886549955305e-17 1.6390182374045253e+01 28 16 8 6.2500000000000000e-01 2.0000000000000001e-01 1.0000000000000000e+00 -4.5000000000000000e+00
9.9999822172058994e-01 5.4224979125786188e+00 2.0000000000000001e-01 1.0000000000000000e+00 5.4480000000000000e+03 9.1730407087172350e-04 1.1621144818283427e-02 -1.0729014879834913e-17 -1.2428174349731889e-05 9.2973224522145345e-04 -1.5162568899420082e-04 1.1772770507277593e-02 1.4018988296366345e-19 -1.0869204762798591e-17 1.7264672971330583e+01 28 16 12 6.2500000000000000e-01 2.0000000000000001e-01 1.0000000000000000e+00 -5.7500000000000000e+00
9.9999990000000005e-01 5.4182789711723744e+00 2.0000000000000001e-01 1.0000000000000000e+00 5.4580000000000000e+03 9.2053606425865928e-04 1.1649566734160179e-02 1.6746741058451571e-17 -1.2491836593667439e-05 9.3302790085232688e-04 -1.5224188271674872e-04 1.1801808616876934e-02 -2.1946940173267482e-19 1.6966210460184292e-17 1.7467780270613730e+01 28 16 16 6.2500000000000000e-01 2.0000000000000001e-01 1.0000000000000000e+00 -7.0000000000000000e+00
9.9999999437658671e-01 5.4172767257588976e+00 2.0000000000000001e-01 1.0000000000000000e+00 5.4320000000000000e+03 9.2130600877014281e-04 1.1656333346419460e-02 -3.2695279423221514e-17 -1.2507005044068381e-05 9.3381301381421152e-04 -1.5238857747896207e-04 1.1808721923898410e-02 4.2826164172728813e-19 -3.3123541064948725e-17 1.5886518060229719e+01 28 16 20 6.2500000000000000e-01 2.0000000000000001e-01 1.0000000000000000e+00 -8.2500000000000000e+00
9.9999999968377229e-01 5.4170389540865340e+00 2.0000000000000001e-01 1.0000000000000000e+00 5.4420000000000000e+03 9.2148879138153369e-04 1.1657939482286566e-02 -2.4658155978091521e-17 -1.2510606132791717e-05 9.3399939751432379e-04 -1.5242339688278369e-04 1.1810362879169313e-02 3.2178045384491856e-19 -2.4979936431936396e-17 1.6325771758332849e+01 28 16 24 6.2500000000000000e-01 2.0000000000000001e-01 1.0000000000000000e+00 -9.5000000000000000e+00
9.9999999998221722e-01 5.4169825639058695e+00 2.0000000000000001e-01 1.0000000000000000e+00 5.4520000000000000e+03 9.2153214782984599e-04 1.1658320451162597e-02 2.1118579752723718e-17 -1.2511460307862667e-05 9.3404360813770725e-04 -1.5243165554183622e-04 1.1810752106704412e-02 -2.7632921838503248e-19 2.1394908971108712e-17 1.6171007883735001e+01 28 16 28 6.2500000000000000e-01 2.0000000000000001e-01 1.0000000000000000e+00 -1.0750000000000000e+01
9.9999999999900002e-01 5.4169691913093043e+00 2.0000000000000001e-01 1.0000000000000000e+00 5.4620000000000000e+03 9.2154242270708940e-04 1.1658410713444962e-02 -2.9836505272017774e-17 -1.2511663993473395e-05 9.3405408670056364e-04 -1.5243362762095293e-04 1.1810844341065913e-02 3.8949589053829250e-19 -3.0226001162556056e-17 1.5800540848635137e+01 28 16 32 6.2500000000000000e-01 2.0000000000000001e-01 1.0000000000000000e+00 -1.2000000000000000e+01
9.8999999999999999e-01 5.8560336921990244e+00 2.5000000000000000e-01 1.0000000000000000e+00 5.5440000000000000e+03 6.7431107140040515e-04 9.1486023469418143e-03 -3.7463523100046391e-17 -7.9064834918735959e-06 6.8221755489227855e-04 -1.0155828529252687e-04 9.2501606322343746e-03 4.1644200004336584e-19 -3.7879965100089771e-17 1.6293781961314380e+01 28 20 0 6.2500000000000000e-01 2.5000000000000000e-01 1.0000000000000000e+00 -2.0000000000000000e+00
9.9943765867480960e-01 5.5596850796122483e+00 2.5000000000000000e-01 1.0000000000000000e+00 5.5450000000000000e+03 8.5007641675212474e-04 1.0742702309033595e-02 -4.0156986516179221e-18 -1.1390415219164349e-05 8.6146683197128849e-04 -1.3649875816115669e-04 1.0879201067194760e-02 5.0500904668217222e-20 -4.0661995562861464e-18 1.7417393247596920e+01 28 20 4 6.2500000000000000e-01 2.5000000000000000e-01 1.0000000000000000e+00 -3.2500000000000000e+00
9.9996837722339826e-01 5.4891204798716986e+00 2.5000000000000000e-01 1.0000000000000000e+00 5.5370000000000000e+03 9.0055756901322398e-04 1.1182539592677843e-02 -3.9728361374634753e-17 -1.2402401255167081e-05 9.1295997026839132e-04 -1.4610584693873006e-04 1.1328645439616565e-02 5.1907224097195857e-19 -4.0247433615606686e-17 1.7645656782202423e+01 28 20 8 6.2500000000000000e-01 2.5000000000000000e-01 1.0000000000000000e+00 -4.5000000000000000e+00
9.9999822172058994e-01 5.4722318781992598e+00 2.5000000000000000e-01 1.0000000000000000e+00 5.5380000000000000e+03 9.1321796126942530e-04 1.1291745030270608e-02 -3.6318445626771844e-17 -1.2656451344865264e-05 9.2587441261429032e-04 -1.4848451312415595e-04 1.1440229543394791e-02 4.7844437118968386e-19 -3.6796889997961442e-17 1.9562100893817842e+01 28 20 12 6.2500000000000000e-01 2.5000000000000000e-01 1.0000000000000000e+00 -5.7500000000000000e+00
9.9999990000000005e-01 5.4682147854084633e+00 2.5000000000000000e-01 1.0000000000000000e+00 5.5120000000000000e+03 9.1626353159059463e-04 1.1317951449042787e-02 2.6351608823909410e-17 -1.2717577153694698e-05 9.2898110874428935e-04 -1.4905492779998761e-04 1.1467006376842772e-02 -3.4791164192294839e-19 2.6699520465832328e-17 1.8856336815282702e+01 28 20 16 6.2500000000000000e-01 2.5000000000000000e-01 1.0000000000000000e+00 -7.0000000000000000e+00
9.9999999437658671e-01 5.4672614419580121e+00 2.5000000000000000e-01 1.0000000000000000e+00 5.5220000000000000e+03 9.1698825874190570e-04 1.1324183932728125e-02 -2.0523016170794536e-17 -1.2732123370499078e-05 9.2972038211240474e-04 -1.4919056263087936e-04 1.1473374495359005e-02 2.7066987491065212e-19 -2.0793686045705178e-17 2.0056708606891334e+01 28 20 20 6.2500000000000000e-01 2.5000000000000000e-01 1.0000000000000000e+00 -8.2500000000000000e+00
9.9999999968377229e-01 5.4670353261565658e+00 2.5000000000000000e-01 1.0000000000000000e+00 5.5320000000000000e+03 9.1716026070915997e-04 1.1325662905164791e-02 1.8489214860394403e-17 -1.2735575715814764e-05 9.2989583642497532e-04 -1.4922274765526562e-04 1.1474885652820076e-02 -2.4244992136504189e-19 1.8731664781759499e-17 1.9054599998518825e+01 28 20 24 6.2500000000000000e-01 2.5000000000000000e-01 1.0000000000000000e+00 -9.5000000000000000e+00
9.9999999998221722e-01 5.4669817032542012e+00 2.5000000000000000e-01 1.0000000000000000e+00 5.5420000000000000e+03 9.1720105647849525e-04 1.1326013678610275e-02 -3.0993200976600639e-17 -1.2736394451047088e-05 9.2993745092954342e-04 -1.4923037991163674e-04 1.1475244058521935e-02 4.0894179969971006e-19 -3.1402142776300337e-17 2.0256131998263299e+01 28 20 28 6.2500000000000000e-01 2.5000000000000000e-01 1.0000000000000000e+00 -1.0750000000000000e+01
9.9999999999900002e-01 5.4669689869121676e+00 2.5000000000000000e-01 1.0000000000000000e+00 5.5160000000000000e+03 9.1721071122584472e-04 1.1326096619147097e-02 -1.5496715274861750e-17 -1.2736590077336209e-05 9.2994730130318214e-04 -1.4923220508741502e-04 1.1475328824234516e-02 2.0447341834798676e-19 -1.5701188693209740e-17 2.0407608024775982e+01 28 20 32 6.2500000000000000e-01 2.5000000000000000e-01 1.0000000000000000e+00 -1.2000000000000000e+01
9.8999999999999999e-01 5.9022002696677793e+00 3.0000000000000004e-01 1.0000000000000000e+00 5.5890000000000000e+03 6.7655838366468581e-04 8.8966636225212906e-03 -3.0045227801908583e-19 -8.1681829962084156e-06 6.8472656666089364e-04 -1.0024417648693907e-04 8.9969077990082434e-03 3.6274019326969123e-21 -3.0407967995178248e-19 1.9363430851139128e+01 28 24 0 6.2500000000000000e-01 3.0000000000000004e-01 1.0000000000000000e+00 -2.0000000000000000e+00
9.9943765867480960e-01 5.6075018951570907e+00 3.0000000000000004e-01 1.0000000000000000e+00 5.6170000000000000e+03 8.5060671188107965e-04 1.0431805750791426e-02 -2.9306895289359560e-17 -1.1707164366664634e-05 8.6231387624774718e-04 -1.3426242222408952e-04 1.0566068173015548e-02 3.7854305948101580e-19 -2.9685438348840598e-17 1.9372521199285984e+01 28 24 4 6.2500000000000000e-01 3.0000000000000004e-01 1.0000000000000000e+00 -3.2500000000000000e+00
9.9996837722339826e-01 5.5384663596577370e+00 3.0000000000000004e-01 1.0000000000000000e+00 5.6000000000000000e+03 8.9971621163656770e-04 1.0848361087753802e-02 1.2455149003311335e-17 -1.2714334345262917e-05 9.1243054598183135e-04 -1.4344008314471585e-04 1.0991801170898484e-02 -1.6286908608790644e-19 1.2618018089399227e-17 2.1775132865644991e+01 28 24 8 6.2500000000000000e-01 3.0000000000000004e-01 1.0000000000000000e+00 -4.5000000000000000e+00
9.9999822172058994e-01 5.5220673037574013e+00 3.0000000000000004e-01 1.0000000000000000e+00 5.6100000000000000e+03 9.1193010857519054e-04 1.0950968909507780e-02 3.2827514946744437e-17 -1.2964767861374526e-05 9.2489487643656351e-04 -1.4569185503764907e-04 1.1096660764545426e-02 -4.3562872495047484e-19 3.3263143671694947e-17 2.2114049007184803e+01 28 24 12 6.2500000000000000e-01 3.0000000000000004e-01 1.0000000000000000e+00 -5.7500000000000000e+00
9.9999990000000005e-01 5.5181751967202821e+00 3.0000000000000004e-01 1.0000000000000000e+00 5.6200000000000000e+03 9.1486106933025757e-04 1.0975534703401336e-02 -2.5183142529380047e-17 -1.3024854859345749e-05 9.2788592418960227e-04 -1.4623039587990591e-04 1.1121765099281249e-02 3.3626509981764324e-19 -2.5519407629197675e-17 2.4086801297031343e+01 28 24 16 6.2500000000000000e-01 3.0000000000000004e-01 1.0000000000000000e+00 -7.0000000000000000e+00
9.9999999437658671e-01 5.5172520219689352e+00 3.0000000000000004e-01 1.0000000000000000e+00 5.5940000000000000e+03 9.1555809507568725e-04 1.0981373593573400e-02 -4.9580274164411452e-17 -1.3039143834521542e-05 9.2859723891020767e-04 -1.4635836568345912e-04 1.1127731959256872e-02 6.6154279587832517e-19 -5.0241816960289906e-17 2.5381401099264622e+01 28 24 20 6.2500000000000000e-01 3.0000000000000004e-01 1.0000000000000000e+00 -8.2500000000000000e+00
9.9999999968377229e-01 5.5170330905055103e+00 3.0000000000000004e-01 1.0000000000000000e+00 5.6040000000000000e+03 9.1572349815901568e-04 1.0982758971720432e-02 2.3979960843886534e-17 -1.3042534549876731e-05 9.2876603270889346e-04 -1.4638872690150807e-04 1.1129147698621942e-02 -3.1925622144054012e-19 2.4299217065327079e-17 2.2742525295354426e+01 28 24 24 6.2500000000000000e-01 3.0000000000000004e-01 1.0000000000000000e+00 -9.5000000000000000e+00
9.9999999998221722e-01 5.5169811729372249e+00 3.0000000000000004e-01 1.0000000000000000e+00 5.6140000000000000e+03 9.1576272795074719e-04 1.0983087539187040e-02 -1.5039092347240747e-17 -1.3043338787457822e-05 9.2880606673820460e-04 -1.4639592799590588e-04 1.1129483467182948e-02 2.0083096198283431e-19 -1.5239923309223618e-17 2.3353537048213184e+01 28 24 28 6.2500000000000000e-01 3.0000000000000004e-01 1.0000000000000000e+00 -1.0750000000000000e+01
9.9999999999900002e-01 5.5169688609651812e+00 3.0000000000000004e-01 1.0000000000000000e+00 5.6240000000000000e+03 9.1577203823822891e-04 1.0983165531848992e-02 -4.1864125319901451e-17 -1.3043531024744427e-05 9.2881556926297350e-04 -1.4639765442641891e-04 1.1129563186275435e-02 5.5616011117100948e-19 -4.2420285431072498e-17 2.4438332317396998e+01 28 24 32 6.2500000000000000e-01 3.0000000000000004e-01 1.0000000000000000e+00 -1.2000000000000000e+01
9.8999999999999999e-01 5.9500162366854505e+00 3.5000000000000003e-01 1.0000000000000000e+00 5.7150000000000000e+03 6.7821707248292011e-04 8.6165030172232863e-03 5.7096251365014801e-17 -8.4333868147662229e-06 6.8665045929768367e-04 -9.8771901946706917e-05 8.7152749191699540e-03 -6.5420786227658337e-19 5.7750459227291273e-17 2.1899242280051112e+01 28 28 0 6.2500000000000000e-01 3.5000000000000003e-01 1.0000000000000000e+00 -2.0000000000000000e+00
9.9943765867480960e-01 5.6561339967059787e+00 3.5000000000000003e-01 1.0000000000000000e+00 5.6710000000000000e+03 8.5100859203793094e-04 1.0094253832538390e-02 -2.2035822309376064e-17 -1.2037917479803751e-05 8.6304650951773477e-04 -1.3193590780561062e-04 1.0226189740344010e-02 2.8761065597937643e-19 -2.2323432965355380e-17 2.2930185947567225e+01 28 28 4 6.2500000000000000e-01 3.5000000000000003e-01 1.0000000000000000e+00 -3.2500000000000000e+00
9.9996837722339826e-01 5.5880605684279487e+00 3.5000000000000003e-01 1.0000000000000000e+00 5.6720000000000000e+03 8.9918922413812722e-04 1.0490878500904105e-02 -9.3177718881990268e-18 -1.3049162583941900e-05 9.1223838672206865e-04 -1.4076783803521279e-04 1.0631646338939297e-02 1.2502695593071848e-19 -9.4427988441297264e-18 2.2489394997246563e+01 28 28 8 6.2500000000000000e-01 3.5000000000000003e-01 1.0000000000000000e+00 -4.5000000000000000e+00
9.9999822172058994e-01 5.5719656776136821e+00 3.5000000000000003e-01 1.0000000000000000e+00 5.6820000000000000e+03 9.1111072950196634e-04 1.0588109361199041e-02 4.6211422312308420e-17 -1.3299075251997239e-05 9.2440980475396448e-04 -1.4292244979007099e-04 1.0731031810989122e-02 -6.2289122633028450e-19 4.6834313538638699e-17 2.3344712079502642e+01 28 28 12 6.2500000000000000e-01 3.5000000000000003e-01 1.0000000000000000e+00 -5.7500000000000000e+00
9.9999990000000005e-01 5.5681507806872279e+00 3.5000000000000003e-01 1.0000000000000000e+00 5.6920000000000000e+03 9.1396737038272168e-04 1.0611356168196816e-02 -3.7293227162035055e-17 -1.3358933795531447e-05 9.2732630417825162e-04 -1.4343691846461804e-04 1.0754793086661465e-02 5.0365774392054202e-19 -3.7796884905955614e-17 2.5315695050172508e+01 28 28 16 6.2500000000000000e-01 3.5000000000000003e-01 1.0000000000000000e+00 -7.0000000000000000e+00
9.9999999437658671e-01 5.5672462140236814e+00 3.5000000000000003e-01 1.0000000000000000e+00 5.7020000000000000e+03 9.1464647683746640e-04 1.0616879689676820e-02 1.3738340506194467e-17 -1.3373162348499364e-05 9.2801963918596499e-04 -1.4355911896018195e-04 1.0760438808636998e-02 -1.8532029001685317e-19 1.3923660796211274e-17 2.4807266506366432e+01 28 28 20 6.2500000000000000e-01 3.5000000000000003e-01 1.0000000000000000e+00 -8.2500000000000000e+00
9.9999999968377229e-01 5.5670317122178057e+00 3.5000000000000003e-01 1.0000000000000000e+00 5.6760000000000000e+03 9.1480761372270483e-04 1.0618190134292943e-02 5.6178827810967413e-17 -1.3376538381838480e-05 9.2818415210454129e-04 -1.4358810860535040e-04 1.0761778242898265e-02 -7.5925077997246170e-19 5.6938078590940011e-17 2.7126224378123879e+01 28 28 24 6.2500000000000000e-01 3.5000000000000003e-01 1.0000000000000000e+00 -9.5000000000000000e+00
9.9999999998221722e-01 5.5669808461702734e+00 3.5000000000000003e-01 1.0000000000000000e+00 5.6860000000000000e+03 9.1484583028058903e-04 1.0618500922337055e-02 1.4146685053178474e-17 -1.3377339146312024e-05 9.2822316942690094e-04 -1.4359498445731843e-04 1.0762095906794363e-02 -1.9130694955824767e-19 1.4337992002736755e-17 2.4494656780734658e+01 28 28 28 6.2500000000000000e-01 3.5000000000000003e-01 1.0000000000000000e+00 -1.0750000000000000e+01
9.9999999999900002e-01 5.5669687836545698e+00 3.5000000000000003e-01 1.0000000000000000e+00 5.6960000000000000e+03 9.1485488723705433e-04 1.0618574547794841e-02 3.4967628286625045e-18 -1.3377529351643912e-05 9.2823241658869775e-04 -1.4359661632783671e-04 1.0762171164122690e-02 -4.5947258563619142e-20 3.5427100872261285e-18 2.7411529486067593e+01 28 28 32 6.2500000000000000e-01 3.5000000000000003e-01 1.0000000000000000e+00 -1.2000000000000000e+01
9.8999999999999999e-01 5.9991502698897570e+00 4.0000000000000002e-01 1.0000000000000000e+00 5.7690000000000000e+03 6.7762386547720816e-04 8.3007229145214533e-03 3.7163540249936650e-17 -8.6694679695413302e-06 6.8629333344674996e-04 -9.6944953540878281e-05 8.3976678680623071e-03 -4.3437209534961056e-19 3.7597912345286291e-17 2.5330501767806709e+01 28 32 0 6.2500000000000000e-01 4.0000000000000002e-01 1.0000000000000000e+00 -2.0000000000000000e+00
9.9943765867480960e-01 5.7053471262112012e+00 4.0000000000000002e-01 1.0000000000000000e+00 5.7790000000000000e+03 8.4914622916027935e-04 9.7204251310801012e-03 3.7709667795494866e-19 -1.2336163327445544e-05 8.6148239248772418e-04 -1.2924436397537822e-04 9.8496694950554881e-03 -5.4783570246666100e-21 3.8257503497961495e-19 3.0488460584543645e+01 28 32 4 6.2500000000000000e-01 4.0000000000000002e-01 1.0000000000000000e+00 -3.2500000000000000e+00
9.9996837722339826e-01 5.6378228853859813e+00 4.0000000000000002e-01 1.0000000000000000e+00 5.7620000000000000e+03 8.9660422129223547e-04 1.0098849110053364e-02 3.9566764774743848e-17 -1.3354655648006493e-05 9.0995887694024025e-04 -1.3777149052605656e-04 1.0236620600579404e-02 -5.3878417435915118e-19 4.0105548949102921e-17 2.7377810515463352e+01 28 32 8 6.2500000000000000e-01 4.0000000000000002e-01 1.0000000000000000e+00 -4.5000000000000000e+00
9.9999822172058994e-01 5.6219060332223405e+00 4.0000000000000002e-01 1.0000000000000000e+00 5.7720000000000000e+03 9.0830966741759509e-04 1.0191349725657411e-02 4.1224979244701856e-18 -1.3605357007897690e-05 9.2191502442549411e-04 -1.3984422754971889e-04 1.0331193953207165e-02 -5.6061320271281831e-20 4.1785592447414614e-18 2.7995354397222400e+01 28 32 12 6.2500000000000000e-01 4.0000000000000002e-01 1.0000000000000000e+00 -5.7500000000000000e+00
9.9999990000000005e-01 5.6181364459627181e+00 4.0000000000000002e-01 1.0000000000000000e+00 5.7820000000000000e+03 9.1111207080514045e-04 1.0213447779702298e-02 -4.1225752628604426e-17 -1.3665338540556357e-05 9.2477740934569612e-04 -1.4033864949498272e-04 1.0353786429197260e-02 5.6697454908567630e-19 -4.1792727177690163e-17 2.7991994934156537e+01 28 32 16 6.2500000000000000e-01 4.0000000000000002e-01 1.0000000000000000e+00 -7.0000000000000000e+00
9.9999999437658671e-01 5.6172428039100488e+00 4.0000000000000002e-01 1.0000000000000000e+00 5.7560000000000000e+03 9.1177813904456202e-04 1.0218697310216535e-02 1.4018950475899889e-17 -1.3679592474036800e-05 9.2545773151859730e-04 -1.4045605923725593e-04 1.0359153369453812e-02 -1.9320002050884610e-19 1.4212150496408738e-17 3.0859835083596408e+01 28 32 20 6.2500000000000000e-01 4.0000000000000002e-01 1.0000000000000000e+00 -8.2500000000000000e+00
9.9999999968377229e-01 5.6170309029187209e+00 4.0000000000000002e-01 1.0000000000000000e+00 5.7660000000000000e+03 9.1193617411299303e-04 1.0219942692338195e-02 -5.4462795299440910e-17 -1.3682974310632260e-05 9.2561914842362596e-04 -1.4048391073700234e-04 1.0360426603075174e-02 7.4864866699010423e-19 -5.5211443966431095e-17 2.8037147646769881e+01 28 32 24 6.2500000000000000e-01 4.0000000000000002e-01 1.0000000000000000e+00 -9.5000000000000000e+00
9.9999999998221722e-01 5.6169806540664897e+00 4.0000000000000002e-01 1.0000000000000000e+00 5.7760000000000000e+03 9.1197365526477956e-04 1.0220238053444530e-02 3.5904581873099119e-17 -1.3683776410417577e-05 9.2565743167519665e-04 -1.4049051635594821e-04 1.0360728569800508e-02 -4.9304576174565509e-19 3.6397627634844967e-17 2.8281054803170264e+01 28 32 28 6.2500000000000000e-01 4.0000000000000002e-01 1.0000000000000000e+00 -1.0750000000000000e+01
9.9999999999900002e-01 5.6169687383637994e+00 4.0000000000000002e-01 1.0000000000000000e+00 5.7860000000000000e+03 9.1198254687750800e-04 1.0220308087884761e-02 4.0038553671276823e-17 -1.3683964274246157e-05 9.2566651115175386e-04 -1.4049206002760629e-04 1.0360800147912332e-02 -5.4936526958647186e-19 4.0587918940863506e-17 3.1232281326316297e+01 28 32 32 6.2500000000000000e-01 4.0000000000000002e-01 1.0000000000000000e+00 -1.2000000000000000e+01
9.8999999999999999e-01 7.9483142538217848e+00 0.0000000000000000e+00 1.0000000000000000e+00 5.6700000000000000e+02 1.4655150335561468e-04 3.4290835213822085e-03 0.0000000000000000e+00 -7.6966884571673808e-07 1.4732117220133144e-04 -1.8009086876196917e-05 3.4470926082584056e-03 0.0000000000000000e+00 0.0000000000000000e+00 0.0000000000000000e+00 30 0 0 8.1250000000000000e-01 0.0000000000000000e+00 1.0000000000000000e+00 -2.0000000000000000e+00
9.9943765867480960e-01 7.6404077609386718e+00 0.0000000000000000e+00 1.0000000000000000e+00 5.6800000000000000e+02 1.7585667116707469e-04 3.8896872640777434e-03 0.0000000000000000e+00 -1.0353059144265456e-06 1.7689197708150120e-04 -2.2899422598210012e-05 3.9125866866759548e-03 0.0000000000000000e+00 0.0000000000000000e+00 0.0000000000000000e+00 30 0 4 8.1250000000000000e-01 0.0000000000000000e+00 1.0000000000000000e+00 -3.2500000000000000e+00
9.9996837722339826e-01 7.5462492482750685e+00 0.0000000000000000e+00 1.0000000000000000e+00 5.6900000000000000e+02 1.8631188877110116e-04 4.0485284741775644e-03 0.0000000000000000e+00 -1.1292539014517708e-06 1.8744114267255294e-04 -2.4538512301919915e-05 4.0730669864794842e-03 0.0000000000000000e+00 0.0000000000000000e+00 0.0000000000000000e+00 30 0 8 8.1250000000000000e-01 0.0000000000000000e+00 1.0000000000000000e+00 -4.5000000000000000e+00
9.9999822172058994e-01 7.5133734237496128e+00 0.0000000000000000e+00 1.0000000000000000e+00 5.7000000000000000e+02 1.9014529111969250e-04 4.1061030525423427e-03 0.0000000000000000e+00 -1.1638455184282666e-06 1.9130913663812073e-04 -2.5132726704748267e-05 4.1312357792470901e-03 0.0000000000000000e+00 0.0000000000000000e+00 0.0000000000000000e+00 30 0 12 8.1250000000000000e-01 0.0000000000000000e+00 1.0000000000000000e+00 -5.7500000000000000e+00
9.9999990000000005e-01 7.5012319750000733e+00 0.0000000000000000e+00 1.0000000000000000e+00 5.7100000000000000e+02 1.9158537147637202e-04 4.1276410893867277e-03 0.0000000000000000e+00 -1.1768949088737292e-06 1.9276226638524583e-04 -2.5355796981380499e-05 4.1529968863681073e-03 0.0000000000000000e+00 0.0000000000000000e+00 0.0000000000000000e+00 30 0 16 8.1250000000000000e-01 0.0000000000000000e+00 1.0000000000000000e+00 -7.0000000000000000e+00
9.9999999437658671e-01 7.4966461360485948e+00 0.0000000000000000e+00 1.0000000000000000e+00 5.7200000000000000e+02 1.9213271619835615e-04 4.1358142725148187e-03 0.0000000000000000e+00 -1.1818650350222702e-06 1.9331458123337836e-04 -2.5440614054428026e-05 4.1612548865692447e-03 0.0000000000000000e+00 0.0000000000000000e+00 0.0000000000000000e+00 30 0 20 8.1250000000000000e-01 0.0000000000000000e+00 1.0000000000000000e+00 -8.2500000000000000e+00
9.9999999968377229e-01 7.4948988232035516e+00 0.0000000000000000e+00 1.0000000000000000e+00 5.7300000000000000e+02 1.9234176141478973e-04 4.1389339378670028e-03 0.0000000000000000e+00 -1.1837649127912753e-06 1.9352552632758102e-04 -2.5473016031302945e-05 4.1644069538983074e-03 0.0000000000000000e+00 0.0000000000000000e+00 0.0000000000000000e+00 30 0 24 8.1250000000000000e-01 0.0000000000000000e+00 1.0000000000000000e+00 -9.5000000000000000e+00
9.9999999998221722e-01 7.4942308018939459e+00 0.0000000000000000e+00 1.0000000000000000e+00 5.7400000000000000e+02 1.9242175388929647e-04 4.1401274194360609e-03 0.0000000000000000e+00 -1.1844921578854676e-06 1.9360624604718190e-04 -2.5485416081333190e-05 4.1656128355173948e-03 0.0000000000000000e+00 0.0000000000000000e+00 0.0000000000000000e+00 30 0 28 8.1250000000000000e-01 0.0000000000000000e+00 1.0000000000000000e+00 -1.0750000000000000e+01
9.9999999999900002e-01 7.4939750665633644e+00 0.0000000000000000e+00 1.0000000000000000e+00 5.7500000000000000e+02 1.9245238219057400e-04 4.1405843155001417e-03 0.0000000000000000e+00 -1.1847708982793597e-06 1.9363715308885328e-04 -2.5490169272203471e-05 4.1660744847723408e-03 0.0000000000000000e+00 0.0000000000000000e+00 0.0000000000000000e+00 30 0 32 8.1250000000000000e-01 0.0000000000000000e+00 1.0000000000000000e+00 -1.2000000000000000e+01
9.8999999999999999e-01 7.9759772574932608e+00 5.0000000000000003e-02 1.0000000000000000e+00 5.7600000000000000e+02 1.4487864041338595e-04 3.3897597891618921e-03 -6.1501010672923370e-18 -7.6086370308853827e-07 1.4563950411647451e-04 -1.7736514568090771e-05 3.4074963037299824e-03 3.2182161681566593e-20 -6.1822832289739017e-18 5.8602586379274726e+00 30 4 0 8.1250000000000000e-01 5.0000000000000003e-02 1.0000000000000000e+00 -2.0000000000000000e+00
9.9943765867480960e-01 7.6669123376860711e+00 5.0000000000000003e-02 1.0000000000000000e+00 5.7700000000000000e+02 1.7387253714573611e-04 3.8455533249573959e-03 6.8310749500664441e-18 -1.0235356106923419e-06 1.7489607275642877e-04 -2.2555687426940187e-05 3.8681090123843360e-03 -4.0066949628219438e-20 6.8711418996946633e-18 6.2945907097309828e+00 30 4 4 8.1250000000000000e-01 5.0000000000000003e-02 1.0000000000000000e+00 -3.2500000000000000e+00
9.9996837722339826e-01 7.5781325036818057e+00 5.0000000000000003e-02 1.0000000000000000e+00 5.7800000000000000e+02 1.8356816365063967e-04 3.9929529932873631e-03 -3.7094959610133337e-18 -1.1106343955381998e-06 1.8467879804617753e-04 -2.4071470215387979e-05 4.0170244635027493e-03 2.2366201878055631e-20 -3.7318621628913870e-18 6.3783555226400495e+00 30 4 8 8.1250000000000000e-01 5.0000000000000003e-02 1.0000000000000000e+00 -4.5000000000000000e+00
9.9999822172058994e-01 7.5526040295840318e+00 5.0000000000000003e-02 1.0000000000000000e+00 5.7900000000000000e+02 1.8648183458268682e-04 4.0367982586927229e-03 -7.3364233372502736e-18 -1.1368611452594151e-06 1.8761869572794636e-04 -2.4521406951897488e-05 4.0613196656446166e-03 4.4568504486134944e-20 -7.3809918417364190e-18 6.1139857321977615e+00 30 4 12 8.1250000000000000e-01 5.0000000000000003e-02 1.0000000000000000e+00 -5.7500000000000000e+00
9.9999990000000005e-01 7.5459507769926697e+00 5.0000000000000003e-02 1.0000000000000000e+00 5.8000000000000000e+02 1.8725061202594067e-04 4.0483327951028021e-03 -3.3262390535416249e-19 -1.1437936893055869e-06 1.8839440571524611e-04 -2.4639894038091083e-05 4.0729726891408921e-03 2.0317857428608244e-21 -3.3465569109702306e-19 6.8046583775430918e+00 30 4 16 8.1250000000000000e-01 5.0000000000000003e-02 1.0000000000000000e+00 -7.0000000000000000e+00
9.9999999437658671e-01 7.5443256044941656e+00 5.0000000000000003e-02 1.0000000000000000e+00 5.8100000000000000e+02 1.8743899311799328e-04 4.0511570503737665e-03 1.4059642530436528e-17 -1.1454934471342822e-06 1.8858448656512732e-04 -2.4668918142315334e-05 4.0758259685160832e-03 -8.5606797806108387e-20 1.4145249328242631e-17 6.1659473860636353e+00 30 4 20 8.1250000000000000e-01 5.0000000000000003e-02 1.0000000000000000e+00 -8.2500000000000000e+00
9.9999999968377229e-01 7.5439372673103486e+00 5.0000000000000003e-02 1.0000000000000000e+00 5.8200000000000000e+02 1.8748404158905584e-04 4.0518323019103093e-03 1.4728038602757620e-17 -1.1458999809628497e-06 1.8862994157001868e-04 -2.4675858319719437e-05 4.0765081602300249e-03 -8.9701786657062452e-20 1.4817740389414650e-17 6.1866026390343904e+00 30 4 24 8.1250000000000000e-01 5.0000000000000003e-02 1.0000000000000000e+00 -9.5000000000000000e+00
9.9999999998221722e-01 7.5438450080433102e+00 5.0000000000000003e-02 1.0000000000000000e+00 5.8300000000000000e+02 1.8749474573377060e-04 4.0519927425066524e-03 -6.6981986604481708e-18 -1.1459965829612160e-06 1.8864074231673183e-04 -2.4677507370604631e-05 4.0766702498772536e-03 4.0782510695014942e-20 -6.7389811711431840e-18 6.9334072889760137e+00 30 4 28 8.1250000000000000e-01 5.0000000000000003e-02 1.0000000000000000e+00 -1.0750000000000000e+01
9.9999999999900002e-01 7.5438231195054408e+00 5.0000000000000003e-02 1.0000000000000000e+00 5.8400000000000000e+02 1.8749729230580820e-04 4.0520309594869897e-03 1.7994632270865700e-17 -1.1460196596577280e-06 1.8864331196546583e-04 -2.4677902042925351e-05 4.0767088615299108e-03 -1.0959190018999961e-19 1.8104224171055718e-17 6.9413823960348964e+00 30 4 32 8.1250000000000000e-01 5.0000000000000003e-02 1.0000000000000000e+00 -1.2000000000000000e+01
9.8999999999999999e-01 8.0094478787418915e+00 1.0000000000000001e-01 1.0000000000000000e+00 5.8500000000000000e+02 1.4407399340332191e-04 3.3412201910208621e-03 1.4837998345655286e-17 -7.6660257371333590e-07 1.4484059597703541e-04 -1.7528881432904013e-05 3.3587490724537685e-03 -7.7843871050937550e-20 1.4915842216706214e-17 6.8839185517281294e+00 30 8 0 8.1250000000000000e-01 1.0000000000000001e-01 1.0000000000000000e+00 -2.0000000000000000e+00
9.9943765867480960e-01 7.7033590514883059e+00 1.0000000000000001e-01 1.0000000000000000e+00 5.8600000000000000e+02 1.7248053109651757e-04 3.7843017620434551e-03 2.0473197923157661e-17 -1.0271250656772073e-06 1.7350765616219477e-04 -2.2224879620811986e-05 3.8065266416642679e-03 -1.2026249139316481e-19 2.0593460414550798e-17 7.9056203057989478e+00 30 8 4 8.1250000000000000e-01 1.0000000000000001e-01 1.0000000000000000e+00 -3.2500000000000000e+00
9.9996837722339826e-01 7.6217905811451390e+00 1.0000000000000001e-01 1.0000000000000000e+00 5.8700000000000000e+02 1.8125698328956257e-04 3.9168336844959233e-03 7.2796713862030834e-18 -1.1068137990156774e-06 1.8236379708857849e-04 -2.3589460012652083e-05 3.9404231445085737e-03 -4.3869394893057316e-20 7.3235407810961428e-18 8.0182283977046609e+00 30 8 8 8.1250000000000000e-01 1.0000000000000001e-01 1.0000000000000000e+00 -4.5000000000000000e+00
9.9999822172058994e-01 7.6006308170025658e+00 1.0000000000000001e-01 1.0000000000000000e+00 5.8800000000000000e+02 1.8362634058401883e-04 3.9522906811360120e-03 -1.0531017874100763e-17 -1.1283102965779036e-06 1.8475465088059652e-04 -2.3952686868741247e-05 3.9762433680047638e-03 6.3822778711951489e-20 -1.0594840652812701e-17 7.2671689260751009e+00 30 8 12 8.1250000000000000e-01 1.0000000000000001e-01 1.0000000000000000e+00 -5.7500000000000000e+00
9.9999990000000005e-01 7.5954440669928376e+00 1.0000000000000001e-01 1.0000000000000000e+00 5.8900000000000000e+02 1.8421308710678914e-04 3.9610504749374355e-03 6.5453968365809821e-18 -1.1336356753592667e-06 1.8534672278214809e-04 -2.4042373718126383e-05 3.9850928486555677e-03 -3.9687222761641764e-20 6.5850840593426161e-18 8.1643125107511878e+00 30 8 16 8.1250000000000000e-01 1.0000000000000001e-01 1.0000000000000000e+00 -7.0000000000000000e+00
9.9999999437658671e-01 7.5942030044857827e+00 1.0000000000000001e-01 1.0000000000000000e+00 5.9000000000000000e+02 1.8435383103287492e-04 3.9631504819997035e-03 -1.7436184566368993e-17 -1.1349132643783209e-06 1.8548874429725313e-04 -2.4063873042535211e-05 3.9872143550422397e-03 1.0585705818426470e-19 -1.7542041624553247e-17 8.1923211626708508e+00 30 8 20 8.1250000000000000e-01 1.0000000000000001e-01 1.0000000000000000e+00 -8.2500000000000000e+00
9.9999999968377229e-01 7.5939080531540313e+00 1.0000000000000001e-01 1.0000000000000000e+00 5.9100000000000000e+02 1.8438730016231308e-04 3.9636497975382764e-03 1.0561284640266820e-17 -1.1352170883628637e-06 1.8552251725067573e-04 -2.4068984839568302e-05 3.9877187823778469e-03 -6.4132658755782147e-20 1.0625417299022581e-17 7.3992024278268218e+00 30 8 24 8.1250000000000000e-01 1.0000000000000001e-01 1.0000000000000000e+00 -9.5000000000000000e+00
9.9999999998221722e-01 7.5938380723392074e+00 1.0000000000000001e-01 1.0000000000000000e+00 5.9200000000000000e+02 1.8439524234953024e-04 3.9637682815176108e-03 6.5510349980090951e-19 -1.1352891822397354e-06 1.8553053153176976e-04 -2.4070197733936529e-05 3.9878384792515478e-03 -4.0333574071373427e-21 6.5913685720804610e-19 7.3775717858225107e+00 30 8 28 8.1250000000000000e-01 1.0000000000000001e-01 1.0000000000000000e+00 -1.0750000000000000e+01
9.9999999999900002e-01 7.5938214754907030e+00 1.0000000000000001e-01 1.0000000000000000e+00 5.9300000000000000e+02 1.8439712615394243e-04 3.9637963886048006e-03 -1.7439014514115715e-17 -1.1353063625596365e-06 1.8553243251650202e-04 -2.4070487313684588e-05 3.9878668759184745e-03 1.0588608230742795e-19 -1.7544900596423147e-17 7.3872006544843316e+00 30 8 32 8.1250000000000000e-01 1.0000000000000001e-01 1.0000000000000000e+00 -1.2000000000000000e+01
9.8999999999999999e-01 8.0474009608118120e+00 1.5000000000000002e-01 1.0000000000000000e+00 5.9400000000000000e+02 1.4408622287762841e-04 3.2847007391209083e-03 -5.5788520758484745e-18 -7.8551411765422845e-07 1.4487173699528273e-04 -1.7385188368870385e-05 3.3020859274897761e-03 2.9486944887964088e-20 -5.6083390207364360e-18 9.4276113118976355e+00 30 12 0 8.1250000000000000e-01 1.5000000000000002e-01 1.0000000000000000e+00 -2.0000000000000000e+00
9.9943765867480960e-01 7.7451270313670930e+00 1.5000000000000002e-01 1.0000000000000000e+00 5.9500000000000000e+02 1.7197558628737731e-04 3.7129658076914020e-03 2.6867960856530455e-18 -1.0472095868840832e-06 1.7302279587426146e-04 -2.1961125322477665e-05 3.7349269330138740e-03 -1.5784961759860516e-20 2.7025810474129060e-18 8.7610931219533086e+00 30 12 4 8.1250000000000000e-01 1.5000000000000002e-01 1.0000000000000000e+00 -3.2500000000000000e+00
9.9996837722339826e-01 7.6687373297132586e+00 1.5000000000000002e-01 1.0000000000000000e+00 5.9600000000000000e+02 1.8011929126708924e-04 3.8341593183090911e-03 -1.7507022023496656e-17 -1.1226967957327614e-06 1.8124198806282175e-04 -2.3216804733443256e-05 3.8573761230425285e-03 1.0609478989068928e-19 -1.7613116813387323e-17 9.9136325763538480e+00 30 12 8 8.1250000000000000e-01 1.5000000000000002e-01 1.0000000000000000e+00 -4.5000000000000000e+00
9.9999822172058994e-01 7.6497969765597276e+00 1.5000000000000002e-01 1.0000000000000000e+00 5.9700000000000000e+02 1.8221514024838282e-04 3.8650924700027824e-03 1.0298675166005774e-17 -1.1420658951746030e-06 1.8335720614355732e-04 -2.3534926017034935e-05 3.8886273960198163e-03 -6.2709640192708352e-20 1.0361384806198470e-17 1.0020470221526921e+01 30 12 12 8.1250000000000000e-01 1.5000000000000002e-01 1.0000000000000000e+00 -5.7500000000000000e+00
9.9999990000000005e-01 7.6452389386683750e+00 1.5000000000000002e-01 1.0000000000000000e+00 5.9800000000000000e+02 1.8272417595722047e-04 3.8725899091540334e-03 -3.6018424555017588e-18 -1.1467679180209809e-06 1.8387094387524152e-04 -2.3611914817829025e-05 3.8962018239718675e-03 2.1990127706184048e-20 -3.6238325832079438e-18 9.1125233899801970e+00 30 12 16 8.1250000000000000e-01 1.5000000000000002e-01 1.0000000000000000e+00 -7.0000000000000000e+00
9.9999999437658671e-01 7.6441539252209880e+00 1.5000000000000002e-01 1.0000000000000000e+00 5.9900000000000000e+02 1.8284561707320658e-04 3.8743776869248027e-03 4.0907367761789996e-18 -1.1478895759603457e-06 1.8399350664916698e-04 -2.3630266811340991e-05 3.8980079537361411e-03 -2.5066016031855987e-20 4.1158027922108561e-18 1.0121357602998614e+01 30 12 20 8.1250000000000000e-01 1.5000000000000002e-01 1.0000000000000000e+00 -8.2500000000000000e+00
9.9999999968377229e-01 7.6438963898521113e+00 1.5000000000000002e-01 1.0000000000000000e+00 6.0000000000000000e+02 1.8287445712068034e-04 3.8748022010214028e-03 2.0486669026993559e-17 -1.1481559438638146e-06 1.8402261306454384e-04 -2.3634624225701437e-05 3.8984368252471032e-03 -1.2493081183814836e-19 2.0611599838831763e-17 9.3158915713429451e+00 30 12 24 8.1250000000000000e-01 1.5000000000000002e-01 1.0000000000000000e+00 -9.5000000000000000e+00
9.9999999998221722e-01 7.6438353050470891e+00 1.5000000000000002e-01 1.0000000000000000e+00 6.0100000000000000e+02 1.8288129815401284e-04 3.8749028929763222e-03 -6.7207790335631618e-18 -1.1482191313974307e-06 1.8402951728541041e-04 -2.3635657808604438e-05 3.8985385507849246e-03 4.0965538948444451e-20 -6.7617445725116058e-18 9.7859295941889286e+00 30 12 28 8.1250000000000000e-01 1.5000000000000002e-01 1.0000000000000000e+00 -1.0750000000000000e+01
9.9999999999900002e-01 7.6438208191150876e+00 1.5000000000000002e-01 1.0000000000000000e+00 6.0200000000000000e+02 1.8288291689234334e-04 3.8749266972631846e-03 -1.0162446151171555e-17 -1.1482341399052965e-06 1.8403115103224850e-04 -2.3635903275762086e-05 3.8985626005389458e-03 6.1958860875127267e-20 -1.0224405012046684e-17 1.0154836899600923e+01 30 12 32 8.1250000000000000e-01 1.5000000000000002e-01 1.0000000000000000e+00 -1.2000000000000000e+01
9.8999999999999999e-01 8.0888065462229193e+00 2.0000000000000001e-01 1.0000000000000000e+00 6.0300000000000000e+02 1.4476834944858948e-04 3.2204235159270784e-03 -2.7317305453054019e-18 -8.1541054438677428e-07 1.4558375999297645e-04 -1.7292649613342288e-05 3.2377161655404198e-03 1.4634728157286057e-20 -2.7463652734626827e-18 9.3711297241970897e+00 30 16 0 8.1250000000000000e-01 2.0000000000000001e-01 1.0000000000000000e+00 -2.0000000000000000e+00
9.9943765867480960e-01 7.7899125225268389e+00 2.0000000000000001e-01 1.0000000000000000e+00 6.0400000000000000e+02 1.7231261140441165e-04 3.6339147501549115e-03 6.6081736631267083e-18 -1.0819137381844067e-06 1.7339452514259591e-04 -2.1768675267349225e-05 3.6556834254222611e-03 -3.9629867630071375e-20 6.6478035307567831e-18 1.1356180012226105e+01 30 16 4 8.1250000000000000e-01 2.0000000000000001e-01 1.0000000000000000e+00 -3.2500000000000000e+00
9.9996837722339826e-01 7.7170171374894379e+00 2.0000000000000001e-01 1.0000000000000000e+00 6.0500000000000000e+02 1.8005556587613115e-04 3.7466614882043590e-03 1.3150894051020616e-17 -1.1557475954050439e-06 1.8121131347153611e-04 -2.2949807420965591e-05 3.7696112956253263e-03 -8.0507584677442692e-20 1.3231401635698046e-17 1.0482152475044131e+01 30 16 8 8.1250000000000000e-01 2.0000000000000001e-01 1.0000000000000000e+00 -4.5000000000000000e+00
9.9999822172058994e-01 7.6993491940549088e+00 2.0000000000000001e-01 1.0000000000000000e+00 6.0600000000000000e+02 1.8200035067544721e-04 3.7747613538541528e-03 2.3630279801926817e-17 -1.1742051781469768e-06 1.8317455585359390e-04 -2.3241473044233304e-05 3.7980028268983861e-03 -1.4554092729904185e-19 2.3775820729225858e-17 1.0581884713843465e+01 30 16 12 8.1250000000000000e-01 2.0000000000000001e-01 1.0000000000000000e+00 -5.7500000000000000e+00
9.9999990000000005e-01 7.6951302526486653e+00 2.0000000000000001e-01 1.0000000000000000e+00 6.0700000000000000e+02 1.8246878445856346e-04 3.7815168521675925e-03 -1.0075984985482803e-17 -1.1786462281850178e-06 1.8364743068674852e-04 -2.3311442767898623e-05 3.8048282949354898e-03 6.2114161195566316e-20 -1.0138099146678372e-17 1.0685704774223268e+01 30 16 16 8.1250000000000000e-01 2.0000000000000001e-01 1.0000000000000000e+00 -7.0000000000000000e+00
9.9999999437658671e-01 7.6941280072351885e+00 2.0000000000000001e-01 1.0000000000000000e+00 6.0800000000000000e+02 1.8258029511837673e-04 3.7831242688349843e-03 1.3116029582518954e-17 -1.1797031574132564e-06 1.8375999827579002e-04 -2.3328083182740970e-05 3.8064523520177241e-03 -8.0782426451386462e-20 1.3196812008970346e-17 1.1883203803561628e+01 30 16 20 8.1250000000000000e-01 2.0000000000000001e-01 1.0000000000000000e+00 -8.2500000000000000e+00
9.9999999968377229e-01 7.6938902355628249e+00 2.0000000000000001e-01 1.0000000000000000e+00 6.0900000000000000e+02 1.8260676279284853e-04 3.7835057570735926e-03 2.3522997149707564e-17 -1.1799540105414742e-06 1.8378671680339026e-04 -2.3332031983069442e-05 3.8068377890566620e-03 -1.4506105106580789e-19 2.3668058200773343e-17 1.0761551572941244e+01 30 16 24 8.1250000000000000e-01 2.0000000000000001e-01 1.0000000000000000e+00 -9.5000000000000000e+00
9.9999999998221722e-01 7.6938338453821604e+00 2.0000000000000001e-01 1.0000000000000000e+00 6.1000000000000000e+02 1.8261304078747266e-04 3.7835962433078974e-03 6.8832100263123209e-18 -1.1800135090419801e-06 1.8379305429651468e-04 -2.3332968567758593e-05 3.8069292118756573e-03 -4.2495740832534718e-20 6.9257057671448694e-18 1.1914156310260296e+01 30 16 28 8.1250000000000000e-01 2.0000000000000001e-01 1.0000000000000000e+00 -1.0750000000000000e+01
9.9999999999900002e-01 7.6938204727855952e+00 2.0000000000000001e-01 1.0000000000000000e+00 6.1100000000000000e+02 1.8261452857429894e-04 3.7836176705035494e-03 -1.0081582690011913e-17 -1.1800275417328698e-06 1.8379455611603187e-04 -2.3333188228544386e-05 3.8069508587320962e-03 6.2172102742182165e-20 -1.0143754792754098e-17 1.1898527640849352e+01 30 16 32 8.1250000000000000e-01 2.0000000000000001e-01 1.0000000000000000e+00 -1.2000000000000000e+01
9.8999999999999999e-01 8.1328849736753153e+00 2.5000000000000000e-01 1.0000000000000000e+00 6.1200000000000000e+02 1.4589530072601700e-04 3.1477274672473631e-03 5.8506493302938873e-18 -8.5349804052318054e-07 1.4674879876653979e-04 -1.7229136355941387e-05 3.1649566036033002e-03 -3.2121211284534169e-20 5.8827705415784199e-18 1.1172522278502584e+01 30 20 0 8.1250000000000000e-01 2.5000000000000000e-01 1.0000000000000000e+00 -2.0000000000000000e+00
9.9943765867480960e-01 7.8365363610885392e+00 2.5000000000000000e-01 1.0000000000000000e+00 6.1300000000000000e+02 1.7326249210075845e-04 3.5470133953727037e-03 3.3042687585846552e-18 -1.1278535026932729e-06 1.7439034560345142e-04 -2.1625733703098653e-05 3.5686391290757993e-03 -2.0209245126949273e-20 3.3244780037116054e-18 1.2044890955090523e+01 30 20 4 8.1250000000000000e-01 2.5000000000000000e-01 1.0000000000000000e+00 -3.2500000000000000e+00
9.9996837722339826e-01 7.7659717613479895e+00 2.5000000000000000e-01 1.0000000000000000e+00 6.1400000000000000e+02 1.8076194913752569e-04 3.6532226043656806e-03 -1.3299951642886941e-17 -1.2017821419584934e-06 1.8196373127948393e-04 -2.2755375400011066e-05 3.6759779797656896e-03 8.2978127377196661e-20 -1.3382929770264114e-17 1.2595814033411443e+01 30 20 8 8.1250000000000000e-01 2.5000000000000000e-01 1.0000000000000000e+00 -4.5000000000000000e+00
9.9999822172058994e-01 7.7490831596755507e+00 2.5000000000000000e-01 1.0000000000000000e+00 6.1500000000000000e+02 1.8262010927602690e-04 3.6793449597093747e-03 -1.2909459927322921e-17 -1.2199892310250086e-06 1.8384009850705134e-04 -2.3030280774271175e-05 3.7023752404836468e-03 8.0736425426106469e-20 -1.2990196352749034e-17 1.3586948528885841e+01 30 20 12 8.1250000000000000e-01 2.5000000000000000e-01 1.0000000000000000e+00 -5.7500000000000000e+00
9.9999990000000005e-01 7.7450660668847551e+00 2.5000000000000000e-01 1.0000000000000000e+00 6.1600000000000000e+02 1.8306578875395524e-04 3.6855992456656514e-03 9.9830042239464756e-18 -1.2243496943591410e-06 1.8429013844831448e-04 -2.3095929783475030e-05 3.7086951754491315e-03 -6.2627360226472154e-20 1.0045631584172952e-17 1.2332675348035991e+01 30 20 16 8.1250000000000000e-01 2.5000000000000000e-01 1.0000000000000000e+00 -7.0000000000000000e+00
9.9999999437658671e-01 7.7441127234343030e+00 2.5000000000000000e-01 1.0000000000000000e+00 6.1700000000000000e+02 1.8317176839015390e-04 3.6870858417066793e-03 3.4374792879681852e-18 -1.2253862155699234e-06 1.8439715460572380e-04 -2.3111524481041469e-05 3.7101973661877218e-03 -2.1615518882899468e-20 3.4590948068510848e-18 1.3638698795810342e+01 30 20 20 8.1250000000000000e-01 2.5000000000000000e-01 1.0000000000000000e+00 -8.2500000000000000e+00
9.9999999968377229e-01 7.7438866076328567e+00 2.5000000000000000e-01 1.0000000000000000e+00 6.1800000000000000e+02 1.8319691669085075e-04 3.6874385659259280e-03 -1.6538228339087295e-17 -1.2256321550346325e-06 1.8442254884588544e-04 -2.3115224094664671e-05 3.7105537900205894e-03 1.0374079606766011e-19 -1.6641969135154965e-17 1.3657851415686309e+01 30 20 24 8.1250000000000000e-01 2.5000000000000000e-01 1.0000000000000000e+00 -9.5000000000000000e+00
9.9999999998221722e-01 7.7438329847304921e+00 2.5000000000000000e-01 1.0000000000000000e+00 6.1900000000000000e+02 1.8320288130517506e-04 3.6875222221331000e-03 -6.3876384741244112e-18 -1.2256904862839172e-06 1.8442857179145895e-04 -2.3116101509009711e-05 3.7106383236421097e-03 3.9973813176650676e-20 -6.4276122873010670e-18 1.2326139123179018e+01 30 20 28 8.1250000000000000e-01 2.5000000000000000e-01 1.0000000000000000e+00 -1.0750000000000000e+01
9.9999999999900002e-01 7.7438202683884585e+00 2.5000000000000000e-01 1.0000000000000000e+00 6.2000000000000000e+02 1.8320429325079183e-04 3.6875420037316793e-03 0.0000000000000000e+00 -1.2257043314548293e-06 1.8442999758224642e-04 -2.3116310376905878e-05 3.7106583141085867e-03 0.0000000000000000e+00 0.0000000000000000e+00 1.3816675058566034e+01 30 20 32 8.1250000000000000e-01 2.5000000000000000e-01 1.0000000000000000e+00 -1.2000000000000000e+01
9.8999999999999999e-01 8.1790515511440702e+00 3.0000000000000004e-01 1.0000000000000000e+00 6.2100000000000000e+02 1.4717920637886302e-04 3.0652199010668454e-03 -1.5942608821774597e-17 -8.9652132533005811e-07 1.4807572770419281e-04 -1.7165444581490558e-05 3.0823853456483311e-03 8.9087051969153014e-20 -1.6031695873743789e-17 1.4675168234854937e+01 30 24 0 8.1250000000000000e-01 3.0000000000000004e-01 1.0000000000000000e+00 -2.0000000000000000e+00
9.9943765867480960e-01 7.8843531766333825e+00 3.0000000000000004e-01 1.0000000000000000e+00 6.2200000000000000e+02 1.7448984841155743e-04 3.4507284148894970e-03 2.9098843925349673e-18 -1.1808268863587296e-06 1.7567067529791625e-04 -2.1496576139580467e-05 3.4722249910290712e-03 -1.8044010066750505e-20 2.9279284026017256e-18 1.5824844877235591e+01 30 24 4 8.1250000000000000e-01 3.0000000000000004e-01 1.0000000000000000e+00 -3.2500000000000000e+00
9.9996837722339826e-01 7.8153176411340279e+00 3.0000000000000004e-01 1.0000000000000000e+00 6.2300000000000000e+02 1.8184653754350785e-04 3.5515911672537922e-03 -9.4633398910571920e-18 -1.2559783168740756e-06 1.8310251586038176e-04 -2.2589284128830093e-05 3.5741804513826233e-03 6.0189944039104284e-20 -9.5235298350962878e-18 1.4524829807691276e+01 30 24 8 8.1250000000000000e-01 3.0000000000000004e-01 1.0000000000000000e+00 -4.5000000000000000e+00
9.9999822172058994e-01 7.7989185852336922e+00 3.0000000000000004e-01 1.0000000000000000e+00 6.2400000000000000e+02 1.8365464486013347e-04 3.5762055184725490e-03 9.5289256977594164e-18 -1.2743181938898797e-06 1.8492896305402303e-04 -2.2852857507297622e-05 3.5990583759798397e-03 -6.0892244599391272e-20 9.5898179423588104e-18 1.4683261569589376e+01 30 24 12 8.1250000000000000e-01 3.0000000000000004e-01 1.0000000000000000e+00 -5.7500000000000000e+00
9.9999990000000005e-01 7.7950264781965730e+00 3.0000000000000004e-01 1.0000000000000000e+00 6.2500000000000000e+02 1.8408729132358257e-04 3.5820852524083790e-03 6.3630616374303965e-18 -1.2786986811917574e-06 1.8536599000477399e-04 -2.2915636086026794e-05 3.6050008884944067e-03 -4.0706346890620881e-20 6.4037679843210189e-18 1.4782241237349808e+01 30 24 16 8.1250000000000000e-01 3.0000000000000004e-01 1.0000000000000000e+00 -7.0000000000000000e+00
9.9999999437658671e-01 7.7941033034452261e+00 3.0000000000000004e-01 1.0000000000000000e+00 6.2600000000000000e+02 1.8419011063029305e-04 3.5834820170591347e-03 -3.6735524390874222e-18 -1.2797392616697807e-06 1.8546984989196243e-04 -2.2930539146017862e-05 3.6064125562051551e-03 2.3776320406756243e-20 -3.6973287594941750e-18 1.4806553912349045e+01 30 24 20 8.1250000000000000e-01 3.0000000000000004e-01 1.0000000000000000e+00 -8.2500000000000000e+00
9.9999999968377229e-01 7.7938843719818012e+00 3.0000000000000004e-01 1.0000000000000000e+00 6.2700000000000000e+02 1.8421450552748154e-04 3.5838133815024238e-03 -2.1954229242970360e-17 -1.2799861238356823e-06 1.8549449165131742e-04 -2.2934074115136779e-05 3.6067474556175584e-03 1.4031313582866118e-19 -2.2094542378799051e-17 1.6227465334348381e+01 30 24 24 8.1250000000000000e-01 3.0000000000000004e-01 1.0000000000000000e+00 -9.5000000000000000e+00
9.9999999998221722e-01 7.7938324544135158e+00 3.0000000000000004e-01 1.0000000000000000e+00 6.2800000000000000e+02 1.8422029117092181e-04 3.5838919679999632e-03 2.6922740432475175e-18 -1.2800446645915706e-06 1.8550033583551349e-04 -2.2934912360897095e-05 3.6068268803608520e-03 -1.6959570074634900e-20 2.7092336133221532e-18 1.4835999362170696e+01 30 24 28 8.1250000000000000e-01 3.0000000000000004e-01 1.0000000000000000e+00 -1.0750000000000000e+01
9.9999999999900002e-01 7.7938201424414721e+00 3.0000000000000004e-01 1.0000000000000000e+00 6.2900000000000000e+02 1.8422166509793643e-04 3.5839106385719167e-03 -1.9098912523879602e-17 -1.2800583463233567e-06 1.8550172344425990e-04 -2.2935108195292901e-05 3.6068457467672071e-03 1.2222280891527959e-19 -1.9221135332794827e-17 1.4845815012231469e+01 30 24 32 8.1250000000000000e-01 3.0000000000000004e-01 1.0000000000000000e+00 -1.2000000000000000e+01
9.8999999999999999e-01 8.2268675181617414e+00 3.5000000000000003e-01 1.0000000000000000e+00 6.3000000000000000e+02 1.4828172030240228e-04 2.9709207386538427e-03 1.3061837809550898e-17 -9.4085312798778333e-07 1.4922257343039032e-04 -1.7067210744525446e-05 2.9879879493983699e-03 -7.4957995894421642e-20 1.3136795805445329e-17 1.5395054451189935e+01 30 28 0 8.1250000000000000e-01 3.5000000000000003e-01 1.0000000000000000e+00 -2.0000000000000000e+00
9.9943765867480960e-01 7.9329852781822696e+00 3.5000000000000003e-01 1.0000000000000000e+00 6.3100000000000000e+02 1.7558979827660311e-04 3.3426636302081305e-03 9.0626001715507983e-18 -1.2360990828800827e-06 1.7682589735948349e-04 -2.1337445160405492e-05 3.3640010753685345e-03 -5.7952251499046303e-20 9.1205524230498742e-18 1.7998080045916140e+01 30 28 4 8.1250000000000000e-01 3.5000000000000003e-01 1.0000000000000000e+00 -3.2500000000000000e+00
9.9996837722339826e-01 7.8649118499042396e+00 3.5000000000000003e-01 1.0000000000000000e+00 6.3200000000000000e+02 1.8286174489715737e-04 3.4388648270939353e-03 1.5271627638453088e-17 -1.3131082027274587e-06 1.8417485309988441e-04 -2.2401469354138489e-05 3.4612662964480698e-03 -9.9482508249597695e-20 1.5371110146702778e-17 1.8153721492737532e+01 30 28 8 8.1250000000000000e-01 3.5000000000000003e-01 1.0000000000000000e+00 -4.5000000000000000e+00
9.9999822172058994e-01 7.8488169590899730e+00 3.5000000000000003e-01 1.0000000000000000e+00 6.3300000000000000e+02 1.8464015614084490e-04 3.4622300127163039e-03 6.6421361689484831e-18 -1.3317925336037367e-06 1.8597194867444881e-04 -2.2656701187718895e-05 3.4848867139040140e-03 -4.3794994276646012e-20 6.6859311632251284e-18 1.6994386586360633e+01 30 28 12 8.1250000000000000e-01 3.5000000000000003e-01 1.0000000000000000e+00 -5.7500000000000000e+00
9.9999990000000005e-01 7.8450020621635197e+00 3.5000000000000003e-01 1.0000000000000000e+00 6.3400000000000000e+02 1.8506509843580328e-04 3.4678038297273213e-03 2.9156576986468961e-18 -1.3362479534987190e-06 1.8640134638930208e-04 -2.2717396752556674e-05 3.4905212264798790e-03 -1.8990274951720501e-20 2.9346479735986184e-18 1.8427232452668250e+01 30 28 16 8.1250000000000000e-01 3.5000000000000003e-01 1.0000000000000000e+00 -7.0000000000000000e+00
9.9999999437658671e-01 7.8440974954999723e+00 3.5000000000000003e-01 1.0000000000000000e+00 6.3500000000000000e+02 1.8516605159103351e-04 3.4691274791048498e-03 0.0000000000000000e+00 -1.3373059020395995e-06 1.8650335749307366e-04 -2.2731799656939779e-05 3.4918592787617844e-03 0.0000000000000000e+00 0.0000000000000000e+00 1.7288948724977672e+01 30 28 20 8.1250000000000000e-01 3.5000000000000003e-01 1.0000000000000000e+00 -8.2500000000000000e+00
9.9999999968377229e-01 7.8438829936940966e+00 3.5000000000000003e-01 1.0000000000000000e+00 6.3600000000000000e+02 1.8519000170879541e-04 3.4694414724182124e-03 -6.3274478514909446e-18 -1.3375568603271475e-06 1.8652755856912232e-04 -2.2735215673275566e-05 3.4921766880914840e-03 4.1573844994927340e-20 -6.3690216964858752e-18 1.8383065999485552e+01 30 28 24 8.1250000000000000e-01 3.5000000000000003e-01 1.0000000000000000e+00 -9.5000000000000000e+00
9.9999999998221722e-01 7.8438321276465643e+00 3.5000000000000003e-01 1.0000000000000000e+00 6.3700000000000000e+02 1.8519568166603759e-04 3.4695159371757722e-03 1.1832736305188388e-17 -1.3376163749737557e-06 1.8653329804101145e-04 -2.2736025729927118e-05 3.4922519629057010e-03 -7.7210463618004393e-20 1.1909946768806401e-17 1.7359757873229682e+01 30 28 28 8.1250000000000000e-01 3.5000000000000003e-01 1.0000000000000000e+00 -1.0750000000000000e+01
9.9999999999900002e-01 7.8438200651308616e+00 3.5000000000000003e-01 1.0000000000000000e+00 6.3800000000000000e+02 1.8519702897217485e-04 3.4695335921344750e-03 3.2460528674841586e-18 -1.3376302428272314e-06 1.8653465921500219e-04 -2.2736214141365224e-05 3.4922698062758366e-03 -2.1381869061258798e-20 3.2674347365454176e-18 1.8078042346052825e+01 30 28 32 8.1250000000000000e-01 3.5000000000000003e-01 1.0000000000000000e+00 -1.2000000000000000e+01
9.8999999999999999e-01 8.2760015513660470e+00 4.0000000000000002e-01 1.0000000000000000e+00 6.3900000000000000e+02 1.4882402291835266e-04 2.8623954733135414e-03 1.5518271899244519e-17 -9.8254757682847119e-07 1.4980657049518126e-04 -1.6896512749460155e-05 2.8792919860629977e-03 -9.1788063061686687e-20 1.5610059962306227e-17 1.8193747816607356e+01 30 32 0 8.1250000000000000e-01 4.0000000000000002e-01 1.0000000000000000e+00 -2.0000000000000000e+00
9.9943765867480960e-01 7.9821984076874921e+00 4.0000000000000002e-01 1.0000000000000000e+00 6.4000000000000000e+02 1.7610717260440324e-04 3.2198505417545182e-03 3.0162163561077733e-18 -1.2885174844693002e-06 1.7739569008887253e-04 -2.1099751897280416e-05 3.2409502936518032e-03 -1.9884777719303189e-20 3.0361011338270704e-18 2.0180380713194609e+01 30 32 4 8.1250000000000000e-01 4.0000000000000002e-01 1.0000000000000000e+00 -3.2500000000000000e+00
9.9996837722339826e-01 7.9146741668622722e+00 4.0000000000000002e-01 1.0000000000000000e+00 6.4100000000000000e+02 1.8331767636885739e-04 3.3117000509236974e-03 1.7485464302400994e-17 -1.3675931611212666e-06 1.8468526952997925e-04 -2.2138367252549251e-05 3.3338384181762519e-03 -1.1676225351402377e-19 1.7602226555915025e-17 1.9725981684401631e+01 30 32 8 8.1250000000000000e-01 4.0000000000000002e-01 1.0000000000000000e+00 -4.5000000000000000e+00
9.9999822172058994e-01 7.8987573146986314e+00 4.0000000000000002e-01 1.0000000000000000e+00 6.4200000000000000e+02 1.8507560401377464e-04 3.3339430219355543e-03 -9.0477888912769372e-18 -1.3867067171365766e-06 1.8646231073091111e-04 -2.2386624939884271e-05 3.3563296468754247e-03 6.0881594465191382e-20 -9.1086704857421138e-18 2.0002588246949017e+01 30 32 12 8.1250000000000000e-01 4.0000000000000002e-01 1.0000000000000000e+00 -5.7500000000000000e+00
9.9999990000000005e-01 7.8949877274390090e+00 4.0000000000000002e-01 1.0000000000000000e+00 6.4300000000000000e+02 1.8549529225918664e-04 3.3392448298502886e-03 1.6475291554057729e-19 -1.3912597424270520e-06 1.8688655200161365e-04 -2.2445603914456410e-05 3.3616904337647369e-03 -1.2356868794212621e-21 1.6598860241999849e-19 2.1576065252535045e+01 30 32 16 8.1250000000000000e-01 4.0000000000000002e-01 1.0000000000000000e+00 -7.0000000000000000e+00
9.9999999437658671e-01 7.8940940853863397e+00 4.0000000000000002e-01 1.0000000000000000e+00 6.4400000000000000e+02 1.8559497617874393e-04 3.3405036318349176e-03 -8.4063653522368238e-18 -1.3923405900318525e-06 1.8698731676877506e-04 -2.2459596075348829e-05 3.3629632279102667e-03 5.6134445053102812e-20 -8.4624997972899209e-18 2.4337796911597252e+01 30 32 20 8.1250000000000000e-01 4.0000000000000002e-01 1.0000000000000000e+00 -8.2500000000000000e+00
9.9999999968377229e-01 7.8938821843950118e+00 4.0000000000000002e-01 1.0000000000000000e+00 6.4500000000000000e+02 1.8561862399512499e-04 3.3408022280432747e-03 -1.7473645748350907e-17 -1.3925969642468316e-06 1.8701122095937225e-04 -2.2462914475199168e-05 3.3632651425184725e-03 1.1723270614068046e-19 -1.7590878454491588e-17 2.3822197394445539e+01 30 32 24 8.1250000000000000e-01 4.0000000000000002e-01 1.0000000000000000e+00 -9.5000000000000000e+00
9.9999999998221722e-01 7.8938319355427806e+00 4.0000000000000002e-01 1.0000000000000000e+00 6.4600000000000000e+02 1.8562423228523449e-04 3.3408730412499915e-03 -1.7968615466465975e-17 -1.3926577715509128e-06 1.8701689005678533e-04 -2.2463701535277493e-05 3.3633367427852675e-03 1.2094757816002734e-19 -1.8089563044625976e-17 2.4174894574098289e+01 30 32 28 8.1250000000000000e-01 4.0000000000000002e-01 1.0000000000000000e+00 -1.0750000000000000e+01
9.9999999999900002e-01 7.8938200198400903e+00 4.0000000000000002e-01 1.0000000000000000e+00 6.4700000000000000e+02 1.8562556370580076e-04 3.3408898595695532e-03 8.7370502077657903e-18 -1.3926722304972849e-06 1.8701823593629798e-04 -2.2463888970649055e-05 3.3633537485401994e-03 -5.8618882797967207e-20 8.7956690905637524e-18 2.4680726483464241e+01 30 32 32 8.1250000000000000e-01 4.0000000000000002e-01 1.0000000000000000e+00 -1.2000000000000000e+01
9.8999999999999999e-01 1.1454497938059671e+01 0.0000000000000000e+00 1.0000000000000000e+00 5.8320000000000000e+03 2.5881457509418535e-05 1.0289734803485399e-03 0.0000000000000000e+00 -5.8516026440166939e-08 2.5939973535858706e-05 -2.3264315527977593e-06 1.0312999119013377e-03 0.0000000000000000e+00 0.0000000000000000e+00 0.0000000000000000e+00 32 0 0 1.0000000000000000e+00 0.0000000000000000e+00 1.0000000000000000e+00 -2.0000000000000000e+00
9.9943765867480960e-01 1.1146591445176558e+01 0.0000000000000000e+00 1.0000000000000000e+00 5.8330000000000000e+03 2.9443265363324629e-05 1.1251454699772812e-03 0.0000000000000000e+00 -7.2768060426153353e-08 2.9516033423750777e-05 -2.7807599645352170e-06 1.1279262299418165e-03 0.0000000000000000e+00 0.0000000000000000e+00 0.0000000000000000e+00 32 0 4 1.0000000000000000e+00 0.0000000000000000e+00 1.0000000000000000e+00 -3.2500000000000000e+00
9.9996837722339826e-01 1.1052432932512955e+01 0.0000000000000000e+00 1.0000000000000000e+00 5.8340000000000000e+03 3.0659388975607840e-05 1.1572080454014648e-03 0.0000000000000000e+00 -7.7410850563942442e-08 3.0736799826171784e-05 -2.9217953151393045e-06 1.1601298407166040e-03 0.0000000000000000e+00 0.0000000000000000e+00 0.0000000000000000e+00 32 0 8 1.0000000000000000e+00 0.0000000000000000e+00 1.0000000000000000e+00 -4.5000000000000000e+00
9.9999822172058994e-01 1.1019557107987499e+01 0.0000000000000000e+00 1.0000000000000000e+00 5.8440000000000000e+03 3.1098915325470041e-05 1.1687037541620907e-03 0.0000000000000000e+00 -7.9079488985947158e-08 3.1177994814455974e-05 -2.9718237658084385e-06 1.1716755779278996e-03 0.0000000000000000e+00 0.0000000000000000e+00 0.0000000000000000e+00 32 0 12 1.0000000000000000e+00 0.0000000000000000e+00 1.0000000000000000e+00 -5.7500000000000000e+00
9.9999990000000005e-01 1.1007415659237960e+01 0.0000000000000000e+00 1.0000000000000000e+00 5.8540000000000000e+03 3.1263193639157974e-05 1.1729878738817954e-03 0.0000000000000000e+00 -7.9704151987092216e-08 3.1342897791145083e-05 -2.9904815502210724e-06 1.1759783554320163e-03 0.0000000000000000e+00 0.0000000000000000e+00 0.0000000000000000e+00 32 0 16 1.0000000000000000e+00 0.0000000000000000e+00 1.0000000000000000e+00 -7.0000000000000000e+00
9.9999999437658671e-01 1.1002829820286481e+01 0.0000000000000000e+00 1.0000000000000000e+00 5.8640000000000000e+03 3.1325515155845115e-05 1.1746113310268946e-03 0.0000000000000000e+00 -7.9941431388922645e-08 3.1405456587234040e-05 -2.9975599973626139e-06 1.1776088910242575e-03 0.0000000000000000e+00 0.0000000000000000e+00 0.0000000000000000e+00 32 0 20 1.0000000000000000e+00 0.0000000000000000e+00 1.0000000000000000e+00 -8.2500000000000000e+00
9.9999999968377229e-01 1.1001082507441438e+01 0.0000000000000000e+00 1.0000000000000000e+00 5.8380000000000000e+03 3.1349300472896836e-05 1.1752306715396147e-03 0.0000000000000000e+00 -8.0032044406140174e-08 3.1429332517302985e-05 -3.0002619475810261e-06 1.1782309334871957e-03 0.0000000000000000e+00 0.0000000000000000e+00 0.0000000000000000e+00 32 0 24 1.0000000000000000e+00 0.0000000000000000e+00 1.0000000000000000e+00 -9.5000000000000000e+00
9.9999999998221722e-01 1.1000414486131833e+01 0.0000000000000000e+00 1.0000000000000000e+00 5.8480000000000000e+03 3.1358399722034938e-05 1.1754675676263493e-03 0.0000000000000000e+00 -8.0066717051116484e-08 3.1438466439086038e-05 -3.0012956647711086e-06 1.1784688632911202e-03 0.0000000000000000e+00 0.0000000000000000e+00 0.0000000000000000e+00 32 0 28 1.0000000000000000e+00 0.0000000000000000e+00 1.0000000000000000e+00 -1.0750000000000000e+01
9.9999999999900002e-01 1.1000158750801251e+01 0.0000000000000000e+00 1.0000000000000000e+00 5.8400000000000000e+03 3.1361884297895794e-05 1.1755582855089422e-03 0.0000000000000000e+00 -8.0080009825419227e-08 3.1441964307721225e-05 -3.0016920590522413e-06 1.1785599775679940e-03 0.0000000000000000e+00 0.0000000000000000e+00 0.0000000000000000e+00 32 0 32 1.0000000000000000e+00 0.0000000000000000e+00 1.0000000000000000e+00 -1.2000000000000000e+01
9.8999999999999999e-01 1.1482160941731149e+01 5.0000000000000003e-02 1.0000000000000000e+00 5.9130000000000000e+03 2.5699186980260016e-05 1.0200934096150933e-03 -1.8577008315563016e-18 -5.8289808514301842e-08 2.5757476788774322e-05 -2.3037437075100090e-06 1.0223971533226044e-03 4.1958143910824002e-21 -1.8618966459473840e-18 4.2438194947317243e+00 32 4 0 1.0000000000000000e+00 5.0000000000000003e-02 1.0000000000000000e+00 -2.0000000000000000e+00
9.9943765867480960e-01 1.1173096021923959e+01 5.0000000000000003e-02 1.0000000000000000e+00 5.9140000000000000e+03 2.9241966862453588e-05 1.1156111211828811e-03 -9.1294547086164590e-19 -7.2503823676836994e-08 2.9314470686130436e-05 -2.7542572129326170e-06 1.1183653783958137e-03 2.2530828242236314e-21 -9.1519855368587027e-19 4.9907840294763446e+00 32 4 4 1.0000000000000000e+00 5.0000000000000003e-02 1.0000000000000000e+00 -3.2500000000000000e+00
9.9996837722339826e-01 1.1084316187919693e+01 5.0000000000000003e-02 1.0000000000000000e+00 5.9240000000000000e+03 3.0376584441294160e-05 1.1454901039546369e-03 -6.1043975418753747e-18 -7.6851458773010736e-08 3.0453435900067165e-05 -2.8856739048926202e-06 1.1483757778595290e-03 1.5377959731704492e-20 -6.1197755016070776e-18 5.0155103700235486e+00 32 4 8 1.0000000000000000e+00 5.0000000000000003e-02 1.0000000000000000e+00 -4.5000000000000000e+00
9.9999822172058994e-01 1.1058787713821919e+01 5.0000000000000003e-02 1.0000000000000000e+00 5.9340000000000000e+03 3.0713178375966479e-05 1.1542910356931522e-03 -3.1029279461018283e-18 -7.8131800489513605e-08 3.0791310176455989e-05 -2.9239014316399942e-06 1.1572149371247926e-03 7.8602334378259329e-21 -3.1107881795396562e-18 4.7181717567145824e+00 32 4 12 1.0000000000000000e+00 5.0000000000000003e-02 1.0000000000000000e+00 -5.7500000000000000e+00
9.9999990000000005e-01 1.1052134461230557e+01 5.0000000000000003e-02 1.0000000000000000e+00 5.9440000000000000e+03 3.0801666107197238e-05 1.1565999788777383e-03 -1.0819818917192720e-18 -7.8468254903957274e-08 3.0880134362101173e-05 -2.9339162980940668e-06 1.1595338951758336e-03 2.7452287624480745e-21 -1.0847271204817203e-18 4.8186712916940451e+00 32 4 16 1.0000000000000000e+00 5.0000000000000003e-02 1.0000000000000000e+00 -7.0000000000000000e+00
9.9999999437658671e-01 1.1050509288732052e+01 5.0000000000000003e-02 1.0000000000000000e+00 5.9180000000000000e+03 3.0823328809353259e-05 1.1571649307148782e-03 4.0836990625071909e-18 -7.8550627543966938e-08 3.0901879436897249e-05 -2.9363663597446940e-06 1.1601012970746242e-03 -1.0362301959996155e-20 4.0940613644671937e-18 5.4679831713438034e+00 32 4 20 1.0000000000000000e+00 5.0000000000000003e-02 1.0000000000000000e+00 -8.2500000000000000e+00
9.9999999968377229e-01 1.1050120951548235e+01 5.0000000000000003e-02 1.0000000000000000e+00 5.9280000000000000e+03 3.0828507934409563e-05 1.1572999820374887e-03 1.1100325155417285e-18 -7.8570321725598143e-08 3.0907078256135127e-05 -2.9369520312008012e-06 1.1602369340686879e-03 -2.8178908063637177e-21 1.1128504063480925e-18 4.9498041188344359e+00 32 4 24 1.0000000000000000e+00 5.0000000000000003e-02 1.0000000000000000e+00 -9.5000000000000000e+00
9.9999999998221722e-01 1.1050028692281197e+01 5.0000000000000003e-02 1.0000000000000000e+00 5.9380000000000000e+03 3.0829738506098952e-05 1.1573320693080390e-03 6.1675042103177392e-18 -7.8575001536361873e-08 3.0908313507635355e-05 -2.9370911972606519e-06 1.1602691605053000e-03 -1.5651966108588656e-20 6.1831561764263281e-18 4.8482170701026917e+00 32 4 28 1.0000000000000000e+00 5.0000000000000003e-02 1.0000000000000000e+00 -1.0750000000000000e+01
9.9999999999900002e-01 1.1050006803743328e+01 5.0000000000000003e-02 1.0000000000000000e+00 5.9300000000000000e+03 3.0830030890380038e-05 1.1573396983732764e-03 6.1675448661443722e-18 -7.8576125465726380e-08 3.0908607015845740e-05 -2.9371247285025397e-06 1.1602768231017786e-03 -1.5652144798941237e-20 6.1831970109433114e-18 5.4361148560419679e+00 32 4 32 1.0000000000000000e+00 5.0000000000000003e-02 1.0000000000000000e+00 -1.2000000000000000e+01
9.8999999999999999e-01 1.1515631562979777e+01 1.0000000000000001e-01 1.0000000000000000e+00 6.0210000000000000e+03 2.5677416065973942e-05 1.0082203283698393e-03 6.2455506389040091e-18 -5.9346200266555854e-08 2.5736762266240514e-05 -2.2919950371516078e-06 1.0105123234069899e-03 -1.4197193696036943e-20 6.2597478326000400e-18 6.2452420489862561e+00 32 8 0 1.0000000000000000e+00 1.0000000000000001e-01 1.0000000000000000e+00 -2.0000000000000000e+00
9.9943765867480960e-01 1.1209542735726194e+01 1.0000000000000001e-01 1.0000000000000000e+00 5.9950000000000000e+03 2.9170411463771865e-05 1.1014405491412405e-03 -5.8437458280235554e-18 -7.3625732512389137e-08 2.9244037196284230e-05 -2.7348011754048193e-06 1.1041753503166455e-03 1.4508555530238474e-20 -5.8582543835537902e-18 5.9256470240652561e+00 32 8 4 1.0000000000000000e+00 1.0000000000000001e-01 1.0000000000000000e+00 -3.2500000000000000e+00
9.9996837722339826e-01 1.1127974265383026e+01 1.0000000000000001e-01 1.0000000000000000e+00 5.9960000000000000e+03 3.0205341282476857e-05 1.1284374681103026e-03 -8.0180304572529523e-18 -7.7663656160409309e-08 3.0283004938637299e-05 -2.8543549531798176e-06 1.1312918230634817e-03 2.0281411772627803e-20 -8.0383118690255750e-18 5.9002629797905684e+00 32 8 8 1.0000000000000000e+00 1.0000000000000001e-01 1.0000000000000000e+00 -4.5000000000000000e+00
9.9999822172058994e-01 1.1106814501240454e+01 1.0000000000000001e-01 1.0000000000000000e+00 6.0060000000000000e+03 3.0481513453815535e-05 1.1355962472788259e-03 5.0430604016275042e-18 -7.8730588817784496e-08 3.0560244042633329e-05 -2.8855748072198221e-06 1.1384818220860468e-03 -1.2814526361014987e-20 5.0558749279885165e-18 6.6945578400045633e+00 32 8 12 1.0000000000000000e+00 1.0000000000000001e-01 1.0000000000000000e+00 -5.7500000000000000e+00
9.9999990000000005e-01 1.1101627751230724e+01 1.0000000000000001e-01 1.0000000000000000e+00 6.0160000000000000e+03 3.0549699802151599e-05 1.1373608229764405e-03 4.0678509376127872e-18 -7.8993546424896178e-08 3.0628693348576495e-05 -2.8932474869881586e-06 1.1402540704634283e-03 -1.0349040286408178e-20 4.0781999778991916e-18 6.2043745154514909e+00 32 8 16 1.0000000000000000e+00 1.0000000000000001e-01 1.0000000000000000e+00 -7.0000000000000000e+00
9.9999999437658671e-01 1.1100386688723670e+01 1.0000000000000001e-01 1.0000000000000000e+00 6.0260000000000000e+03 3.0566043805392072e-05 1.1377836139087269e-03 -1.0105548521621518e-17 -7.9056553304150007e-08 3.0645100358696196e-05 -2.8950846830069694e-06 1.1406786985917339e-03 2.5713517386511704e-20 -1.0131262039008013e-17 6.9844324933364987e+00 32 8 20 1.0000000000000000e+00 1.0000000000000001e-01 1.0000000000000000e+00 -8.2500000000000000e+00
9.9999999968377229e-01 1.1100091737391917e+01 1.0000000000000001e-01 1.0000000000000000e+00 6.0000000000000000e+03 3.0569929757546267e-05 1.1378841270234714e-03 -9.0957971316740543e-18 -7.9071532620065458e-08 3.0649001290166308e-05 -2.8955213899853581e-06 1.1407796484134553e-03 2.3145656511285914e-20 -9.1189427881853364e-18 6.1587211219593883e+00 32 8 24 1.0000000000000000e+00 1.0000000000000001e-01 1.0000000000000000e+00 -9.5000000000000000e+00
9.9999999998221722e-01 1.1100021756577094e+01 1.0000000000000001e-01 1.0000000000000000e+00 6.0100000000000000e+03 3.0570851851225755e-05 1.1379079773208524e-03 2.0484829890081090e-18 -7.9075086934337288e-08 3.0649926938160090e-05 -2.8956250087390713e-06 1.1408036023295898e-03 -5.2138960743630450e-21 2.0536968850824700e-18 6.9735573381185532e+00 32 8 28 1.0000000000000000e+00 1.0000000000000001e-01 1.0000000000000000e+00 -1.0750000000000000e+01
9.9999999999900002e-01 1.1100005159728589e+01 1.0000000000000001e-01 1.0000000000000000e+00 6.0200000000000000e+03 3.0571070865389507e-05 1.1379136464356064e-03 9.1503382290369844e-18 -7.9075929738333030e-08 3.0650146795127838e-05 -2.8956495959000613e-06 1.1408092960315060e-03 -2.3287148407448996e-20 9.1736253774444319e-18 6.4931000526994467e+00 32 8 32 1.0000000000000000e+00 1.0000000000000001e-01 1.0000000000000000e+00 -1.2000000000000000e+01
9.8999999999999999e-01 1.1553584645049700e+01 1.5000000000000002e-01 1.0000000000000000e+00 6.1020000000000000e+03 2.5803355302063284e-05 9.9356997468502337e-04 2.2917983335147415e-20 -6.1576157116274445e-08 2.5864931459179544e-05 -2.2903828552774862e-06 9.9586035754029912e-04 -5.4690613918739245e-23 2.2972673949066142e-20 6.6647597821429372e+00 32 12 0 1.0000000000000000e+00 1.5000000000000002e-01 1.0000000000000000e+00 -2.0000000000000000e+00
9.9943765867480960e-01 1.1251310715604980e+01 1.5000000000000002e-01 1.0000000000000000e+00 6.0850000000000000e+03 2.9255523161652929e-05 1.0840074872054369e-03 -2.0035364868461073e-18 -7.6142603458558278e-08 2.9331665765111485e-05 -2.7261450902084259e-06 1.0867336322956432e-03 5.0454911278241751e-21 -2.0085819779739313e-18 6.7888574879616499e+00 32 12 4 1.0000000000000000e+00 1.5000000000000002e-01 1.0000000000000000e+00 -3.2500000000000000e+00
9.9996837722339826e-01 1.1174921013951145e+01 1.5000000000000002e-01 1.0000000000000000e+00 6.1040000000000000e+03 3.0223311621116337e-05 1.1088056112089528e-03 1.9159470447289019e-18 -8.0034196281834858e-08 3.0303345817398156e-05 -2.8374103574744904e-06 1.1116430215664251e-03 -4.8980840027337892e-21 1.9208451287316340e-18 6.9127974463626742e+00 32 12 8 1.0000000000000000e+00 1.5000000000000002e-01 1.0000000000000000e+00 -4.5000000000000000e+00
9.9999822172058994e-01 1.1155980660797614e+01 1.5000000000000002e-01 1.0000000000000000e+00 6.0780000000000000e+03 3.0469707780827934e-05 1.1150826920049996e-03 -9.0920477250346174e-19 -8.1013167144434757e-08 3.0550720947972380e-05 -2.8650810304075693e-06 1.1179477730354076e-03 2.3288407015924634e-21 -9.1153361320505312e-19 7.0139725059270859e+00 32 12 12 1.0000000000000000e+00 1.5000000000000002e-01 1.0000000000000000e+00 -5.7500000000000000e+00
9.9999990000000005e-01 1.1151422622906262e+01 1.5000000000000002e-01 1.0000000000000000e+00 6.0880000000000000e+03 3.0529391536603329e-05 1.1166009721303848e-03 8.9527835284908812e-18 -8.1249677892159020e-08 3.0610641214495549e-05 -2.8717476368034556e-06 1.1194727197671884e-03 -2.3027782711014340e-20 8.9758113112018851e-18 7.4898243583738804e+00 32 12 16 1.0000000000000000e+00 1.5000000000000002e-01 1.0000000000000000e+00 -7.0000000000000000e+00
9.9999999437658671e-01 1.1150337609458875e+01 1.5000000000000002e-01 1.0000000000000000e+00 6.0980000000000000e+03 3.0543621147954939e-05 1.1169628295112273e-03 7.9907546165587137e-18 -8.1306032071420664e-08 3.0624927180026349e-05 -2.8733350709132489e-06 1.1198361645821415e-03 -2.0560702146576010e-20 8.0113153187052987e-18 8.0190595975145698e+00 32 12 20 1.0000000000000000e+00 1.5000000000000002e-01 1.0000000000000000e+00 -8.2500000000000000e+00
9.9999999968377229e-01 1.1150080074089997e+01 1.5000000000000002e-01 1.0000000000000000e+00 6.1080000000000000e+03 3.0546999903052482e-05 1.1170487437489011e-03 -4.8792993814531395e-18 -8.1319411240767643e-08 3.0628319314293315e-05 -2.8737118889768781e-06 1.1199224556378781e-03 1.2545165982624436e-20 -4.8918445474357596e-18 7.4574588974937797e+00 32 12 24 1.0000000000000000e+00 1.5000000000000002e-01 1.0000000000000000e+00 -9.5000000000000000e+00
9.9999999998221722e-01 1.1150018989284975e+01 1.5000000000000002e-01 1.0000000000000000e+00 6.0820000000000000e+03 3.0547801330760262e-05 1.1170691212891274e-03 9.8673030726013389e-18 -8.1322584670151761e-08 3.0629123915430421e-05 -2.8738012622451064e-06 1.1199429225513730e-03 -2.5380024706854357e-20 9.8926830973081824e-18 7.4045441532507539e+00 32 12 28 1.0000000000000000e+00 1.5000000000000002e-01 1.0000000000000000e+00 -1.0750000000000000e+01
9.9999999999900002e-01 1.1150004503352974e+01 1.5000000000000002e-01 1.0000000000000000e+00 6.0920000000000000e+03 3.0547990877588338e-05 1.1170739343230719e-03 -3.0578790838138141e-18 -8.1323330009862004e-08 3.0629314207598214e-05 -2.8738221281219208e-06 1.1199477564511936e-03 7.8740892689624720e-21 -3.0657531730827776e-18 7.3370478944852948e+00 32 12 32 1.0000000000000000e+00 1.5000000000000002e-01 1.0000000000000000e+00 -1.2000000000000000e+01
9.8999999999999999e-01 1.1594990230460807e+01 2.0000000000000001e-01 1.0000000000000000e+00 6.2010000000000000e+03 2.6048384378435516e-05 9.7610894100042510e-04 4.4042013219835435e-18 -6.4809507544414367e-08 2.6113193885979936e-05 -2.2966588391937561e-06 9.7840559983961928e-04 -1.0371901309904203e-20 4.4145732232934376e-18 8.9930258598178625e+00 32 16 0 1.0000000000000000e+00 2.0000000000000001e-01 1.0000000000000000e+00 -2.0000000000000000e+00
9.9943765867480960e-01 1.1296096206764727e+01 2.0000000000000001e-01 1.0000000000000000e+00 6.1660000000000000e+03 2.9480238513226167e-05 1.0637084295706837e-03 1.8109746090304016e-18 -7.9894861721137303e-08 2.9560133374947261e-05 -2.7273702126687641e-06 1.0664357997833530e-03 -4.6319000547737479e-21 1.8156065090851740e-18 9.0888880249112844e+00 32 16 4 1.0000000000000000e+00 2.0000000000000001e-01 1.0000000000000000e+00 -3.2500000000000000e+00
9.9996837722339826e-01 1.1223200821727325e+01 2.0000000000000001e-01 1.0000000000000000e+00 6.1850000000000000e+03 3.0407244031779178e-05 1.0868651260834466e-03 5.7379667847686880e-18 -8.3771367805469514e-08 3.0491015399584646e-05 -2.8332400210279424e-06 1.0896983661044758e-03 -1.4949728024899323e-20 5.7529165127935798e-18 8.5176159050315619e+00 32 16 8 1.0000000000000000e+00 2.0000000000000001e-01 1.0000000000000000e+00 -4.5000000000000000e+00
9.9999822172058994e-01 1.1205532878292797e+01 2.0000000000000001e-01 1.0000000000000000e+00 6.1590000000000000e+03 3.0637701544833631e-05 1.0925907657056933e-03 5.4423490682668839e-20 -8.4722009535049698e-08 3.0722423554368670e-05 -2.8589114892271797e-06 1.0954496771949207e-03 -1.5049652108531874e-22 5.4573987203754139e-20 9.0167163554579020e+00 32 16 12 1.0000000000000000e+00 2.0000000000000001e-01 1.0000000000000000e+00 -5.7500000000000000e+00
9.9999990000000005e-01 1.1201313936886553e+01 2.0000000000000001e-01 1.0000000000000000e+00 6.1690000000000000e+03 3.0693071973462806e-05 1.0939646003784668e-03 -1.9432714999440513e-18 -8.4949681145202911e-08 3.0778021654608075e-05 -2.8650429720957890e-06 1.0968296433505622e-03 5.0893386786579757e-21 -1.9483608386227086e-18 8.7869283603504300e+00 32 16 16 1.0000000000000000e+00 2.0000000000000001e-01 1.0000000000000000e+00 -7.0000000000000000e+00
9.9999999437658671e-01 1.1200311691473075e+01 2.0000000000000001e-01 1.0000000000000000e+00 6.1790000000000000e+03 3.0706244996173075e-05 1.0942913417418068e-03 7.8026802609537790e-18 -8.5003804896874657e-08 3.0791248801069981e-05 -2.8664996535024056e-06 1.0971578413953064e-03 -2.0443203603651541e-20 7.8231234645574314e-18 8.9915262628346682e+00 32 16 20 1.0000000000000000e+00 2.0000000000000001e-01 1.0000000000000000e+00 -8.2500000000000000e+00
9.9999999968377229e-01 1.1200073919800712e+01 2.0000000000000001e-01 1.0000000000000000e+00 6.1890000000000000e+03 3.0709371240730194e-05 1.0943688787400513e-03 -2.8614336622278703e-18 -8.5016647337840139e-08 3.0794387888068050e-05 -2.8668452408539431e-06 1.0972357239809045e-03 7.4877903236779997e-21 -2.8689214525515431e-18 9.8193570915609598e+00 32 16 24 1.0000000000000000e+00 2.0000000000000001e-01 1.0000000000000000e+00 -9.5000000000000000e+00
9.9999999998221722e-01 1.1200017529620048e+01 2.0000000000000001e-01 1.0000000000000000e+00 6.1630000000000000e+03 3.0710112753960068e-05 1.0943872698479175e-03 -6.8040780911142101e-18 -8.5019693110424457e-08 3.0795132447070549e-05 -2.8669271983021720e-06 1.0972541970462200e-03 1.7824400078683336e-20 -6.8219024911928982e-18 9.0886395992711186e+00 32 16 28 1.0000000000000000e+00 2.0000000000000001e-01 1.0000000000000000e+00 -1.0750000000000000e+01
9.9999999999900002e-01 1.1200004157023482e+01 2.0000000000000001e-01 1.0000000000000000e+00 6.1730000000000000e+03 3.0710288265755940e-05 1.0943916206275252e-03 3.8335076499672319e-18 -8.5020427417075797e-08 3.0795308693173019e-05 -2.8669470436544601e-06 1.0972585676711805e-03 -1.0034415360656812e-20 3.8435420653278849e-18 8.9509107079356909e+00 32 16 32 1.0000000000000000e+00 2.0000000000000001e-01 1.0000000000000000e+00 -1.2000000000000000e+01
9.8999999999999999e-01 1.1639068657913203e+01 2.5000000000000000e-01 1.0000000000000000e+00 6.2370000000000000e+03 2.6370334143601047e-05 9.5558244044504140e-04 -8.9557082526092116e-19 -6.8825329806444238e-08 2.6439159473407467e-05 -2.3073793451927589e-06 9.5788981979023436e-04 2.1716228857876671e-21 -8.9774244814670928e-19 9.5118831004947424e+00 32 20 0 1.0000000000000000e+00 2.5000000000000000e-01 1.0000000000000000e+00 -2.0000000000000000e+00
9.9943765867480960e-01 1.1342720045326427e+01 2.5000000000000000e-01 1.0000000000000000e+00 6.2470000000000000e+03 2.9801589002909534e-05 1.0403938968199455e-03 8.9758627891803871e-19 -8.4626742438822291e-08 2.9886215745348342e-05 -2.7349310621054875e-06 1.0431288278820504e-03 -2.3539431023659509e-21 8.9994022202040593e-19 9.7573467679321766e+00 32 20 4 1.0000000000000000e+00 2.5000000000000000e-01 1.0000000000000000e+00 -3.2500000000000000e+00
9.9996837722339826e-01 1.1272155445585877e+01 2.5000000000000000e-01 1.0000000000000000e+00 6.2390000000000000e+03 3.0705642454604976e-05 1.0622720742819703e-03 8.4641121010548090e-18 -8.8580627368311989e-08 3.0794223081973267e-05 -2.8373392380939548e-06 1.0651094135200646e-03 -2.2601895924158950e-20 8.4867139969789730e-18 1.1191942309029400e+01 32 20 8 1.0000000000000000e+00 2.5000000000000000e-01 1.0000000000000000e+00 -4.5000000000000000e+00
9.9999822172058994e-01 1.1255266843913438e+01 2.5000000000000000e-01 1.0000000000000000e+00 6.2490000000000000e+03 3.0927429874674747e-05 1.0676115540083823e-03 -3.7379800199880839e-18 -8.9536227068769948e-08 3.1016966101743522e-05 -2.8618160675736279e-06 1.0704733700759538e-03 1.0008164800152177e-20 -3.7479881847882374e-18 1.1101851861923933e+01 32 20 12 1.0000000000000000e+00 2.5000000000000000e-01 1.0000000000000000e+00 -5.7500000000000000e+00
9.9999990000000005e-01 1.1251249751122641e+01 2.5000000000000000e-01 1.0000000000000000e+00 6.2590000000000000e+03 3.0980497828971113e-05 1.0688875541077225e-03 5.5032419206517447e-20 -8.9764048669042669e-08 3.1070261877640198e-05 -2.8676358985593944e-06 1.0717551900062809e-03 -1.5945298178551090e-22 5.5191872188303033e-20 1.0357983274385333e+01 32 20 16 1.0000000000000000e+00 2.5000000000000000e-01 1.0000000000000000e+00 -7.0000000000000000e+00
9.9999999437658671e-01 1.1250296407672190e+01 2.5000000000000000e-01 1.0000000000000000e+00 6.2690000000000000e+03 3.0993109805305344e-05 1.0691907141561416e-03 3.8260558867174616e-18 -8.9818145338153208e-08 3.1082927950643516e-05 -2.8690169475292488e-06 1.0720597311036663e-03 -1.0272570292584455e-20 3.8363284570100567e-18 1.0416992309503257e+01 32 20 20 1.0000000000000000e+00 2.5000000000000000e-01 1.0000000000000000e+00 -8.2500000000000000e+00
9.9999999968377229e-01 1.1250070291870744e+01 2.5000000000000000e-01 1.0000000000000000e+00 6.2430000000000000e+03 3.0996102140982710e-05 1.0692626372689282e-03 -1.9544521368606978e-18 -8.9830977755856628e-08 3.1085933118738607e-05 -2.8693445003536535e-06 1.0721319817692803e-03 5.2565515995253344e-21 -1.9597086884602274e-18 1.1067728962749243e+01 32 20 24 1.0000000000000000e+00 2.5000000000000000e-01 1.0000000000000000e+00 -9.5000000000000000e+00
9.9999999998221722e-01 1.1250016668968380e+01 2.5000000000000000e-01 1.0000000000000000e+00 6.2530000000000000e+03 3.0996811813262609e-05 1.0692796944232735e-03 6.6755087438041235e-18 -8.9834020665536791e-08 3.1086645833928139e-05 -2.8694221621959756e-06 1.0721491165854666e-03 -1.7919700528812220e-20 6.6934284443329333e-18 1.0411913277581334e+01 32 20 28 1.0000000000000000e+00 2.5000000000000000e-01 1.0000000000000000e+00 -1.0750000000000000e+01
9.9999999999900002e-01 1.1250003952626345e+01 2.5000000000000000e-01 1.0000000000000000e+00 6.2630000000000000e+03 3.0996980171744909e-05 1.0692837390524903e-03 8.2592546593249438e-20 -8.9834745566984596e-08 3.1086814917311908e-05 -2.8694406805452103e-06 1.0721531797330329e-03 -2.3936784705554172e-22 8.2831914440305139e-20 1.0489793282002211e+01 32 20 32 1.0000000000000000e+00 2.5000000000000000e-01 1.0000000000000000e+00 -1.2000000000000000e+01
9.8999999999999999e-01 1.1685235235381956e+01 3.0000000000000004e-01 1.0000000000000000e+00 6.3270000000000000e+03 2.6715578969493859e-05 9.3154869150781502e-04 -1.7259474915257589e-18 -7.3358335623784389e-08 2.6788937305117613e-05 -2.3181453228466507e-06 9.3386683683066259e-04 4.3133191707808609e-21 -1.7302608106965412e-18 1.0508751783519983e+01 32 24 0 1.0000000000000000e+00 3.0000000000000004e-01 1.0000000000000000e+00 -2.0000000000000000e+00
9.9943765867480960e-01 1.1390536860871268e+01 3.0000000000000004e-01 1.0000000000000000e+00 6.3550000000000000e+03 3.0159919056788207e-05 1.0135932637518618e-03 6.2481868640324811e-18 -9.0018171867617321e-08 3.0249937228655878e-05 -2.7437190187289966e-06 1.0163369827705894e-03 -1.6898479759823881e-20 6.2650853437922966e-18 1.1274234029464424e+01 32 24 4 1.0000000000000000e+00 3.0000000000000004e-01 1.0000000000000000e+00 -3.2500000000000000e+00
9.9996837722339826e-01 1.1321501325371916e+01 3.0000000000000004e-01 1.0000000000000000e+00 6.3380000000000000e+03 3.1052340189146737e-05 1.0344135869586734e-03 -8.1859543695200713e-18 -9.4111160085100606e-08 3.1146451349231857e-05 -2.8438680015238444e-06 1.0372574549601980e-03 2.2481997182541169e-20 -8.2084363667026307e-18 1.2565406746231019e+01 32 24 8 1.0000000000000000e+00 3.0000000000000004e-01 1.0000000000000000e+00 -4.5000000000000000e+00
9.9999822172058994e-01 1.1305102269471579e+01 3.0000000000000004e-01 1.0000000000000000e+00 6.3480000000000000e+03 3.1269556360101525e-05 1.0394559131368494e-03 -5.5115609165143941e-18 -9.5091642537488066e-08 3.1364648002638886e-05 -2.8675967089826855e-06 1.0423235098458315e-03 1.5197166735133473e-20 -5.5267580832495277e-18 1.2738393077626824e+01 32 24 12 1.0000000000000000e+00 3.0000000000000004e-01 1.0000000000000000e+00 -5.7500000000000000e+00
9.9999990000000005e-01 1.1301210162434460e+01 3.0000000000000004e-01 1.0000000000000000e+00 6.3220000000000000e+03 3.1321410626627238e-05 1.0406581830311188e-03 -7.4499591256069227e-18 -9.5324785527893805e-08 3.1416735412155020e-05 -2.8732240754310323e-06 1.0435314071065480e-03 2.0584815784822323e-20 -7.4705439413917275e-18 1.2529728289693594e+01 32 24 16 1.0000000000000000e+00 3.0000000000000004e-01 1.0000000000000000e+00 -7.0000000000000000e+00
9.9999999437658671e-01 1.1300286987683112e+01 3.0000000000000004e-01 1.0000000000000000e+00 6.3320000000000000e+03 3.1333727031115872e-05 1.0409436642105896e-03 -3.7538346750173176e-18 -9.5380109437645403e-08 3.1429107140553360e-05 -2.8745585845270553e-06 1.0438182227951170e-03 1.0381912713504975e-20 -3.7642165877308260e-18 1.2957843331620097e+01 32 24 20 1.0000000000000000e+00 3.0000000000000004e-01 1.0000000000000000e+00 -8.2500000000000000e+00
9.9999999968377229e-01 1.1300068056219688e+01 3.0000000000000004e-01 1.0000000000000000e+00 6.3420000000000000e+03 3.1336648831427753e-05 1.0410113838391221e-03 -4.5951866937025794e-18 -9.5393230880168227e-08 3.1432042062307881e-05 -2.8748750488687207e-06 1.0438862588879898e-03 1.2682283679644478e-20 -4.6078689773822297e-18 1.2730432288721204e+01 32 24 24 1.0000000000000000e+00 3.0000000000000004e-01 1.0000000000000000e+00 -9.5000000000000000e+00
9.9999999998221722e-01 1.1300016138651403e+01 3.0000000000000004e-01 1.0000000000000000e+00 6.3520000000000000e+03 3.1337341774116964e-05 1.0410274442054800e-03 6.4444936211176643e-18 -9.5396342842275004e-08 3.1432738116959203e-05 -2.8749500973695064e-06 1.0439023943028499e-03 -1.7789551466357781e-20 6.4622831725840064e-18 1.1770678848028183e+01 32 24 28 1.0000000000000000e+00 3.0000000000000004e-01 1.0000000000000000e+00 -1.0750000000000000e+01
9.9999999999900002e-01 1.1300003826679358e+01 3.0000000000000004e-01 1.0000000000000000e+00 6.3260000000000000e+03 3.1337505858977301e-05 1.0410312459390922e-03 -6.4445171117052950e-18 -9.5397075700022238e-08 3.1432902934677263e-05 -2.8749676906832836e-06 1.0439062136297762e-03 1.7789660197460750e-20 -6.4623067719027493e-18 1.1902105681598186e+01 32 24 32 1.0000000000000000e+00 3.0000000000000004e-01 1.0000000000000000e+00 -1.2000000000000000e+01
9.8999999999999999e-01 1.1733051202399627e+01 3.5000000000000003e-01 1.0000000000000000e+00 6.4170000000000000e+03 2.7020859106192207e-05 9.0341414014155652e-04 -5.5447525714601130e-18 -7.8102136066690766e-08 2.7098961242258852e-05 -2.3238173154356904e-06 9.0573795745699237e-04 1.4239644840907442e-20 -5.5589922163010159e-18 1.3417232480831444e+01 32 28 0 1.0000000000000000e+00 3.5000000000000003e-01 1.0000000000000000e+00 -2.0000000000000000e+00
9.9943765867480960e-01 1.1439168962420156e+01 3.5000000000000003e-01 1.0000000000000000e+00 6.4270000000000000e+03 3.0483499558276486e-05 9.8262829123138421e-04 3.4909969714341010e-18 -9.5696701345374072e-08 3.0579196259621889e-05 -2.7476103172539661e-06 9.8537590154863536e-04 -9.7614727581215494e-21 3.5007584441922126e-18 1.2287417797371745e+01 32 28 4 1.0000000000000000e+00 3.5000000000000003e-01 1.0000000000000000e+00 -3.2500000000000000e+00
9.9996837722339826e-01 1.1371095534142126e+01 3.5000000000000003e-01 1.0000000000000000e+00 6.4190000000000000e+03 3.1370607404672220e-05 1.0025111074078205e-03 -3.6173603174566349e-18 -9.9965031003970443e-08 3.1470572435676180e-05 -2.8461467839783986e-06 1.0053572541917997e-03 1.0289118177838875e-20 -3.6276494356344687e-18 1.2498776781372726e+01 32 28 8 1.0000000000000000e+00 3.5000000000000003e-01 1.0000000000000000e+00 -4.5000000000000000e+00
9.9999822172058994e-01 1.1355000643327859e+01 3.5000000000000003e-01 1.0000000000000000e+00 6.4290000000000000e+03 3.1585485047145024e-05 1.0073037015527362e-03 1.9015450043849429e-18 -1.0098178582029406e-07 3.1686466832965420e-05 -2.8693656725623672e-06 1.0101730672253005e-03 -5.4557767089899158e-21 1.9070007810939294e-18 1.2587694264017045e+01 32 28 12 1.0000000000000000e+00 3.5000000000000003e-01 1.0000000000000000e+00 -5.7500000000000000e+00
9.9999990000000005e-01 1.1351185746401406e+01 3.5000000000000003e-01 1.0000000000000000e+00 6.4030000000000000e+03 3.1636710776051372e-05 1.0084449029264695e-03 4.5626921325241382e-18 -1.0122316744367800e-07 3.1737933943495035e-05 -2.8748634915882936e-06 1.0113197664180591e-03 -1.3036671262753860e-20 4.5757288037868881e-18 1.3001890949904919e+01 32 28 16 1.0000000000000000e+00 3.5000000000000003e-01 1.0000000000000000e+00 -7.0000000000000000e+00
9.9999999437658671e-01 1.1350281179737859e+01 3.5000000000000003e-01 1.0000000000000000e+00 6.4130000000000000e+03 3.1648873755762431e-05 1.0087157936647651e-03 -4.4514881510409675e-18 -1.0128042360547309e-07 3.1750154179367901e-05 -2.8761667699035323e-06 1.0115919604346680e-03 1.2682791195850208e-20 -4.4641709422368112e-18 1.3026844100095332e+01 32 28 20 1.0000000000000000e+00 3.5000000000000003e-01 1.0000000000000000e+00 -8.2500000000000000e+00
9.9999999968377229e-01 1.1350066677931983e+01 3.5000000000000003e-01 1.0000000000000000e+00 6.4230000000000000e+03 3.1651758924822968e-05 1.0087800471813265e-03 -6.3561739045814400e-18 -1.0129400209058243e-07 3.1753052926913583e-05 -2.8764758007952121e-06 1.0116565229821226e-03 1.8153667557497350e-20 -6.3743275721389321e-18 1.3041073319502175e+01 32 28 24 1.0000000000000000e+00 3.5000000000000003e-01 1.0000000000000000e+00 -9.5000000000000000e+00
9.9999999998221722e-01 1.1350015811884450e+01 3.5000000000000003e-01 1.0000000000000000e+00 6.4330000000000000e+03 3.1652443134683205e-05 1.0087952841322456e-03 -5.6226033846022015e-20 -1.0129722230394014e-07 3.1753740356987189e-05 -2.8765490870256047e-06 1.0116718332192718e-03 1.7994001365185166e-22 -5.6405973859673956e-20 1.3162026223726571e+01 32 28 28 1.0000000000000000e+00 3.5000000000000003e-01 1.0000000000000000e+00 -1.0750000000000000e+01
9.9999999999900002e-01 1.1350003749368748e+01 3.5000000000000003e-01 1.0000000000000000e+00 6.4430000000000000e+03 3.1652605218530851e-05 1.0087988902778107e-03 4.4237406990461702e-18 -1.0129797506727473e-07 3.1753903193598083e-05 -2.8765661580223388e-06 1.0116754564358319e-03 -1.2594578571147578e-20 4.4363352776173202e-18 1.3187159766443074e+01 32 28 32 1.0000000000000000e+00 3.5000000000000003e-01 1.0000000000000000e+00 -1.2000000000000000e+01
9.8999999999999999e-01 1.1782185235603935e+01 4.0000000000000002e-01 1.0000000000000000e+00 6.4980000000000000e+03 2.7214928761717040e-05 8.7046879550093249e-04 -4.6146178826978962e-18 -8.2710700868463227e-08 2.7297639462585510e-05 -2.3187105057055215e-06 8.7278750600663663e-04 1.2283109936608013e-20 -4.6269009926344965e-18 1.5588485423475504e+01 32 32 0 1.0000000000000000e+00 4.0000000000000002e-01 1.0000000000000000e+00 -2.0000000000000000e+00
9.9943765867480960e-01 1.1488382091925379e+01 4.0000000000000002e-01 1.0000000000000000e+00 6.5170000000000000e+03 3.0691240182384968e-05 9.4668038006426899e-04 -2.5769818461874448e-18 -1.0124131376897662e-07 3.0792481496153915e-05 -2.7397966408662340e-06 9.4942017670513531e-04 7.4801254524962445e-21 -2.5844619716399367e-18 1.5588520708493888e+01 32 32 4 1.0000000000000000e+00 4.0000000000000002e-01 1.0000000000000000e+00 -3.2500000000000000e+00
9.9996837722339826e-01 1.1420857851100159e+01 4.0000000000000002e-01 1.0000000000000000e+00 6.4910000000000000e+03 3.1575200737137885e-05 9.6567170072275486e-04 -3.5148882960655499e-18 -1.0569797299478605e-07 3.1680898710132675e-05 -2.8369152004080467e-06 9.6850861592316293e-04 1.0360383413946776e-20 -3.5252486794794959e-18 1.4965552093461156e+01 32 32 8 1.0000000000000000e+00 4.0000000000000002e-01 1.0000000000000000e+00 -4.5000000000000000e+00
9.9999822172058994e-01 1.1404940998936517e+01 4.0000000000000002e-01 1.0000000000000000e+00 6.5010000000000000e+03 3.1788665700739909e-05 9.7023596595015879e-04 6.8092391551913149e-18 -1.0675574137179313e-07 3.1895421442111690e-05 -2.8597200968632523e-06 9.7309568604702279e-04 -2.0035078974336959e-20 6.8292742341656490e-18 1.5262898170389235e+01 32 32 12 1.0000000000000000e+00 4.0000000000000002e-01 1.0000000000000000e+00 -5.7500000000000000e+00
9.9999990000000005e-01 1.1401171411676895e+01 4.0000000000000002e-01 1.0000000000000000e+00 6.5110000000000000e+03 3.1839511993127844e-05 9.7132191714198490e-04 -7.7078061535932321e-18 -1.0700660648369335e-07 3.1946518599611532e-05 -2.8651146072557553e-06 9.7418703174923958e-04 2.2712514759901206e-20 -7.7305186683531185e-18 1.5974848944693804e+01 32 32 16 1.0000000000000000e+00 4.0000000000000002e-01 1.0000000000000000e+00 -7.0000000000000000e+00
9.9999999437658671e-01 1.1400277769624227e+01 4.0000000000000002e-01 1.0000000000000000e+00 6.4850000000000000e+03 3.1851582386835247e-05 9.7157964148349423e-04 -7.7381347471613303e-18 -1.0706609733480006e-07 3.1958648484169996e-05 -2.8663930866333739e-06 9.7444603457012759e-04 2.2817722540194375e-20 -7.7609524697015257e-18 1.5160272216424346e+01 32 32 20 1.0000000000000000e+00 4.0000000000000002e-01 1.0000000000000000e+00 -8.2500000000000000e+00
9.9999999968377229e-01 1.1400065868632899e+01 4.0000000000000002e-01 1.0000000000000000e+00 6.4950000000000000e+03 3.1854445451976307e-05 9.7164076910100734e-04 -2.8292431021960152e-20 -1.0708020491713009e-07 3.1961525656893475e-05 -2.8666962192693090e-06 9.7450746532027797e-04 9.5106327184462180e-23 -2.8387537349144654e-20 1.5651945516467094e+01 32 32 24 1.0000000000000000e+00 4.0000000000000002e-01 1.0000000000000000e+00 -9.5000000000000000e+00
9.9999999998221722e-01 1.1400015619780667e+01 4.0000000000000002e-01 1.0000000000000000e+00 6.5050000000000000e+03 3.1855124406440315e-05 9.7165526475810041e-04 8.9129627160082170e-19 -1.0708354988478116e-07 3.1962207956325076e-05 -2.8667680907710629e-06 9.7452203284887186e-04 -2.6413108506203379e-21 8.9393758245144301e-19 1.7484209035523236e+01 32 32 28 1.0000000000000000e+00 4.0000000000000002e-01 1.0000000000000000e+00 -1.0750000000000000e+01
9.9999999999900002e-01 1.1400003704077978e+01 4.0000000000000002e-01 1.0000000000000000e+00 6.5150000000000000e+03 3.1855285043253858e-05 9.7165868928064452e-04 -2.5607256606707211e-18 -1.0708433833643719e-07 3.1962369381590287e-05 -2.8667850236606635e-06 9.7452547430430553e-04 7.5435397774064410e-21 -2.5682692004481264e-18 1.5566747762262821e+01 32 32 32 1.0000000000000000e+00 4.0000000000000002e-01 1.0000000000000000e+00 -1.2000000000000000e+01
